"data_type","day_index","event_date","observed","fitted_mean","pit","in_50","in_95"
"gear",2,"2024-09-17",30,30.908,0.5546,TRUE,TRUE
"gear",3,"2024-09-18",29,30.908,0.5309,TRUE,TRUE
"gear",4,"2024-09-19",55,30.908,0.9061,FALSE,TRUE
"gear",5,"2024-09-20",29,30.908,0.5309,TRUE,TRUE
"gear",6,"2024-09-21",48,63.068,0.3928,TRUE,TRUE
"gear",9,"2024-09-24",50,30.908,0.8682,FALSE,TRUE
"gear",10,"2024-09-25",13,30.908,0.1273,FALSE,TRUE
"gear",12,"2024-09-27",34,30.908,0.6419,TRUE,TRUE
"gear",13,"2024-09-28",79,63.068,0.7329,TRUE,TRUE
"gear",16,"2024-10-01",30,29.438,0.5885,TRUE,TRUE
"gear",18,"2024-10-03",45,29.438,0.842,FALSE,TRUE
"gear",19,"2024-10-04",29,29.438,0.5648,TRUE,TRUE
"gear",20,"2024-10-05",72,59.989,0.7053,TRUE,TRUE
"gear",23,"2024-10-08",30,29.438,0.5885,TRUE,TRUE
"gear",24,"2024-10-09",29,29.438,0.5648,TRUE,TRUE
"gear",26,"2024-10-11",14,29.438,0.1641,FALSE,TRUE
"gear",27,"2024-10-12",62,59.989,0.6023,TRUE,TRUE
"gear",28,"2024-10-13",64,59.989,0.6247,TRUE,TRUE
"gear",30,"2024-10-15",27,27.582,0.5586,TRUE,TRUE
"gear",31,"2024-10-16",37,27.582,0.7706,FALSE,TRUE
"gear",32,"2024-10-17",43,27.582,0.852,FALSE,TRUE
"gear",33,"2024-10-18",39,27.582,0.8012,FALSE,TRUE
"gear",34,"2024-10-19",62,56.376,0.646,TRUE,TRUE
"gear",36,"2024-10-21",29,27.582,0.609,TRUE,TRUE
"gear",37,"2024-10-22",25,27.582,0.5047,TRUE,TRUE
"gear",38,"2024-10-23",35,27.582,0.7363,TRUE,TRUE
"gear",39,"2024-10-24",24,27.582,0.4766,TRUE,TRUE
"gear",40,"2024-10-25",10,27.582,0.0919,FALSE,TRUE
"gear",41,"2024-10-26",36,56.376,0.288,TRUE,TRUE
"gear",42,"2024-10-27",18,56.376,0.064,FALSE,TRUE
"gear",45,"2024-10-30",18,25.743,0.3438,TRUE,TRUE
"gear",46,"2024-10-31",12,25.743,0.1617,FALSE,TRUE
"gear",47,"2024-11-01",33,25.743,0.7421,TRUE,TRUE
"gear",48,"2024-11-02",79,52.536,0.8353,FALSE,TRUE
"gear",51,"2024-11-05",8,25.743,0.069,FALSE,TRUE
"gear",52,"2024-11-06",17,25.743,0.3119,TRUE,TRUE
"gear",53,"2024-11-07",25,25.743,0.5563,TRUE,TRUE
"gear",54,"2024-11-08",36,25.743,0.7934,FALSE,TRUE
"gear",55,"2024-11-09",22,52.536,0.123,FALSE,TRUE
"gear",59,"2024-11-13",25,24.956,0.5785,TRUE,TRUE
"gear",60,"2024-11-14",43,24.956,0.8909,FALSE,TRUE
"gear",61,"2024-11-15",46,24.956,0.9147,FALSE,TRUE
"gear",62,"2024-11-16",57,50.92,0.659,TRUE,TRUE
"gear",65,"2024-11-19",13,24.956,0.204,FALSE,TRUE
"gear",66,"2024-11-20",0,24.956,4e-04,FALSE,FALSE
"gear",67,"2024-11-21",15,24.956,0.2664,TRUE,TRUE
"gear",68,"2024-11-22",6,24.956,0.0408,FALSE,TRUE
"gear",69,"2024-11-23",23,50.92,0.147,FALSE,TRUE
"gear",72,"2024-11-26",26,31.32,0.4559,TRUE,TRUE
"gear",73,"2024-11-27",33,31.32,0.6175,TRUE,TRUE
"gear",75,"2024-11-29",51,64.309,0.5111,TRUE,TRUE
"gear",76,"2024-11-30",123,63.693,0.9299,FALSE,TRUE
"catch",2,"2024-09-17",3,5.316,0.3836,TRUE,TRUE
"catch",2,"2024-09-17",27,14.618,0.8622,FALSE,TRUE
"catch",2,"2024-09-17",0,2.658,0.1028,FALSE,TRUE
"catch",2,"2024-09-17",1,2.658,0.3102,TRUE,TRUE
"catch",3,"2024-09-18",0,2.658,0.1028,FALSE,TRUE
"catch",3,"2024-09-18",3,2.658,0.65,TRUE,TRUE
"catch",3,"2024-09-18",0,2.658,0.1028,FALSE,TRUE
"catch",3,"2024-09-18",12,5.316,0.9079,FALSE,TRUE
"catch",4,"2024-09-19",0,2.658,0.1028,FALSE,TRUE
"catch",4,"2024-09-19",5,2.658,0.8377,FALSE,TRUE
"catch",4,"2024-09-19",0,2.658,0.1028,FALSE,TRUE
"catch",5,"2024-09-20",11,13.289,0.5188,TRUE,TRUE
"catch",5,"2024-09-20",2,2.658,0.5003,TRUE,TRUE
"catch",5,"2024-09-20",1,2.658,0.3102,TRUE,TRUE
"catch",5,"2024-09-20",6,3.987,0.7695,FALSE,TRUE
"catch",5,"2024-09-20",0,3.987,0.0659,FALSE,TRUE
"catch",5,"2024-09-20",6,3.987,0.7695,FALSE,TRUE
"catch",5,"2024-09-20",0,2.658,0.1028,FALSE,TRUE
"catch",6,"2024-09-21",11,3.375,0.9679,FALSE,TRUE
"catch",6,"2024-09-21",2,2.25,0.5609,TRUE,TRUE
"catch",6,"2024-09-21",6,5.624,0.6321,TRUE,TRUE
"catch",6,"2024-09-21",3,2.25,0.7106,TRUE,TRUE
"catch",6,"2024-09-21",0,1.125,0.2123,FALSE,TRUE
"catch",6,"2024-09-21",1,2.25,0.3576,TRUE,TRUE
"catch",6,"2024-09-21",1,1.125,0.5665,TRUE,TRUE
"catch",6,"2024-09-21",0,1.125,0.2123,FALSE,TRUE
"catch",6,"2024-09-21",3,4.5,0.4456,TRUE,TRUE
"catch",6,"2024-09-21",4,4.5,0.5558,TRUE,TRUE
"catch",6,"2024-09-21",3,4.5,0.4456,TRUE,TRUE
"catch",6,"2024-09-21",0,1.125,0.2123,FALSE,TRUE
"catch",6,"2024-09-21",5,3.375,0.76,FALSE,TRUE
"catch",6,"2024-09-21",0,2.25,0.1211,FALSE,TRUE
"catch",6,"2024-09-21",0,4.5,0.0571,FALSE,TRUE
"catch",6,"2024-09-21",4,4.5,0.5558,TRUE,TRUE
"catch",6,"2024-09-21",6,3.375,0.826,FALSE,TRUE
"catch",6,"2024-09-21",4,3.375,0.672,TRUE,TRUE
"catch",6,"2024-09-21",0,4.5,0.0571,FALSE,TRUE
"catch",6,"2024-09-21",2,4.5,0.3191,TRUE,TRUE
"catch",6,"2024-09-21",4,2.25,0.8136,FALSE,TRUE
"catch",6,"2024-09-21",6,2.25,0.9257,FALSE,TRUE
"catch",9,"2024-09-24",7,23.921,0.1675,FALSE,TRUE
"catch",9,"2024-09-24",0,1.329,0.1888,FALSE,TRUE
"catch",9,"2024-09-24",0,1.329,0.1888,FALSE,TRUE
"catch",9,"2024-09-24",3,5.316,0.3836,TRUE,TRUE
"catch",9,"2024-09-24",6,7.974,0.482,TRUE,TRUE
"catch",9,"2024-09-24",9,7.974,0.6583,TRUE,TRUE
"catch",9,"2024-09-24",5,2.658,0.8377,FALSE,TRUE
"catch",9,"2024-09-24",0,1.329,0.1888,FALSE,TRUE
"catch",9,"2024-09-24",6,1.329,0.9832,FALSE,FALSE
"catch",9,"2024-09-24",6,2.658,0.8914,FALSE,TRUE
"catch",9,"2024-09-24",9,3.987,0.9022,FALSE,TRUE
"catch",10,"2024-09-25",0,5.316,0.0465,FALSE,TRUE
"catch",10,"2024-09-25",3,1.329,0.8638,FALSE,TRUE
"catch",10,"2024-09-25",3,5.316,0.3836,TRUE,TRUE
"catch",10,"2024-09-25",2,3.987,0.358,TRUE,TRUE
"catch",10,"2024-09-25",10,2.658,0.9795,FALSE,FALSE
"catch",10,"2024-09-25",2,2.658,0.5003,TRUE,TRUE
"catch",10,"2024-09-25",7,3.987,0.8259,FALSE,TRUE
"catch",12,"2024-09-27",0,2.658,0.1028,FALSE,TRUE
"catch",12,"2024-09-27",0,2.658,0.1028,FALSE,TRUE
"catch",12,"2024-09-27",4,2.658,0.7599,FALSE,TRUE
"catch",12,"2024-09-27",6,5.316,0.6559,TRUE,TRUE
"catch",12,"2024-09-27",2,2.658,0.5003,TRUE,TRUE
"catch",12,"2024-09-27",0,1.329,0.1888,FALSE,TRUE
"catch",12,"2024-09-27",5,5.316,0.5783,TRUE,TRUE
"catch",12,"2024-09-27",3,2.658,0.65,TRUE,TRUE
"catch",12,"2024-09-27",12,5.316,0.9079,FALSE,TRUE
"catch",12,"2024-09-27",3,2.658,0.65,TRUE,TRUE
"catch",12,"2024-09-27",0,5.316,0.0465,FALSE,TRUE
"catch",12,"2024-09-27",2,1.329,0.7375,TRUE,TRUE
"catch",13,"2024-09-28",0,2.25,0.1211,FALSE,TRUE
"catch",13,"2024-09-28",2,2.25,0.5609,TRUE,TRUE
"catch",13,"2024-09-28",1,2.25,0.3576,TRUE,TRUE
"catch",13,"2024-09-28",2,2.25,0.5609,TRUE,TRUE
"catch",13,"2024-09-28",4,2.25,0.8136,FALSE,TRUE
"catch",13,"2024-09-28",2,3.375,0.4149,TRUE,TRUE
"catch",13,"2024-09-28",6,4.5,0.7238,TRUE,TRUE
"catch",13,"2024-09-28",0,2.25,0.1211,FALSE,TRUE
"catch",13,"2024-09-28",14,4.5,0.9659,FALSE,TRUE
"catch",13,"2024-09-28",2,4.5,0.3191,TRUE,TRUE
"catch",13,"2024-09-28",0,2.25,0.1211,FALSE,TRUE
"catch",13,"2024-09-28",0,1.125,0.2123,FALSE,TRUE
"catch",13,"2024-09-28",0,1.125,0.2123,FALSE,TRUE
"catch",13,"2024-09-28",0,2.25,0.1211,FALSE,TRUE
"catch",13,"2024-09-28",2,1.125,0.7843,FALSE,TRUE
"catch",13,"2024-09-28",1,2.25,0.3576,TRUE,TRUE
"catch",13,"2024-09-28",0,2.25,0.1211,FALSE,TRUE
"catch",13,"2024-09-28",8,4.5,0.833,FALSE,TRUE
"catch",13,"2024-09-28",6,2.25,0.9257,FALSE,TRUE
"catch",13,"2024-09-28",3,3.375,0.5578,TRUE,TRUE
"catch",13,"2024-09-28",7,10.124,0.4447,TRUE,TRUE
"catch",13,"2024-09-28",3,2.25,0.7106,TRUE,TRUE
"catch",13,"2024-09-28",14,6.749,0.8891,FALSE,TRUE
"catch",13,"2024-09-28",0,2.25,0.1211,FALSE,TRUE
"catch",13,"2024-09-28",6,2.25,0.9257,FALSE,TRUE
"catch",13,"2024-09-28",0,4.5,0.0571,FALSE,TRUE
"catch",13,"2024-09-28",5,3.375,0.76,FALSE,TRUE
"catch",13,"2024-09-28",0,2.25,0.1211,FALSE,TRUE
"catch",13,"2024-09-28",3,2.25,0.7106,TRUE,TRUE
"catch",13,"2024-09-28",1,2.25,0.3576,TRUE,TRUE
"catch",13,"2024-09-28",6,4.5,0.7238,TRUE,TRUE
"catch",13,"2024-09-28",5,2.25,0.8817,FALSE,TRUE
"catch",13,"2024-09-28",4,2.25,0.8136,FALSE,TRUE
"catch",13,"2024-09-28",5,4.5,0.6482,TRUE,TRUE
"catch",13,"2024-09-28",4,2.25,0.8136,FALSE,TRUE
"catch",13,"2024-09-28",0,6.749,0.0342,FALSE,TRUE
"catch",16,"2024-10-01",1,1.508,0.4781,TRUE,TRUE
"catch",16,"2024-10-01",0,1.508,0.1715,FALSE,TRUE
"catch",16,"2024-10-01",13,4.524,0.9546,FALSE,TRUE
"catch",16,"2024-10-01",1,1.508,0.4781,TRUE,TRUE
"catch",16,"2024-10-01",0,4.524,0.0567,FALSE,TRUE
"catch",16,"2024-10-01",0,3.016,0.0901,FALSE,TRUE
"catch",16,"2024-10-01",2,3.016,0.4546,TRUE,TRUE
"catch",16,"2024-10-01",0,3.016,0.0901,FALSE,TRUE
"catch",16,"2024-10-01",6,4.524,0.7216,TRUE,TRUE
"catch",16,"2024-10-01",3,3.016,0.6016,TRUE,TRUE
"catch",16,"2024-10-01",11,6.033,0.8472,FALSE,TRUE
"catch",18,"2024-10-03",6,3.016,0.8592,FALSE,TRUE
"catch",18,"2024-10-03",1,6.033,0.1304,FALSE,TRUE
"catch",18,"2024-10-03",0,1.508,0.1715,FALSE,TRUE
"catch",18,"2024-10-03",2,1.508,0.6985,TRUE,TRUE
"catch",18,"2024-10-03",2,6.033,0.2349,FALSE,TRUE
"catch",18,"2024-10-03",6,6.033,0.602,TRUE,TRUE
"catch",18,"2024-10-03",1,1.508,0.4781,TRUE,TRUE
"catch",18,"2024-10-03",1,7.541,0.0987,FALSE,TRUE
"catch",18,"2024-10-03",7,4.524,0.7826,FALSE,TRUE
"catch",18,"2024-10-03",6,3.016,0.8592,FALSE,TRUE
"catch",18,"2024-10-03",5,4.524,0.6459,TRUE,TRUE
"catch",18,"2024-10-03",2,3.016,0.4546,TRUE,TRUE
"catch",18,"2024-10-03",2,9.049,0.1455,FALSE,TRUE
"catch",18,"2024-10-03",4,3.016,0.7147,TRUE,TRUE
"catch",19,"2024-10-04",10,3.016,0.9683,FALSE,TRUE
"catch",19,"2024-10-04",3,10.557,0.1813,FALSE,TRUE
"catch",19,"2024-10-04",0,3.016,0.0901,FALSE,TRUE
"catch",19,"2024-10-04",3,3.016,0.6016,TRUE,TRUE
"catch",19,"2024-10-04",2,4.524,0.3173,TRUE,TRUE
"catch",19,"2024-10-04",8,6.033,0.7255,TRUE,TRUE
"catch",20,"2024-10-05",0,3.83,0.0691,FALSE,TRUE
"catch",20,"2024-10-05",1,2.554,0.3214,TRUE,TRUE
"catch",20,"2024-10-05",1,5.107,0.1589,FALSE,TRUE
"catch",20,"2024-10-05",0,1.277,0.1945,FALSE,TRUE
"catch",20,"2024-10-05",5,7.661,0.4265,TRUE,TRUE
"catch",20,"2024-10-05",0,2.554,0.1071,FALSE,TRUE
"catch",20,"2024-10-05",2,1.277,0.7493,TRUE,TRUE
"catch",20,"2024-10-05",14,3.83,0.9811,FALSE,FALSE
"catch",20,"2024-10-05",2,1.277,0.7493,TRUE,TRUE
"catch",20,"2024-10-05",3,2.554,0.665,TRUE,TRUE
"catch",20,"2024-10-05",0,1.277,0.1945,FALSE,TRUE
"catch",20,"2024-10-05",2,2.554,0.515,TRUE,TRUE
"catch",20,"2024-10-05",0,2.554,0.1071,FALSE,TRUE
"catch",20,"2024-10-05",0,2.554,0.1071,FALSE,TRUE
"catch",20,"2024-10-05",6,2.554,0.9005,FALSE,TRUE
"catch",20,"2024-10-05",5,6.384,0.5011,TRUE,TRUE
"catch",20,"2024-10-05",10,7.661,0.7215,TRUE,TRUE
"catch",20,"2024-10-05",3,3.83,0.5081,TRUE,TRUE
"catch",20,"2024-10-05",42,15.321,0.958,FALSE,TRUE
"catch",20,"2024-10-05",9,15.321,0.3756,TRUE,TRUE
"catch",23,"2024-10-08",6,6.033,0.602,TRUE,TRUE
"catch",23,"2024-10-08",3,6.033,0.3393,TRUE,TRUE
"catch",23,"2024-10-08",9,3.016,0.9537,FALSE,TRUE
"catch",23,"2024-10-08",10,3.016,0.9683,FALSE,TRUE
"catch",23,"2024-10-08",7,4.524,0.7826,FALSE,TRUE
"catch",23,"2024-10-08",7,6.033,0.6686,TRUE,TRUE
"catch",24,"2024-10-09",2,1.508,0.6985,TRUE,TRUE
"catch",24,"2024-10-09",2,3.016,0.4546,TRUE,TRUE
"catch",24,"2024-10-09",6,3.016,0.8592,FALSE,TRUE
"catch",24,"2024-10-09",12,6.033,0.875,FALSE,TRUE
"catch",24,"2024-10-09",12,6.033,0.875,FALSE,TRUE
"catch",24,"2024-10-09",8,6.033,0.7255,TRUE,TRUE
"catch",24,"2024-10-09",1,3.016,0.2762,TRUE,TRUE
"catch",26,"2024-10-11",1,1.508,0.4781,TRUE,TRUE
"catch",26,"2024-10-11",0,3.016,0.0901,FALSE,TRUE
"catch",26,"2024-10-11",5,6.033,0.5247,TRUE,TRUE
"catch",26,"2024-10-11",8,6.033,0.7255,TRUE,TRUE
"catch",27,"2024-10-12",1,2.554,0.3214,TRUE,TRUE
"catch",27,"2024-10-12",5,5.107,0.5954,TRUE,TRUE
"catch",27,"2024-10-12",1,1.277,0.5288,TRUE,TRUE
"catch",27,"2024-10-12",5,3.83,0.7127,TRUE,TRUE
"catch",27,"2024-10-12",5,7.661,0.4265,TRUE,TRUE
"catch",27,"2024-10-12",2,3.83,0.3715,TRUE,TRUE
"catch",27,"2024-10-12",4,5.107,0.5039,TRUE,TRUE
"catch",27,"2024-10-12",0,2.554,0.1071,FALSE,TRUE
"catch",27,"2024-10-12",0,2.554,0.1071,FALSE,TRUE
"catch",27,"2024-10-12",8,5.107,0.7897,FALSE,TRUE
"catch",27,"2024-10-12",4,1.277,0.937,FALSE,TRUE
"catch",27,"2024-10-12",6,7.661,0.4992,TRUE,TRUE
"catch",28,"2024-10-13",2,1.277,0.7493,TRUE,TRUE
"catch",28,"2024-10-13",6,3.83,0.7839,FALSE,TRUE
"catch",28,"2024-10-13",8,6.384,0.7023,TRUE,TRUE
"catch",28,"2024-10-13",4,6.384,0.4151,TRUE,TRUE
"catch",28,"2024-10-13",1,1.277,0.5288,TRUE,TRUE
"catch",28,"2024-10-13",10,3.83,0.9346,FALSE,TRUE
"catch",28,"2024-10-13",0,5.107,0.0489,FALSE,TRUE
"catch",28,"2024-10-13",4,2.554,0.7735,FALSE,TRUE
"catch",30,"2024-10-15",3,1.296,0.8694,FALSE,TRUE
"catch",30,"2024-10-15",1,2.592,0.3167,TRUE,TRUE
"catch",30,"2024-10-15",1,1.296,0.5239,TRUE,TRUE
"catch",30,"2024-10-15",4,2.592,0.7684,FALSE,TRUE
"catch",30,"2024-10-15",0,2.592,0.1052,FALSE,TRUE
"catch",30,"2024-10-15",7,3.888,0.8339,FALSE,TRUE
"catch",30,"2024-10-15",6,5.184,0.6661,TRUE,TRUE
"catch",30,"2024-10-15",0,2.592,0.1052,FALSE,TRUE
"catch",30,"2024-10-15",5,5.184,0.5886,TRUE,TRUE
"catch",30,"2024-10-15",4,2.592,0.7684,FALSE,TRUE
"catch",30,"2024-10-15",1,5.184,0.1556,FALSE,TRUE
"catch",30,"2024-10-15",6,2.592,0.8973,FALSE,TRUE
"catch",30,"2024-10-15",6,2.592,0.8973,FALSE,TRUE
"catch",31,"2024-10-16",2,5.184,0.276,TRUE,TRUE
"catch",31,"2024-10-16",4,2.592,0.7684,FALSE,TRUE
"catch",31,"2024-10-16",0,1.296,0.1922,FALSE,TRUE
"catch",31,"2024-10-16",6,2.592,0.8973,FALSE,TRUE
"catch",31,"2024-10-16",5,2.592,0.8449,FALSE,TRUE
"catch",31,"2024-10-16",4,3.888,0.6152,TRUE,TRUE
"catch",31,"2024-10-16",0,5.184,0.0478,FALSE,TRUE
"catch",31,"2024-10-16",2,2.592,0.5091,TRUE,TRUE
"catch",31,"2024-10-16",0,2.592,0.1052,FALSE,TRUE
"catch",31,"2024-10-16",8,5.184,0.7842,FALSE,TRUE
"catch",31,"2024-10-16",8,10.369,0.4893,TRUE,TRUE
"catch",31,"2024-10-16",3,2.592,0.6591,TRUE,TRUE
"catch",31,"2024-10-16",0,1.296,0.1922,FALSE,TRUE
"catch",31,"2024-10-16",3,2.592,0.6591,TRUE,TRUE
"catch",31,"2024-10-16",6,5.184,0.6661,TRUE,TRUE
"catch",32,"2024-10-17",1,3.888,0.214,FALSE,TRUE
"catch",32,"2024-10-17",3,2.592,0.6591,TRUE,TRUE
"catch",32,"2024-10-17",4,1.296,0.935,FALSE,TRUE
"catch",32,"2024-10-17",4,1.296,0.935,FALSE,TRUE
"catch",32,"2024-10-17",1,2.592,0.3167,TRUE,TRUE
"catch",32,"2024-10-17",6,1.296,0.9846,FALSE,FALSE
"catch",32,"2024-10-17",7,3.888,0.8339,FALSE,TRUE
"catch",32,"2024-10-17",5,5.184,0.5886,TRUE,TRUE
"catch",32,"2024-10-17",1,1.296,0.5239,TRUE,TRUE
"catch",32,"2024-10-17",4,3.888,0.6152,TRUE,TRUE
"catch",32,"2024-10-17",0,1.296,0.1922,FALSE,TRUE
"catch",32,"2024-10-17",6,2.592,0.8973,FALSE,TRUE
"catch",32,"2024-10-17",10,5.184,0.8628,FALSE,TRUE
"catch",32,"2024-10-17",1,2.592,0.3167,TRUE,TRUE
"catch",32,"2024-10-17",5,2.592,0.8449,FALSE,TRUE
"catch",32,"2024-10-17",2,2.592,0.5091,TRUE,TRUE
"catch",32,"2024-10-17",0,2.592,0.1052,FALSE,TRUE
"catch",32,"2024-10-17",1,5.184,0.1556,FALSE,TRUE
"catch",32,"2024-10-17",7,5.184,0.7309,TRUE,TRUE
"catch",32,"2024-10-17",8,5.184,0.7842,FALSE,TRUE
"catch",33,"2024-10-18",3,7.777,0.2589,TRUE,TRUE
"catch",33,"2024-10-18",3,5.184,0.3922,TRUE,TRUE
"catch",33,"2024-10-18",2,7.777,0.1748,FALSE,TRUE
"catch",33,"2024-10-18",0,2.592,0.1052,FALSE,TRUE
"catch",33,"2024-10-18",1,2.592,0.3167,TRUE,TRUE
"catch",33,"2024-10-18",4,1.296,0.935,FALSE,TRUE
"catch",33,"2024-10-18",3,3.888,0.5016,TRUE,TRUE
"catch",33,"2024-10-18",0,2.592,0.1052,FALSE,TRUE
"catch",33,"2024-10-18",0,1.296,0.1922,FALSE,TRUE
"catch",33,"2024-10-18",4,2.592,0.7684,FALSE,TRUE
"catch",33,"2024-10-18",3,2.592,0.6591,TRUE,TRUE
"catch",33,"2024-10-18",1,3.888,0.214,FALSE,TRUE
"catch",33,"2024-10-18",0,7.777,0.0281,FALSE,TRUE
"catch",33,"2024-10-18",1,1.296,0.5239,TRUE,TRUE
"catch",33,"2024-10-18",1,2.592,0.3167,TRUE,TRUE
"catch",33,"2024-10-18",9,1.296,0.9983,FALSE,FALSE
"catch",33,"2024-10-18",0,3.888,0.0677,FALSE,TRUE
"catch",33,"2024-10-18",0,2.592,0.1052,FALSE,TRUE
"catch",33,"2024-10-18",5,2.592,0.8449,FALSE,TRUE
"catch",33,"2024-10-18",9,7.777,0.6689,TRUE,TRUE
"catch",33,"2024-10-18",4,2.592,0.7684,FALSE,TRUE
"catch",33,"2024-10-18",4,2.592,0.7684,FALSE,TRUE
"catch",34,"2024-10-19",0,2.197,0.1239,FALSE,TRUE
"catch",34,"2024-10-19",5,6.59,0.4879,TRUE,TRUE
"catch",34,"2024-10-19",5,2.197,0.8872,FALSE,TRUE
"catch",34,"2024-10-19",0,2.197,0.1239,FALSE,TRUE
"catch",34,"2024-10-19",1,2.197,0.3646,TRUE,TRUE
"catch",34,"2024-10-19",2,6.59,0.2128,FALSE,TRUE
"catch",34,"2024-10-19",4,2.197,0.8207,FALSE,TRUE
"catch",34,"2024-10-19",0,2.197,0.1239,FALSE,TRUE
"catch",34,"2024-10-19",6,4.394,0.7332,TRUE,TRUE
"catch",34,"2024-10-19",4,5.492,0.4745,TRUE,TRUE
"catch",34,"2024-10-19",0,3.295,0.0819,FALSE,TRUE
"catch",34,"2024-10-19",1,2.197,0.3646,TRUE,TRUE
"catch",34,"2024-10-19",1,1.098,0.5735,TRUE,TRUE
"catch",34,"2024-10-19",5,6.59,0.4879,TRUE,TRUE
"catch",34,"2024-10-19",2,3.295,0.4234,TRUE,TRUE
"catch",34,"2024-10-19",2,4.394,0.3267,TRUE,TRUE
"catch",34,"2024-10-19",2,4.394,0.3267,TRUE,TRUE
"catch",34,"2024-10-19",0,2.197,0.1239,FALSE,TRUE
"catch",36,"2024-10-21",0,2.592,0.1052,FALSE,TRUE
"catch",36,"2024-10-21",0,1.296,0.1922,FALSE,TRUE
"catch",36,"2024-10-21",0,2.592,0.1052,FALSE,TRUE
"catch",36,"2024-10-21",8,3.888,0.8762,FALSE,TRUE
"catch",36,"2024-10-21",0,1.296,0.1922,FALSE,TRUE
"catch",36,"2024-10-21",0,1.296,0.1922,FALSE,TRUE
"catch",36,"2024-10-21",4,3.888,0.6152,TRUE,TRUE
"catch",36,"2024-10-21",3,2.592,0.6591,TRUE,TRUE
"catch",36,"2024-10-21",0,10.369,0.0189,FALSE,FALSE
"catch",36,"2024-10-21",9,10.369,0.5406,TRUE,TRUE
"catch",36,"2024-10-21",0,2.592,0.1052,FALSE,TRUE
"catch",36,"2024-10-21",0,2.592,0.1052,FALSE,TRUE
"catch",36,"2024-10-21",1,3.888,0.214,FALSE,TRUE
"catch",36,"2024-10-21",1,2.592,0.3167,TRUE,TRUE
"catch",36,"2024-10-21",6,2.592,0.8973,FALSE,TRUE
"catch",37,"2024-10-22",1,1.296,0.5239,TRUE,TRUE
"catch",37,"2024-10-22",0,2.592,0.1052,FALSE,TRUE
"catch",37,"2024-10-22",17,7.777,0.9056,FALSE,TRUE
"catch",37,"2024-10-22",0,3.888,0.0677,FALSE,TRUE
"catch",37,"2024-10-22",7,5.184,0.7309,TRUE,TRUE
"catch",37,"2024-10-22",0,2.592,0.1052,FALSE,TRUE
"catch",37,"2024-10-22",12,5.184,0.9139,FALSE,TRUE
"catch",37,"2024-10-22",1,5.184,0.1556,FALSE,TRUE
"catch",38,"2024-10-23",0,2.592,0.1052,FALSE,TRUE
"catch",38,"2024-10-23",7,6.48,0.6377,TRUE,TRUE
"catch",38,"2024-10-23",17,10.369,0.817,FALSE,TRUE
"catch",38,"2024-10-23",5,3.888,0.7067,TRUE,TRUE
"catch",39,"2024-10-24",4,1.296,0.935,FALSE,TRUE
"catch",39,"2024-10-24",1,1.296,0.5239,TRUE,TRUE
"catch",39,"2024-10-24",2,2.592,0.5091,TRUE,TRUE
"catch",39,"2024-10-24",4,1.296,0.935,FALSE,TRUE
"catch",39,"2024-10-24",8,5.184,0.7842,FALSE,TRUE
"catch",39,"2024-10-24",3,2.592,0.6591,TRUE,TRUE
"catch",39,"2024-10-24",4,3.888,0.6152,TRUE,TRUE
"catch",40,"2024-10-25",6,2.592,0.8973,FALSE,TRUE
"catch",41,"2024-10-26",6,4.394,0.7332,TRUE,TRUE
"catch",41,"2024-10-26",0,4.394,0.0588,FALSE,TRUE
"catch",41,"2024-10-26",4,4.394,0.5657,TRUE,TRUE
"catch",41,"2024-10-26",2,6.59,0.2128,FALSE,TRUE
"catch",41,"2024-10-26",3,1.098,0.9021,FALSE,TRUE
"catch",41,"2024-10-26",1,2.197,0.3646,TRUE,TRUE
"catch",41,"2024-10-26",1,1.098,0.5735,TRUE,TRUE
"catch",41,"2024-10-26",8,7.689,0.6222,TRUE,TRUE
"catch",41,"2024-10-26",7,3.295,0.881,FALSE,TRUE
"catch",41,"2024-10-26",3,2.197,0.719,TRUE,TRUE
"catch",41,"2024-10-26",8,6.59,0.689,TRUE,TRUE
"catch",41,"2024-10-26",2,3.295,0.4234,TRUE,TRUE
"catch",42,"2024-10-27",11,2.197,0.9939,FALSE,FALSE
"catch",42,"2024-10-27",0,3.295,0.0819,FALSE,TRUE
"catch",42,"2024-10-27",5,6.59,0.4879,TRUE,TRUE
"catch",42,"2024-10-27",2,4.394,0.3267,TRUE,TRUE
"catch",42,"2024-10-27",0,2.197,0.1239,FALSE,TRUE
"catch",45,"2024-10-30",2,2.954,0.4623,TRUE,TRUE
"catch",45,"2024-10-30",16,17.722,0.5574,TRUE,TRUE
"catch",45,"2024-10-30",4,2.954,0.7226,TRUE,TRUE
"catch",46,"2024-10-31",15,11.815,0.7129,TRUE,TRUE
"catch",46,"2024-10-31",10,5.907,0.821,FALSE,TRUE
"catch",47,"2024-11-01",0,2.954,0.0921,FALSE,TRUE
"catch",47,"2024-11-01",1,2.954,0.2818,TRUE,TRUE
"catch",47,"2024-11-01",3,1.477,0.8386,FALSE,TRUE
"catch",47,"2024-11-01",5,7.384,0.4413,TRUE,TRUE
"catch",47,"2024-11-01",6,5.907,0.6112,TRUE,TRUE
"catch",47,"2024-11-01",5,5.907,0.5338,TRUE,TRUE
"catch",47,"2024-11-01",6,2.954,0.8649,FALSE,TRUE
"catch",47,"2024-11-01",2,2.954,0.4623,TRUE,TRUE
"catch",47,"2024-11-01",3,1.477,0.8386,FALSE,TRUE
"catch",47,"2024-11-01",12,5.907,0.8809,FALSE,TRUE
"catch",47,"2024-11-01",3,2.954,0.6099,TRUE,TRUE
"catch",47,"2024-11-01",6,2.954,0.8649,FALSE,TRUE
"catch",48,"2024-11-02",6,2.5,0.9051,FALSE,TRUE
"catch",48,"2024-11-02",7,17.497,0.2477,FALSE,TRUE
"catch",48,"2024-11-02",7,2.5,0.9384,FALSE,TRUE
"catch",48,"2024-11-02",1,4.999,0.1628,FALSE,TRUE
"catch",48,"2024-11-02",2,1.25,0.7554,FALSE,TRUE
"catch",48,"2024-11-02",5,2.5,0.855,FALSE,TRUE
"catch",48,"2024-11-02",1,1.25,0.5352,TRUE,TRUE
"catch",48,"2024-11-02",3,2.5,0.6729,TRUE,TRUE
"catch",48,"2024-11-02",5,4.999,0.6044,TRUE,TRUE
"catch",48,"2024-11-02",0,2.5,0.1094,FALSE,TRUE
"catch",48,"2024-11-02",0,1.25,0.1975,FALSE,TRUE
"catch",48,"2024-11-02",1,2.5,0.3274,TRUE,TRUE
"catch",48,"2024-11-02",8,4.999,0.7974,FALSE,TRUE
"catch",48,"2024-11-02",1,9.998,0.068,FALSE,TRUE
"catch",48,"2024-11-02",0,4.999,0.0502,FALSE,TRUE
"catch",48,"2024-11-02",5,7.499,0.4351,TRUE,TRUE
"catch",48,"2024-11-02",0,2.5,0.1094,FALSE,TRUE
"catch",48,"2024-11-02",4,4.999,0.5127,TRUE,TRUE
"catch",48,"2024-11-02",1,4.999,0.1628,FALSE,TRUE
"catch",48,"2024-11-02",0,2.5,0.1094,FALSE,TRUE
"catch",48,"2024-11-02",0,2.5,0.1094,FALSE,TRUE
"catch",48,"2024-11-02",0,2.5,0.1094,FALSE,TRUE
"catch",48,"2024-11-02",2,2.5,0.5228,TRUE,TRUE
"catch",48,"2024-11-02",6,2.5,0.9051,FALSE,TRUE
"catch",48,"2024-11-02",5,3.749,0.721,TRUE,TRUE
"catch",48,"2024-11-02",2,1.25,0.7554,FALSE,TRUE
"catch",48,"2024-11-02",5,4.999,0.6044,TRUE,TRUE
"catch",48,"2024-11-02",0,1.25,0.1975,FALSE,TRUE
"catch",48,"2024-11-02",0,4.999,0.0502,FALSE,TRUE
"catch",48,"2024-11-02",2,2.5,0.5228,TRUE,TRUE
"catch",51,"2024-11-05",0,2.954,0.0921,FALSE,TRUE
"catch",51,"2024-11-05",3,1.477,0.8386,FALSE,TRUE
"catch",51,"2024-11-05",0,4.43,0.0582,FALSE,TRUE
"catch",52,"2024-11-06",2,1.477,0.7052,TRUE,TRUE
"catch",52,"2024-11-06",1,5.907,0.1338,FALSE,TRUE
"catch",52,"2024-11-06",1,5.907,0.1338,FALSE,TRUE
"catch",52,"2024-11-06",3,2.954,0.6099,TRUE,TRUE
"catch",52,"2024-11-06",5,2.954,0.8054,FALSE,TRUE
"catch",52,"2024-11-06",5,2.954,0.8054,FALSE,TRUE
"catch",53,"2024-11-07",2,1.477,0.7052,TRUE,TRUE
"catch",53,"2024-11-07",5,2.954,0.8054,FALSE,TRUE
"catch",53,"2024-11-07",0,4.43,0.0582,FALSE,TRUE
"catch",53,"2024-11-07",1,5.907,0.1338,FALSE,TRUE
"catch",53,"2024-11-07",6,2.954,0.8649,FALSE,TRUE
"catch",54,"2024-11-08",0,2.954,0.0921,FALSE,TRUE
"catch",54,"2024-11-08",3,2.954,0.6099,TRUE,TRUE
"catch",54,"2024-11-08",0,2.954,0.0921,FALSE,TRUE
"catch",54,"2024-11-08",2,2.954,0.4623,TRUE,TRUE
"catch",54,"2024-11-08",12,4.43,0.9442,FALSE,TRUE
"catch",54,"2024-11-08",2,2.954,0.4623,TRUE,TRUE
"catch",54,"2024-11-08",1,1.477,0.4846,TRUE,TRUE
"catch",54,"2024-11-08",4,2.954,0.7226,TRUE,TRUE
"catch",54,"2024-11-08",8,5.907,0.7341,TRUE,TRUE
"catch",54,"2024-11-08",0,2.954,0.0921,FALSE,TRUE
"catch",54,"2024-11-08",6,2.954,0.8649,FALSE,TRUE
"catch",54,"2024-11-08",6,2.954,0.8649,FALSE,TRUE
"catch",54,"2024-11-08",12,5.907,0.8809,FALSE,TRUE
"catch",54,"2024-11-08",2,2.954,0.4623,TRUE,TRUE
"catch",55,"2024-11-09",12,4.999,0.9215,FALSE,TRUE
"catch",55,"2024-11-09",1,3.749,0.2228,FALSE,TRUE
"catch",55,"2024-11-09",7,9.998,0.45,TRUE,TRUE
"catch",55,"2024-11-09",3,3.749,0.5165,TRUE,TRUE
"catch",55,"2024-11-09",0,2.5,0.1094,FALSE,TRUE
"catch",55,"2024-11-09",3,2.5,0.6729,TRUE,TRUE
"catch",55,"2024-11-09",9,2.5,0.9744,FALSE,TRUE
"catch",55,"2024-11-09",8,6.249,0.7112,TRUE,TRUE
"catch",55,"2024-11-09",1,3.749,0.2228,FALSE,TRUE
"catch",55,"2024-11-09",6,2.5,0.9051,FALSE,TRUE
"catch",55,"2024-11-09",11,7.499,0.7698,FALSE,TRUE
"catch",55,"2024-11-09",1,1.25,0.5352,TRUE,TRUE
"catch",55,"2024-11-09",1,4.999,0.1628,FALSE,TRUE
"catch",55,"2024-11-09",10,6.249,0.8012,FALSE,TRUE
"catch",55,"2024-11-09",0,2.5,0.1094,FALSE,TRUE
"catch",55,"2024-11-09",18,7.499,0.9275,FALSE,TRUE
"catch",55,"2024-11-09",1,1.25,0.5352,TRUE,TRUE
"catch",55,"2024-11-09",4,3.749,0.6304,TRUE,TRUE
"catch",59,"2024-11-13",0,1.202,0.2031,FALSE,TRUE
"catch",59,"2024-11-13",4,3.605,0.6463,TRUE,TRUE
"catch",59,"2024-11-13",5,4.807,0.6211,TRUE,TRUE
"catch",59,"2024-11-13",5,4.807,0.6211,TRUE,TRUE
"catch",59,"2024-11-13",3,4.807,0.4211,TRUE,TRUE
"catch",59,"2024-11-13",1,4.807,0.1704,FALSE,TRUE
"catch",59,"2024-11-13",2,2.403,0.5373,TRUE,TRUE
"catch",59,"2024-11-13",12,4.807,0.9294,FALSE,TRUE
"catch",60,"2024-11-14",0,2.403,0.1138,FALSE,TRUE
"catch",60,"2024-11-14",6,2.403,0.9131,FALSE,TRUE
"catch",60,"2024-11-14",3,3.605,0.5322,TRUE,TRUE
"catch",60,"2024-11-14",1,1.202,0.5471,TRUE,TRUE
"catch",60,"2024-11-14",2,2.403,0.5373,TRUE,TRUE
"catch",60,"2024-11-14",0,2.403,0.1138,FALSE,TRUE
"catch",60,"2024-11-14",1,1.202,0.5471,TRUE,TRUE
"catch",60,"2024-11-14",2,1.202,0.7665,FALSE,TRUE
"catch",60,"2024-11-14",4,3.605,0.6463,TRUE,TRUE
"catch",60,"2024-11-14",0,2.403,0.1138,FALSE,TRUE
"catch",60,"2024-11-14",7,4.807,0.7604,FALSE,TRUE
"catch",60,"2024-11-14",8,4.807,0.8111,FALSE,TRUE
"catch",60,"2024-11-14",2,2.403,0.5373,TRUE,TRUE
"catch",60,"2024-11-14",1,2.403,0.3388,TRUE,TRUE
"catch",60,"2024-11-14",1,2.403,0.3388,TRUE,TRUE
"catch",61,"2024-11-15",0,2.403,0.1138,FALSE,TRUE
"catch",61,"2024-11-15",0,4.807,0.0528,FALSE,TRUE
"catch",61,"2024-11-15",0,2.403,0.1138,FALSE,TRUE
"catch",61,"2024-11-15",2,2.403,0.5373,TRUE,TRUE
"catch",61,"2024-11-15",3,2.403,0.6873,TRUE,TRUE
"catch",61,"2024-11-15",0,4.807,0.0528,FALSE,TRUE
"catch",61,"2024-11-15",0,2.403,0.1138,FALSE,TRUE
"catch",61,"2024-11-15",13,7.21,0.8463,FALSE,TRUE
"catch",61,"2024-11-15",12,4.807,0.9294,FALSE,TRUE
"catch",61,"2024-11-15",1,2.403,0.3388,TRUE,TRUE
"catch",61,"2024-11-15",4,2.403,0.7933,FALSE,TRUE
"catch",61,"2024-11-15",0,2.403,0.1138,FALSE,TRUE
"catch",61,"2024-11-15",1,2.403,0.3388,TRUE,TRUE
"catch",61,"2024-11-15",0,2.403,0.1138,FALSE,TRUE
"catch",61,"2024-11-15",3,2.403,0.6873,TRUE,TRUE
"catch",61,"2024-11-15",3,2.403,0.6873,TRUE,TRUE
"catch",61,"2024-11-15",0,2.403,0.1138,FALSE,TRUE
"catch",61,"2024-11-15",3,4.807,0.4211,TRUE,TRUE
"catch",61,"2024-11-15",9,9.614,0.5754,TRUE,TRUE
"catch",61,"2024-11-15",0,2.403,0.1138,FALSE,TRUE
"catch",61,"2024-11-15",1,2.403,0.3388,TRUE,TRUE
"catch",61,"2024-11-15",0,2.403,0.1138,FALSE,TRUE
"catch",61,"2024-11-15",3,2.403,0.6873,TRUE,TRUE
"catch",61,"2024-11-15",0,2.403,0.1138,FALSE,TRUE
"catch",61,"2024-11-15",0,2.403,0.1138,FALSE,TRUE
"catch",62,"2024-11-16",1,2.036,0.3877,TRUE,TRUE
"catch",62,"2024-11-16",4,1.018,0.9628,FALSE,TRUE
"catch",62,"2024-11-16",1,2.036,0.3877,TRUE,TRUE
"catch",62,"2024-11-16",5,3.054,0.7946,FALSE,TRUE
"catch",62,"2024-11-16",0,6.108,0.0391,FALSE,TRUE
"catch",62,"2024-11-16",0,4.072,0.0646,FALSE,TRUE
"catch",62,"2024-11-16",8,6.108,0.7209,TRUE,TRUE
"catch",62,"2024-11-16",5,1.018,0.984,FALSE,FALSE
"catch",62,"2024-11-16",8,4.072,0.8632,FALSE,TRUE
"catch",62,"2024-11-16",1,3.054,0.2737,TRUE,TRUE
"catch",62,"2024-11-16",0,1.018,0.2268,FALSE,TRUE
"catch",62,"2024-11-16",0,2.036,0.1333,FALSE,TRUE
"catch",62,"2024-11-16",1,1.018,0.5958,TRUE,TRUE
"catch",62,"2024-11-16",0,2.036,0.1333,FALSE,TRUE
"catch",62,"2024-11-16",1,1.018,0.5958,TRUE,TRUE
"catch",62,"2024-11-16",4,3.054,0.7105,TRUE,TRUE
"catch",62,"2024-11-16",0,2.036,0.1333,FALSE,TRUE
"catch",62,"2024-11-16",7,2.036,0.9651,FALSE,TRUE
"catch",62,"2024-11-16",0,2.036,0.1333,FALSE,TRUE
"catch",62,"2024-11-16",0,1.018,0.2268,FALSE,TRUE
"catch",62,"2024-11-16",5,2.036,0.9036,FALSE,TRUE
"catch",62,"2024-11-16",3,2.036,0.7449,TRUE,TRUE
"catch",62,"2024-11-16",3,4.072,0.4849,TRUE,TRUE
"catch",62,"2024-11-16",6,6.108,0.5975,TRUE,TRUE
"catch",62,"2024-11-16",6,3.054,0.8556,FALSE,TRUE
"catch",62,"2024-11-16",0,2.036,0.1333,FALSE,TRUE
"catch",62,"2024-11-16",2,1.018,0.8098,FALSE,TRUE
"catch",62,"2024-11-16",2,2.036,0.5972,TRUE,TRUE
"catch",62,"2024-11-16",11,4.072,0.942,FALSE,TRUE
"catch",62,"2024-11-16",0,2.036,0.1333,FALSE,TRUE
"catch",65,"2024-11-19",5,3.605,0.7359,TRUE,TRUE
"catch",65,"2024-11-19",0,1.202,0.2031,FALSE,TRUE
"catch",65,"2024-11-19",0,1.202,0.2031,FALSE,TRUE
"catch",65,"2024-11-19",0,2.403,0.1138,FALSE,TRUE
"catch",65,"2024-11-19",1,2.403,0.3388,TRUE,TRUE
"catch",65,"2024-11-19",0,2.403,0.1138,FALSE,TRUE
"catch",65,"2024-11-19",1,2.403,0.3388,TRUE,TRUE
"catch",65,"2024-11-19",0,4.807,0.0528,FALSE,TRUE
"catch",67,"2024-11-21",10,6.009,0.8152,FALSE,TRUE
"catch",67,"2024-11-21",0,1.202,0.2031,FALSE,TRUE
"catch",67,"2024-11-21",1,2.403,0.3388,TRUE,TRUE
"catch",67,"2024-11-21",9,4.807,0.8516,FALSE,TRUE
"catch",67,"2024-11-21",7,3.605,0.8566,FALSE,TRUE
"catch",68,"2024-11-22",1,4.807,0.1704,FALSE,TRUE
"catch",68,"2024-11-22",6,4.807,0.6977,TRUE,TRUE
"catch",69,"2024-11-23",6,2.036,0.9418,FALSE,TRUE
"catch",69,"2024-11-23",1,2.036,0.3877,TRUE,TRUE
"catch",69,"2024-11-23",2,4.072,0.3519,TRUE,TRUE
"catch",69,"2024-11-23",5,6.108,0.5205,TRUE,TRUE
"catch",69,"2024-11-23",18,8.144,0.9085,FALSE,TRUE
"catch",69,"2024-11-23",2,4.072,0.3519,TRUE,TRUE
"catch",69,"2024-11-23",7,2.036,0.9651,FALSE,TRUE
"catch",69,"2024-11-23",6,2.036,0.9418,FALSE,TRUE
"catch",69,"2024-11-23",0,2.036,0.1333,FALSE,TRUE
"catch",72,"2024-11-26",12,3.288,0.9789,FALSE,FALSE
"catch",72,"2024-11-26",0,3.288,0.0826,FALSE,TRUE
"catch",72,"2024-11-26",1,3.288,0.2555,TRUE,TRUE
"catch",72,"2024-11-26",18,9.864,0.8542,FALSE,TRUE
"catch",72,"2024-11-26",7,4.932,0.7509,FALSE,TRUE
"catch",72,"2024-11-26",5,3.288,0.7695,FALSE,TRUE
"catch",72,"2024-11-26",3,3.288,0.569,TRUE,TRUE
"catch",72,"2024-11-26",6,3.288,0.834,FALSE,TRUE
"catch",72,"2024-11-26",6,3.288,0.834,FALSE,TRUE
"catch",73,"2024-11-27",2,6.576,0.2146,FALSE,TRUE
"catch",73,"2024-11-27",3,3.288,0.569,TRUE,TRUE
"catch",73,"2024-11-27",24,13.152,0.857,FALSE,TRUE
"catch",73,"2024-11-27",3,4.932,0.4126,TRUE,TRUE
"catch",73,"2024-11-27",6,3.288,0.834,FALSE,TRUE
"catch",73,"2024-11-27",6,3.288,0.834,FALSE,TRUE
"catch",73,"2024-11-27",10,9.864,0.6119,TRUE,TRUE
"catch",73,"2024-11-27",5,6.576,0.4901,TRUE,TRUE
"catch",75,"2024-11-29",8,2.567,0.9554,FALSE,TRUE
"catch",75,"2024-11-29",0,2.567,0.1081,FALSE,TRUE
"catch",75,"2024-11-29",2,1.284,0.7487,TRUE,TRUE
"catch",75,"2024-11-29",0,2.567,0.1081,FALSE,TRUE
"catch",75,"2024-11-29",0,1.284,0.1953,FALSE,TRUE
"catch",75,"2024-11-29",7,2.567,0.9325,FALSE,TRUE
"catch",75,"2024-11-29",6,5.135,0.6731,TRUE,TRUE
"catch",75,"2024-11-29",8,7.702,0.6249,TRUE,TRUE
"catch",75,"2024-11-29",2,2.567,0.5165,TRUE,TRUE
"catch",75,"2024-11-29",1,5.135,0.161,FALSE,TRUE
"catch",75,"2024-11-29",3,1.284,0.8711,FALSE,TRUE
"catch",75,"2024-11-29",6,2.567,0.8983,FALSE,TRUE
"catch",75,"2024-11-29",4,3.851,0.6226,TRUE,TRUE
"catch",75,"2024-11-29",1,3.851,0.2203,FALSE,TRUE
"catch",75,"2024-11-29",0,1.284,0.1953,FALSE,TRUE
"catch",75,"2024-11-29",5,2.567,0.8473,FALSE,TRUE
"catch",75,"2024-11-29",3,1.284,0.8711,FALSE,TRUE
"catch",75,"2024-11-29",0,1.284,0.1953,FALSE,TRUE
"catch",75,"2024-11-29",6,3.851,0.7827,FALSE,TRUE
"catch",75,"2024-11-29",3,2.567,0.6652,TRUE,TRUE
"catch",75,"2024-11-29",16,20.539,0.4953,TRUE,TRUE
"catch",75,"2024-11-29",3,7.702,0.2671,TRUE,TRUE
"catch",75,"2024-11-29",5,3.851,0.7125,TRUE,TRUE
"catch",75,"2024-11-29",0,1.284,0.1953,FALSE,TRUE
"catch",75,"2024-11-29",2,2.567,0.5165,TRUE,TRUE
"catch",75,"2024-11-29",2,7.702,0.1812,FALSE,TRUE
"catch",75,"2024-11-29",1,5.135,0.161,FALSE,TRUE
"catch",75,"2024-11-29",3,5.135,0.4011,TRUE,TRUE
"catch",75,"2024-11-29",6,6.418,0.5793,TRUE,TRUE
"catch",75,"2024-11-29",4,5.135,0.5061,TRUE,TRUE
"catch",75,"2024-11-29",3,2.567,0.6652,TRUE,TRUE
"catch",75,"2024-11-29",6,3.851,0.7827,FALSE,TRUE
"catch",75,"2024-11-29",3,3.851,0.51,TRUE,TRUE
"catch",76,"2024-11-30",7,4.168,0.8113,FALSE,TRUE
"catch",76,"2024-11-30",12,5.558,0.8968,FALSE,TRUE
"catch",76,"2024-11-30",2,1.389,0.7243,TRUE,TRUE
"catch",76,"2024-11-30",2,5.558,0.2577,TRUE,TRUE
"catch",76,"2024-11-30",4,2.779,0.7446,TRUE,TRUE
"catch",76,"2024-11-30",3,1.389,0.8535,FALSE,TRUE
"catch",76,"2024-11-30",0,2.779,0.0985,FALSE,TRUE
"catch",76,"2024-11-30",1,5.558,0.1444,FALSE,TRUE
"catch",76,"2024-11-30",2,1.389,0.7243,TRUE,TRUE
"catch",76,"2024-11-30",4,2.779,0.7446,TRUE,TRUE
"catch",76,"2024-11-30",10,4.168,0.9177,FALSE,TRUE
"catch",76,"2024-11-30",6,9.726,0.4018,TRUE,TRUE
"catch",76,"2024-11-30",2,5.558,0.2577,TRUE,TRUE
"catch",76,"2024-11-30",5,4.168,0.6797,TRUE,TRUE
"catch",76,"2024-11-30",2,6.947,0.201,FALSE,TRUE
"catch",76,"2024-11-30",0,2.779,0.0985,FALSE,TRUE
"catch",76,"2024-11-30",2,2.779,0.4849,TRUE,TRUE
"catch",76,"2024-11-30",2,2.779,0.4849,TRUE,TRUE
"catch",76,"2024-11-30",0,5.558,0.0442,FALSE,TRUE
"catch",76,"2024-11-30",0,8.337,0.0258,FALSE,TRUE
"catch",76,"2024-11-30",5,5.558,0.5602,TRUE,TRUE
"catch",76,"2024-11-30",8,6.947,0.6668,TRUE,TRUE
"catch",76,"2024-11-30",2,5.558,0.2577,TRUE,TRUE
"catch",76,"2024-11-30",6,2.779,0.8805,FALSE,TRUE
"catch",76,"2024-11-30",6,2.779,0.8805,FALSE,TRUE
"catch",76,"2024-11-30",5,4.168,0.6797,TRUE,TRUE
"catch",76,"2024-11-30",1,5.558,0.1444,FALSE,TRUE
"catch",76,"2024-11-30",12,5.558,0.8968,FALSE,TRUE
"catch",76,"2024-11-30",6,2.779,0.8805,FALSE,TRUE
"catch",76,"2024-11-30",3,5.558,0.3686,TRUE,TRUE
"catch",76,"2024-11-30",2,1.389,0.7243,TRUE,TRUE
"catch",76,"2024-11-30",7,8.337,0.5286,TRUE,TRUE
"catch",76,"2024-11-30",4,2.779,0.7446,TRUE,TRUE
"catch",76,"2024-11-30",2,2.779,0.4849,TRUE,TRUE
"catch",76,"2024-11-30",7,5.558,0.7033,TRUE,TRUE
"catch",76,"2024-11-30",7,5.558,0.7033,TRUE,TRUE
"catch",76,"2024-11-30",3,2.779,0.6336,TRUE,TRUE
"catch",76,"2024-11-30",6,2.779,0.8805,FALSE,TRUE
"catch",76,"2024-11-30",1,6.947,0.11,FALSE,TRUE
"catch",76,"2024-11-30",6,5.558,0.6377,TRUE,TRUE
"catch",76,"2024-11-30",4,5.558,0.4704,TRUE,TRUE
"catch",76,"2024-11-30",6,5.558,0.6377,TRUE,TRUE
"catch",76,"2024-11-30",8,4.168,0.8564,FALSE,TRUE
"catch",76,"2024-11-30",2,2.779,0.4849,TRUE,TRUE
"catch",76,"2024-11-30",0,2.779,0.0985,FALSE,TRUE
"catch",76,"2024-11-30",0,1.389,0.183,FALSE,TRUE
"catch",76,"2024-11-30",16,11.115,0.7663,FALSE,TRUE
"catch",76,"2024-11-30",9,8.337,0.6392,TRUE,TRUE
