"period","date_start","date_end","n_days","n_days_with_effort","n_days_with_interview","frac_days_effort","frac_days_interview","n_effort_obs","n_interviews","n_ie_obs","observed","omega_E_ci95_width","omega_C_ci95_width"
1,"2024-12-01","2024-12-01",1,1,1,1,1,1,31,0,TRUE,1.01165245960631,0.835246206241006
2,"2024-12-02","2024-12-02",1,0,1,0,1,0,1,0,TRUE,1.63966202891279,1.06799146644156
3,"2024-12-03","2024-12-03",1,1,1,1,1,1,11,0,TRUE,1.05950696292901,0.912745463133256
4,"2024-12-04","2024-12-04",1,1,1,1,1,1,13,0,TRUE,1.007789789515,0.873438779963477
5,"2024-12-05","2024-12-05",1,1,1,1,1,1,10,0,TRUE,1.06099695253996,0.945273860423044
6,"2024-12-06","2024-12-06",1,1,1,1,1,1,11,1,TRUE,0.937624295263889,0.926717891217811
7,"2024-12-07","2024-12-07",1,1,1,1,1,1,4,0,TRUE,1.06810615452563,1.09503867604099
8,"2024-12-08","2024-12-08",1,0,0,0,0,0,0,0,FALSE,1.82483765847025,1.26416467628041
9,"2024-12-09","2024-12-09",1,0,0,0,0,0,0,0,FALSE,1.85028084067988,1.26244943949187
10,"2024-12-10","2024-12-10",1,1,1,1,1,1,9,0,TRUE,1.0841500993826,1.06527011180488
11,"2024-12-11","2024-12-11",1,1,1,1,1,1,6,0,TRUE,1.0654412283821,0.981155038953511
12,"2024-12-12","2024-12-12",1,1,1,1,1,1,14,0,TRUE,0.985433634392302,0.88376628195666
13,"2024-12-13","2024-12-13",1,1,1,1,1,1,11,0,TRUE,1.04025606513216,0.935170486335278
14,"2024-12-14","2024-12-14",1,1,1,1,1,1,6,0,TRUE,1.01471963394644,0.994311408444381
15,"2024-12-15","2024-12-15",1,1,1,1,1,1,6,0,TRUE,1.07726181503819,1.1674437251862
16,"2024-12-16","2024-12-16",1,0,0,0,0,0,0,0,FALSE,1.82662401454921,1.28310588438006
17,"2024-12-17","2024-12-17",1,0,0,0,0,0,0,0,FALSE,1.85343375022186,1.252342762453
18,"2024-12-18","2024-12-18",1,1,1,1,1,1,6,0,TRUE,1.07964451860753,1.08615477485365
19,"2024-12-19","2024-12-19",1,0,0,0,0,0,0,0,FALSE,1.65167209856506,1.19114406044635
20,"2024-12-20","2024-12-20",1,1,1,1,1,1,8,0,TRUE,1.09892226782195,1.03095598869236
21,"2024-12-21","2024-12-21",1,1,1,1,1,1,6,0,TRUE,1.07623466176505,1.03245331915599
22,"2024-12-22","2024-12-22",1,1,1,1,1,1,5,0,TRUE,1.09419382771161,1.09254038505575
23,"2024-12-23","2024-12-23",1,1,1,1,1,1,9,0,TRUE,1.03137413098105,0.985247455691875
24,"2024-12-24","2024-12-24",1,1,1,1,1,1,6,0,TRUE,1.03729033725326,1.04826390575641
25,"2024-12-25","2024-12-25",1,0,0,0,0,0,0,0,FALSE,1.6825583380325,1.13113737032278
26,"2024-12-26","2024-12-26",1,1,1,1,1,1,5,0,TRUE,1.03249859018696,1.01999548049393
27,"2024-12-27","2024-12-27",1,1,1,1,1,1,19,0,TRUE,0.938001081023458,0.856487387769111
28,"2024-12-28","2024-12-28",1,1,1,1,1,1,12,0,TRUE,1.00598567105979,0.958842881804607
29,"2024-12-29","2024-12-29",1,0,0,0,0,0,0,0,FALSE,1.79838410065439,1.16880904358246
30,"2024-12-30","2024-12-30",1,0,0,0,0,0,0,0,FALSE,1.85747582938991,1.16267541253082
31,"2024-12-31","2024-12-31",1,1,1,1,1,1,38,0,TRUE,1.23626224702041,0.97378385204561
32,"2025-01-01","2025-01-01",1,1,1,1,1,1,15,0,TRUE,1.25383870254009,0.998421114145474
33,"2025-01-02","2025-01-02",1,1,1,1,1,1,10,0,TRUE,1.01753445435455,0.9669028258419
34,"2025-01-03","2025-01-03",1,1,1,1,1,1,10,0,TRUE,0.943424978329013,0.971081462632035
35,"2025-01-04","2025-01-04",1,1,1,1,1,1,8,0,TRUE,1.09984679382,1.09156920554697
36,"2025-01-05","2025-01-05",1,0,0,0,0,0,0,0,FALSE,1.83877022787546,1.26520269475013
37,"2025-01-06","2025-01-06",1,0,0,0,0,0,0,0,FALSE,1.8308902070698,1.30027693962094
38,"2025-01-07","2025-01-07",1,1,1,1,1,1,4,0,TRUE,1.11501646803642,1.26210223327716
39,"2025-01-08","2025-01-08",1,1,1,1,1,1,4,0,TRUE,0.99752085420517,1.14864760444343
40,"2025-01-09","2025-01-09",1,1,1,1,1,1,4,0,TRUE,0.996886470163191,1.04706758027361
41,"2025-01-10","2025-01-10",1,1,1,1,1,1,12,0,TRUE,1.00594235552083,0.934916945571063
42,"2025-01-11","2025-01-11",1,1,1,1,1,1,57,0,TRUE,0.933622269897968,0.777943573891125
43,"2025-01-12","2025-01-12",1,0,0,0,0,0,0,0,FALSE,1.79626248678072,1.09744966684662
44,"2025-01-13","2025-01-13",1,0,0,0,0,0,0,0,FALSE,1.83459484684697,1.1729350327007
45,"2025-01-14","2025-01-14",1,1,1,1,1,1,15,0,TRUE,1.00018798525211,0.992121607580367
46,"2025-01-15","2025-01-15",1,0,0,0,0,0,0,0,FALSE,1.71184905880892,1.17219197344078
47,"2025-01-16","2025-01-16",1,1,1,1,1,1,3,0,TRUE,1.14003040428621,1.1106517701556
48,"2025-01-17","2025-01-17",1,1,1,1,1,1,11,0,TRUE,0.941712984085547,1.00450495544528
49,"2025-01-18","2025-01-18",1,1,1,1,1,1,17,0,TRUE,0.976933661245679,0.990698447798673
50,"2025-01-19","2025-01-19",1,0,0,0,0,0,0,0,FALSE,1.84596924792175,1.22484102651748
51,"2025-01-20","2025-01-20",1,0,0,0,0,0,0,0,FALSE,1.86677212405677,1.29812143756607
52,"2025-01-21","2025-01-21",1,1,1,1,1,1,2,0,TRUE,1.13981044973249,1.27288767195124
53,"2025-01-22","2025-01-22",1,1,1,1,1,1,7,1,TRUE,1.1666920863537,1.21500921040039
54,"2025-01-23","2025-01-23",1,1,1,1,1,1,6,0,TRUE,1.12532171595432,1.21551144867801
55,"2025-01-24","2025-01-24",1,1,0,1,0,1,0,0,TRUE,1.17916710788189,1.20186915607106
56,"2025-01-25","2025-01-25",1,1,1,1,1,1,16,0,TRUE,0.999038345882728,1.03421685366184
57,"2025-01-26","2025-01-26",1,0,0,0,0,0,0,0,FALSE,1.91791497366807,1.26021207711894
58,"2025-01-27","2025-01-27",1,0,0,0,0,0,0,0,FALSE,2.02736012543368,1.35673969819554
59,"2025-01-28","2025-01-28",1,0,0,0,0,0,0,0,FALSE,1.87568667988107,1.28270455906603
60,"2025-01-29","2025-01-29",1,1,1,1,1,1,10,0,TRUE,1.03656290923991,1.08216891004175
61,"2025-01-30","2025-01-30",1,1,1,1,1,1,9,0,TRUE,1.04545104715681,1.08051236371464
62,"2025-01-31","2025-01-31",1,1,1,1,1,1,3,0,TRUE,1.12268086911002,1.19850472527437
63,"2025-02-01","2025-02-01",1,1,1,1,1,1,4,0,TRUE,1.03392394115931,1.29601457229196
64,"2025-02-02","2025-02-02",1,0,0,0,0,0,0,0,FALSE,1.96402381348097,1.4366527772927
65,"2025-02-03","2025-02-03",1,0,0,0,0,0,0,0,FALSE,2.14203168678185,1.48283860609657
66,"2025-02-04","2025-02-04",1,0,0,0,0,0,0,0,FALSE,2.04182216941781,1.52437936385847
67,"2025-02-05","2025-02-05",1,1,1,1,1,1,1,0,TRUE,1.46912111910458,1.43584983133508
68,"2025-02-06","2025-02-06",1,1,1,1,1,1,3,0,TRUE,1.35232662094581,1.31500178648384
69,"2025-02-07","2025-02-07",1,1,1,1,1,1,4,0,TRUE,1.13459876567141,1.22823476282845
70,"2025-02-08","2025-02-08",1,1,1,1,1,1,21,0,TRUE,1.21846696348187,1.12090773491656
71,"2025-02-09","2025-02-09",1,0,0,0,0,0,0,0,FALSE,1.85786722142784,1.27766952011253
72,"2025-02-10","2025-02-10",1,0,0,0,0,0,0,0,FALSE,1.83798828667144,1.3362648543306
73,"2025-02-11","2025-02-11",1,1,1,1,1,1,8,0,TRUE,1.10678367621913,1.28158503779081
74,"2025-02-12","2025-02-12",1,1,1,1,1,1,3,0,TRUE,1.20977191110773,1.33291643950659
75,"2025-02-13","2025-02-13",1,0,0,0,0,0,0,0,FALSE,1.70394512731901,1.36813900088587
76,"2025-02-14","2025-02-14",1,1,1,1,1,1,5,0,TRUE,1.08498608311212,1.30215594449969
77,"2025-02-15","2025-02-15",1,1,1,1,1,1,6,0,TRUE,0.998153409511571,1.29544798523984
78,"2025-02-16","2025-02-16",1,0,0,0,0,0,0,0,FALSE,1.8762337650808,1.45146746040666
79,"2025-02-17","2025-02-17",1,0,0,0,0,0,0,0,FALSE,2.02922952447647,1.46868866915464
80,"2025-02-18","2025-02-18",1,0,0,0,0,0,0,0,FALSE,1.9223977468379,1.48398999780372
81,"2025-02-19","2025-02-19",1,1,1,1,1,1,2,0,TRUE,1.19635180701735,1.39371744324146
82,"2025-02-20","2025-02-20",1,1,1,1,1,1,7,0,TRUE,1.0284823274144,1.25971648644371
83,"2025-02-21","2025-02-21",1,1,1,1,1,1,4,0,TRUE,1.09470994341977,1.23852102197916
84,"2025-02-22","2025-02-22",1,1,1,1,1,1,5,0,TRUE,1.09335502391663,1.2427271695665
85,"2025-02-23","2025-02-23",1,0,0,0,0,0,0,0,FALSE,1.87806296469508,1.31387351031305
86,"2025-02-24","2025-02-24",1,0,0,0,0,0,0,0,FALSE,1.90182784162185,1.33525637484919
87,"2025-02-25","2025-02-25",1,1,1,1,1,1,2,0,TRUE,1.18467459575498,1.20802924029224
88,"2025-02-26","2025-02-26",1,1,1,1,1,1,13,0,TRUE,0.991554699670434,1.00532018332345
89,"2025-02-27","2025-02-27",1,1,1,1,1,1,6,0,TRUE,0.983008221268935,0.983472574285813
90,"2025-02-28","2025-02-28",1,1,1,1,1,1,38,1,TRUE,1.02246734048105,0.774337319509271
91,"2025-03-01","2025-03-01",1,1,1,1,1,1,22,0,TRUE,0.945490755714363,0.898406739678329
92,"2025-03-02","2025-03-02",1,0,0,0,0,0,0,0,FALSE,1.80946871003231,1.19324723959257
93,"2025-03-03","2025-03-03",1,0,0,0,0,0,0,0,FALSE,1.86698327703444,1.36313819369688
94,"2025-03-04","2025-03-04",1,1,1,1,1,3,1,0,TRUE,1.0468910853246,1.37762558034229
95,"2025-03-05","2025-03-05",1,1,1,1,1,3,2,0,TRUE,1.04849284463551,1.33163684970004
96,"2025-03-06","2025-03-06",1,1,1,1,1,3,5,0,TRUE,0.754931422581404,1.2291911404185
97,"2025-03-07","2025-03-07",1,1,1,1,1,3,3,0,TRUE,0.830251907446214,1.13233758079503
98,"2025-03-08","2025-03-08",1,1,1,1,1,3,15,0,TRUE,0.719336032576817,1.02878519753272
99,"2025-03-09","2025-03-09",1,0,0,0,0,0,0,0,FALSE,1.77855298386592,1.24166445894146
100,"2025-03-10","2025-03-10",1,0,0,0,0,0,0,0,FALSE,1.7560153127642,1.26654868971036
101,"2025-03-11","2025-03-11",1,1,1,1,1,3,8,0,TRUE,0.812316089749654,1.12212091812424
102,"2025-03-12","2025-03-12",1,1,1,1,1,3,3,0,TRUE,0.787303447647499,1.21784757201067
103,"2025-03-13","2025-03-13",1,0,0,0,0,0,0,0,FALSE,1.6522844594179,1.29107880627464
104,"2025-03-14","2025-03-14",1,1,1,1,1,3,3,0,TRUE,0.75965265078984,1.16699967800513
105,"2025-03-15","2025-03-15",1,1,1,1,1,3,16,0,TRUE,0.834559031230266,1.04167223339619
106,"2025-03-16","2025-03-16",1,0,0,0,0,0,0,0,FALSE,1.82198491071414,1.23470622376183
107,"2025-03-17","2025-03-17",1,0,0,0,0,0,0,0,FALSE,1.81213222247564,1.25782273079943
108,"2025-03-18","2025-03-18",1,1,1,1,1,3,8,0,TRUE,0.823141119943579,1.13661613917825
109,"2025-03-19","2025-03-19",1,1,1,1,1,3,5,0,TRUE,0.805612945848945,1.20276969580329
110,"2025-03-20","2025-03-20",1,1,1,1,1,3,2,0,TRUE,1.02375735347094,1.20126607237902
111,"2025-03-21","2025-03-21",1,1,1,1,1,3,5,0,TRUE,0.851337180732273,1.14362976016639
112,"2025-03-22","2025-03-22",1,1,1,1,1,3,7,0,TRUE,0.705071391644411,1.1451430986561
113,"2025-03-23","2025-03-23",1,0,0,0,0,0,0,0,FALSE,1.80491634421911,1.27799136642484
114,"2025-03-24","2025-03-24",1,0,0,0,0,0,0,0,FALSE,1.77510756820465,1.25698859762944
115,"2025-03-25","2025-03-25",1,1,1,1,1,3,9,0,TRUE,0.7558485789639,1.1054235825074
116,"2025-03-26","2025-03-26",1,0,0,0,0,0,0,0,FALSE,1.61321077501648,1.17743519523957
117,"2025-03-27","2025-03-27",1,1,1,1,1,3,8,0,TRUE,0.797428053102717,1.08172735448003
118,"2025-03-28","2025-03-28",1,1,1,1,1,3,12,0,TRUE,0.725869455160658,0.953306597569786
119,"2025-03-29","2025-03-29",1,1,1,1,1,3,15,0,TRUE,0.68454088504516,0.977532262094792
120,"2025-03-30","2025-03-30",1,0,0,0,0,0,0,0,FALSE,1.77505890656776,1.22097929147971
121,"2025-03-31","2025-03-31",1,0,0,0,0,0,0,0,FALSE,1.73167274518879,1.26561038376121
122,"2025-04-01","2025-04-01",1,1,1,1,1,3,7,0,TRUE,0.679345578266578,1.12110988721704
123,"2025-04-02","2025-04-02",1,1,1,1,1,3,3,0,TRUE,0.766702117515325,1.10084771765978
124,"2025-04-03","2025-04-03",1,1,1,1,1,3,15,0,TRUE,0.713061629043536,1.00784233835671
125,"2025-04-04","2025-04-04",1,1,1,1,1,3,12,0,TRUE,0.699473662805744,0.982806619698869
126,"2025-04-05","2025-04-05",1,1,1,1,1,3,21,0,TRUE,0.692039463791149,0.974625973617484
127,"2025-04-06","2025-04-06",1,0,0,0,0,0,0,0,FALSE,1.80964221890322,1.23429667129605
128,"2025-04-07","2025-04-07",1,0,0,0,0,0,0,0,FALSE,2.08269647978393,1.34475878813993
129,"2025-04-08","2025-04-08",1,0,0,0,0,0,0,0,FALSE,2.09135038122851,1.34511422482066
130,"2025-04-09","2025-04-09",1,0,0,0,0,0,0,0,FALSE,1.85019537805572,1.28890302645341
131,"2025-04-10","2025-04-10",1,1,1,1,1,3,12,0,TRUE,0.73710372118539,1.04479413469194
132,"2025-04-11","2025-04-11",1,1,1,1,1,3,9,0,TRUE,0.69251030438855,1.09616175276315
133,"2025-04-12","2025-04-12",1,0,0,0,0,0,0,0,FALSE,1.80210013013867,1.30532836083221
134,"2025-04-13","2025-04-13",1,0,0,0,0,0,0,0,FALSE,2.01447479787033,1.37108111844911
135,"2025-04-14","2025-04-14",1,0,0,0,0,0,0,0,FALSE,1.82379670421317,1.38710577171505
136,"2025-04-15","2025-04-15",1,1,1,1,1,3,6,0,TRUE,0.753644870938012,1.21852202072744
137,"2025-04-16","2025-04-16",1,0,0,0,0,0,0,0,FALSE,1.79194083063411,1.30484793262733
138,"2025-04-17","2025-04-17",1,0,0,0,0,0,0,0,FALSE,2.02792225940567,1.26331876565004
139,"2025-04-18","2025-04-18",1,0,0,0,0,0,0,0,FALSE,1.88613066765091,1.11579302319348
140,"2025-04-19","2025-04-19",1,1,1,1,1,1,70,0,TRUE,0.963821508968134,0.707387621306703
141,"2025-04-20","2025-04-20",1,0,0,0,0,0,0,0,FALSE,1.87363348417681,1.10728754506099
142,"2025-04-21","2025-04-21",1,0,0,0,0,0,0,0,FALSE,2.03459812544783,1.26072598574625
143,"2025-04-22","2025-04-22",1,0,0,0,0,0,0,0,FALSE,1.82486145969521,1.24465786808824
144,"2025-04-23","2025-04-23",1,1,1,1,1,3,5,0,TRUE,0.797449763424261,1.11069928794317
145,"2025-04-24","2025-04-24",1,1,1,1,1,3,10,0,TRUE,0.715296433934909,0.983131162230811
146,"2025-04-25","2025-04-25",1,1,1,1,1,3,9,0,TRUE,0.717719338995624,1.02329284686671
147,"2025-04-26","2025-04-26",1,0,0,0,0,0,0,0,FALSE,1.83335448638725,1.24846400559319
148,"2025-04-27","2025-04-27",1,0,0,0,0,0,0,0,FALSE,1.99168573663788,1.27405401277482
149,"2025-04-28","2025-04-28",1,0,0,0,0,0,0,0,FALSE,1.79438292402863,1.22551351818988
150,"2025-04-29","2025-04-29",1,1,1,1,1,3,9,0,TRUE,0.707029043982438,1.01987464662578
151,"2025-04-30","2025-04-30",1,1,1,1,1,3,16,0,TRUE,0.683603228622015,0.885648730598099
152,"2025-05-01","2025-05-01",1,1,1,1,1,3,9,0,TRUE,0.695258691267842,0.959180940352506
153,"2025-05-02","2025-05-02",1,1,1,1,1,3,13,0,TRUE,0.705115345200207,0.925384624608895
154,"2025-05-03","2025-05-03",1,1,1,1,1,3,22,0,TRUE,0.699852651521643,0.943902520579106
155,"2025-05-04","2025-05-04",1,1,1,1,1,3,11,0,TRUE,0.719739727004096,1.05275746002077
156,"2025-05-05","2025-05-05",1,0,0,0,0,0,0,0,FALSE,1.84859344003913,1.23421596862769
157,"2025-05-06","2025-05-06",1,0,0,0,0,0,0,0,FALSE,1.7989692069006,1.27575010216183
158,"2025-05-07","2025-05-07",1,1,1,1,1,3,4,0,TRUE,0.934165776176992,1.20892121059225
159,"2025-05-08","2025-05-08",1,0,0,0,0,0,0,0,FALSE,1.89145263282078,1.35143798470822
160,"2025-05-09","2025-05-09",1,0,0,0,0,0,0,0,FALSE,2.14612456817158,1.41435457432257
161,"2025-05-10","2025-05-10",1,0,0,0,0,0,0,0,FALSE,2.21693065104428,1.40183212493504
162,"2025-05-11","2025-05-11",1,0,0,0,0,0,0,0,FALSE,2.08846079470777,1.35322238271084
163,"2025-05-12","2025-05-12",1,0,0,0,0,0,0,0,FALSE,1.81677717853384,1.2108717066402
164,"2025-05-13","2025-05-13",1,1,1,1,1,3,16,0,TRUE,0.698668358022653,0.907009814280241
165,"2025-05-14","2025-05-14",1,1,1,1,1,3,17,0,TRUE,0.681490033895827,0.874243356406632
166,"2025-05-15","2025-05-15",1,1,1,1,1,3,8,0,TRUE,0.717885311785058,0.954102425336866
167,"2025-05-16","2025-05-16",1,1,1,1,1,3,4,0,TRUE,0.821724479462627,1.05499253679467
168,"2025-05-17","2025-05-17",1,1,1,1,1,3,13,0,TRUE,0.719430427065744,1.04186155521924
169,"2025-05-18","2025-05-18",1,0,0,0,0,0,0,0,FALSE,1.8298585817951,1.25785608967075
170,"2025-05-19","2025-05-19",1,0,0,0,0,0,0,0,FALSE,2.00211052382967,1.33284442132247
171,"2025-05-20","2025-05-20",1,0,0,0,0,0,0,0,FALSE,1.85191453385807,1.27837756815228
172,"2025-05-21","2025-05-21",1,1,1,1,1,3,3,0,TRUE,0.80128376130936,1.09927369724712
173,"2025-05-22","2025-05-22",1,1,1,1,1,3,8,0,TRUE,0.779895693754483,1.0008745724525
174,"2025-05-23","2025-05-23",1,1,1,1,1,3,13,0,TRUE,0.676636730763303,0.907479619917703
175,"2025-05-24","2025-05-24",1,1,1,1,1,3,29,0,TRUE,1.07747328192084,0.978766404307386
176,"2025-05-25","2025-05-25",1,0,0,0,0,0,0,0,FALSE,1.92457779153072,1.23978858862823
177,"2025-05-26","2025-05-26",1,0,0,0,0,0,0,0,FALSE,2.1758181889568,1.39818138255057
178,"2025-05-27","2025-05-27",1,0,0,0,0,0,0,0,FALSE,2.31367181494329,1.48397798917471
179,"2025-05-28","2025-05-28",1,0,0,0,0,0,0,0,FALSE,2.3913095153865,1.54633086588212
180,"2025-05-29","2025-05-29",1,0,0,0,0,0,0,0,FALSE,2.29832148747574,1.57336919017519
181,"2025-05-30","2025-05-30",1,0,0,0,0,0,0,0,FALSE,2.33278425919658,1.5722301714746
182,"2025-05-31","2025-05-31",1,0,0,0,0,0,0,0,FALSE,2.30317400424946,1.56751796788521
183,"2025-06-01","2025-06-01",1,0,0,0,0,0,0,0,FALSE,2.28113464229341,1.53884618507708
184,"2025-06-02","2025-06-02",1,0,0,0,0,0,0,0,FALSE,2.18194124183317,1.48564944668152
185,"2025-06-03","2025-06-03",1,0,0,0,0,0,0,0,FALSE,1.89613357661904,1.40416965604173
186,"2025-06-04","2025-06-04",1,1,1,1,1,3,2,0,TRUE,0.804046802962311,1.22111453755443
187,"2025-06-05","2025-06-05",1,1,1,1,1,3,9,0,TRUE,0.798099821560647,1.03587983966849
188,"2025-06-06","2025-06-06",1,1,1,1,1,3,6,0,TRUE,0.722901690480654,0.989905806436426
189,"2025-06-07","2025-06-07",1,1,1,1,1,3,29,0,TRUE,0.700486396342032,0.968707905464257
190,"2025-06-08","2025-06-08",1,0,0,0,0,0,0,0,FALSE,1.83285319741169,1.27018944288241
191,"2025-06-09","2025-06-09",1,0,0,0,0,0,0,0,FALSE,2.16683159043419,1.40934538310084
192,"2025-06-10","2025-06-10",1,0,0,0,0,0,0,0,FALSE,2.31595126458399,1.49799720987344
193,"2025-06-11","2025-06-11",1,0,0,0,0,0,0,0,FALSE,2.33511043957499,1.53520502732102
194,"2025-06-12","2025-06-12",1,0,0,0,0,0,0,0,FALSE,2.34945469760152,1.59434201899304
195,"2025-06-13","2025-06-13",1,0,0,0,0,0,0,0,FALSE,2.38288788948771,1.60355870558502
196,"2025-06-14","2025-06-14",1,0,0,0,0,0,0,0,FALSE,2.3592505502365,1.59974525516192
197,"2025-06-15","2025-06-15",1,0,0,0,0,0,0,0,FALSE,2.33438529775894,1.58760805793915
198,"2025-06-16","2025-06-16",1,0,0,0,0,0,0,0,FALSE,2.34938640321249,1.56933153768423
199,"2025-06-17","2025-06-17",1,0,0,0,0,0,0,0,FALSE,2.26050217298264,1.50570326021837
200,"2025-06-18","2025-06-18",1,0,0,0,0,0,0,0,FALSE,2.13208702255925,1.39700653657065
201,"2025-06-19","2025-06-19",1,0,0,0,0,0,0,0,FALSE,1.84900519010325,1.23800707003154
202,"2025-06-20","2025-06-20",1,1,1,1,1,3,17,0,TRUE,0.662326013906301,0.939577463908205
203,"2025-06-21","2025-06-21",1,1,1,1,1,3,11,0,TRUE,0.720144247357277,0.958421518690568
204,"2025-06-22","2025-06-22",1,0,0,0,0,0,0,0,FALSE,1.88068363557008,1.27639873582352
205,"2025-06-23","2025-06-23",1,0,0,0,0,0,0,0,FALSE,2.10785007830976,1.42051210805778
206,"2025-06-24","2025-06-24",1,0,0,0,0,0,0,0,FALSE,2.26710115175721,1.54388228685558
207,"2025-06-25","2025-06-25",1,0,0,0,0,0,0,0,FALSE,2.26714676776281,1.57626168311579
208,"2025-06-26","2025-06-26",1,0,0,0,0,0,0,0,FALSE,2.37411851248449,1.62326495216961
209,"2025-06-27","2025-06-27",1,0,0,0,0,0,0,0,FALSE,2.35384880868809,1.60120681648737
210,"2025-06-28","2025-06-28",1,0,0,0,0,0,0,0,FALSE,2.32985300791172,1.60072202255364
211,"2025-06-29","2025-06-29",1,0,0,0,0,0,0,0,FALSE,2.24424007597084,1.59154738851635
212,"2025-06-30","2025-06-30",1,0,0,0,0,0,0,0,FALSE,2.16304162080544,1.52129382302385
213,"2025-07-01","2025-07-01",1,0,0,0,0,0,0,0,FALSE,1.88311537501151,1.44761141485025
214,"2025-07-02","2025-07-02",1,1,1,1,1,3,6,0,TRUE,0.679491145791185,1.35303173451252
215,"2025-07-03","2025-07-03",1,0,0,0,0,0,0,0,FALSE,1.78472590947229,1.33687767848776
216,"2025-07-04","2025-07-04",1,0,0,0,0,0,0,0,FALSE,1.79385932891199,1.26329555786982
217,"2025-07-05","2025-07-05",1,1,1,1,1,3,21,0,TRUE,0.694014130987093,1.00819758119911
218,"2025-07-06","2025-07-06",1,0,0,0,0,0,0,0,FALSE,1.84955959233323,1.27545791078486
219,"2025-07-07","2025-07-07",1,0,0,0,0,0,0,0,FALSE,2.15241104549639,1.43603298856014
220,"2025-07-08","2025-07-08",1,0,0,0,0,0,0,0,FALSE,2.2493729463448,1.5328181485957
221,"2025-07-09","2025-07-09",1,0,0,0,0,0,0,0,FALSE,2.30383783716721,1.55639341495305
222,"2025-07-10","2025-07-10",1,0,0,0,0,0,0,0,FALSE,2.29926643775561,1.56874720418525
223,"2025-07-11","2025-07-11",1,0,0,0,0,0,0,0,FALSE,2.3578704482186,1.58482992226801
224,"2025-07-12","2025-07-12",1,0,0,0,0,0,0,0,FALSE,2.26335304832069,1.60248694711702
225,"2025-07-13","2025-07-13",1,0,0,0,0,0,0,0,FALSE,2.28372310224998,1.56626056702283
226,"2025-07-14","2025-07-14",1,0,0,0,0,0,0,0,FALSE,2.12902751711214,1.50499623248431
227,"2025-07-15","2025-07-15",1,0,0,0,0,0,0,0,FALSE,1.87667536591044,1.42971536490799
228,"2025-07-16","2025-07-16",1,1,1,1,1,3,4,0,TRUE,0.690919081228671,1.28558234255501
229,"2025-07-17","2025-07-17",1,1,1,1,1,3,8,0,TRUE,0.712430576816055,1.10357901590135
230,"2025-07-18","2025-07-18",1,0,0,0,0,0,0,0,FALSE,1.60432350881615,1.11929615407693
231,"2025-07-19","2025-07-19",1,1,1,1,1,3,19,0,TRUE,0.695615754537756,0.895009570214946
232,"2025-07-20","2025-07-20",1,0,0,0,0,0,0,0,FALSE,1.79442994448849,1.15002395109209
233,"2025-07-21","2025-07-21",1,0,0,0,0,0,0,0,FALSE,1.75823578462876,1.22120103446265
234,"2025-07-22","2025-07-22",1,1,1,1,1,3,8,0,TRUE,0.699387514259536,1.16741508286351
235,"2025-07-23","2025-07-23",1,0,0,0,0,0,0,0,FALSE,1.88937755180123,1.34144504025505
236,"2025-07-24","2025-07-24",1,0,0,0,0,0,0,0,FALSE,2.17220672930898,1.41891654401569
237,"2025-07-25","2025-07-25",1,0,0,0,0,0,0,0,FALSE,2.25369748453039,1.45243210348358
238,"2025-07-26","2025-07-26",1,0,0,0,0,0,0,0,FALSE,2.25518478354469,1.46727078315783
239,"2025-07-27","2025-07-27",1,0,0,0,0,0,0,0,FALSE,2.20376357160068,1.40700812340938
240,"2025-07-28","2025-07-28",1,0,0,0,0,0,0,0,FALSE,1.86314829251183,1.25186861304734
241,"2025-07-29","2025-07-29",1,1,1,1,1,3,9,0,TRUE,0.68824850322026,0.99508252593264
242,"2025-07-30","2025-07-30",1,1,1,1,1,3,9,0,TRUE,0.702666522060748,0.989473750731663
243,"2025-07-31","2025-07-31",1,1,1,1,1,3,9,0,TRUE,0.698106319024572,1.00039008777091
244,"2025-08-01","2025-08-01",1,1,1,1,1,3,9,0,TRUE,0.663432348783017,0.956169962394059
245,"2025-08-02","2025-08-02",1,1,1,1,1,3,34,0,TRUE,0.691371662228026,0.811122844944927
246,"2025-08-03","2025-08-03",1,0,0,0,0,0,0,0,FALSE,1.78419381349326,1.10540269455139
247,"2025-08-04","2025-08-04",1,0,0,0,0,0,0,0,FALSE,1.7635263712596,1.10954057240046
248,"2025-08-05","2025-08-05",1,1,1,1,1,3,22,0,TRUE,0.694885349937877,0.861001232178944
249,"2025-08-06","2025-08-06",1,1,1,1,1,3,10,0,TRUE,0.691504366585885,0.961328652240463
250,"2025-08-07","2025-08-07",1,0,0,0,0,0,0,0,FALSE,1.83238235485959,1.21288467570225
251,"2025-08-08","2025-08-08",1,0,0,0,0,0,0,0,FALSE,2.09267826151429,1.32438205306487
252,"2025-08-09","2025-08-09",1,0,0,0,0,0,0,0,FALSE,2.22052107834008,1.4316890530842
253,"2025-08-10","2025-08-10",1,0,0,0,0,0,0,0,FALSE,2.27790967459076,1.42407084686885
254,"2025-08-11","2025-08-11",1,0,0,0,0,0,0,0,FALSE,2.11468113596873,1.39007137055285
255,"2025-08-12","2025-08-12",1,0,0,0,0,0,0,0,FALSE,1.84165255760415,1.22195000679011
256,"2025-08-13","2025-08-13",1,1,1,1,1,3,14,0,TRUE,0.683779826112545,0.944982344490709
257,"2025-08-14","2025-08-14",1,1,1,1,1,3,10,0,TRUE,0.692280726945121,0.93835833941581
258,"2025-08-15","2025-08-15",1,1,1,1,1,3,15,0,TRUE,0.707787555362288,1.01133500447458
259,"2025-08-16","2025-08-16",1,1,1,1,1,3,18,0,TRUE,0.714538197025658,0.919072314380518
260,"2025-08-17","2025-08-17",1,0,0,0,0,0,0,0,FALSE,1.77959677505512,1.15095011974311
261,"2025-08-18","2025-08-18",1,0,0,0,0,0,0,0,FALSE,1.77397433264273,1.17476370461479
262,"2025-08-19","2025-08-19",1,1,1,1,1,3,13,0,TRUE,0.668040698331192,0.935481336646011
263,"2025-08-20","2025-08-20",1,1,1,1,1,3,18,0,TRUE,0.662675274558817,0.947269219452138
264,"2025-08-21","2025-08-21",1,0,0,0,0,0,0,0,FALSE,1.81977866054936,1.21134213104042
265,"2025-08-22","2025-08-22",1,0,0,0,0,0,0,0,FALSE,2.18606363754533,1.32755398984545
266,"2025-08-23","2025-08-23",1,0,0,0,0,0,0,0,FALSE,2.18117127769112,1.37771052811991
267,"2025-08-24","2025-08-24",1,0,0,0,0,0,0,0,FALSE,2.10019850475391,1.32015069252543
268,"2025-08-25","2025-08-25",1,0,0,0,0,0,0,0,FALSE,1.85531032822965,1.1709973534594
269,"2025-08-26","2025-08-26",1,1,1,1,1,3,36,1,TRUE,0.732845957455807,0.83245482657288
270,"2025-08-27","2025-08-27",1,0,0,0,0,0,0,0,FALSE,1.56756984424901,1.07930631911496
271,"2025-08-28","2025-08-28",1,1,1,1,1,3,7,0,TRUE,0.689387374484546,1.00365944873256
272,"2025-08-29","2025-08-29",1,1,1,1,1,3,15,0,TRUE,0.667528390181758,1.01816251827748
273,"2025-08-30","2025-08-30",1,1,1,1,1,3,21,0,TRUE,0.684419245895175,0.986969488549704
274,"2025-08-31","2025-08-31",1,0,0,0,0,0,0,0,FALSE,1.65523555925915,1.10765337619691
275,"2025-09-01","2025-09-01",1,1,1,1,1,3,19,0,TRUE,1.08891836624699,1.01742059305916
276,"2025-09-02","2025-09-02",1,0,0,0,0,0,0,0,FALSE,1.64542020912969,1.10753868565947
277,"2025-09-03","2025-09-03",1,1,1,1,1,3,8,0,TRUE,0.724375259766506,0.985663908769139
278,"2025-09-04","2025-09-04",1,1,1,1,1,3,13,0,TRUE,0.687324565374367,0.921588515670606
279,"2025-09-05","2025-09-05",1,0,0,0,0,0,0,0,FALSE,1.62991002483907,1.06096956648168
280,"2025-09-06","2025-09-06",1,1,1,1,1,3,19,0,TRUE,0.711782025086715,0.923512824295221
281,"2025-09-07","2025-09-07",1,0,0,0,0,0,0,0,FALSE,1.75910462987516,1.1635479506313
282,"2025-09-08","2025-09-08",1,0,0,0,0,0,0,0,FALSE,1.7829623825767,1.14164921644119
283,"2025-09-09","2025-09-09",1,1,1,1,1,3,12,0,TRUE,0.704820471046832,0.938698052569227
284,"2025-09-10","2025-09-10",1,1,1,1,1,3,6,0,TRUE,0.703292339410158,1.00172468955112
285,"2025-09-11","2025-09-11",1,1,1,1,1,3,8,0,TRUE,0.741705347652295,0.951690028434466
286,"2025-09-12","2025-09-12",1,1,1,1,1,3,8,0,TRUE,0.683343288261783,0.946524462347246
287,"2025-09-13","2025-09-13",1,1,1,1,1,3,22,0,TRUE,0.683857655930475,0.871892451923684
288,"2025-09-14","2025-09-14",1,0,0,0,0,0,0,0,FALSE,1.83662598187038,1.2241283493476
289,"2025-09-15","2025-09-15",1,0,0,0,0,0,0,0,FALSE,2.15987434141502,1.45987199483299
