"event_date","tide_max_m","tide_min_m","tide_range_m","daytime_tide_max_m","daytime_tide_min_m","daytime_tide_range_m","daytime_high_hour","flood_hours_daytime","n_high_tides_daytime","tidal_energy","wind_ms_buoy_mean","gust_ms_buoy_max","wave_h_m_mean","wave_h_m_max","sst_c_mean","pressure_hpa_mean","temp_c_min","temp_c_max","precip_mm_total","wind_ms_asos_mean","visibility_mi_min","n_boat_interviews","prop_depart_on_flood","prop_depart_near_high","mean_depart_tide_height_m","day_type"
2024-09-16,2.845,-0.439,3.284,2.496,-0.32,2.816,12.7,79,2,0.738972935904963,NA,NA,NA,NA,NA,NA,7.78,18.33,0,2.7651365,0.75,NA,NA,NA,NA,"weekday"
2024-09-17,2.879,-0.479,3.358,2.775,-0.478,3.253,13.3,80,2,0.82260865543708,NA,NA,NA,NA,NA,NA,12.78,16.67,0.75,2.85087716666667,1.75,1,1,0,0.339,"weekday"
2024-09-18,2.985,-0.363,3.348,2.985,-0.363,3.348,14,68,2,0.863326126096043,NA,NA,NA,NA,NA,NA,12.78,18.33,0,2.48647933333333,4,NA,NA,NA,NA,"weekday"
2024-09-19,3.105,-0.45,3.555,3.105,-0.29,3.395,14.6,66,2,0.873968534902716,NA,NA,NA,NA,NA,NA,11.11,15,0,3.215275,1.75,NA,NA,NA,NA,"weekday"
2024-09-20,3.045,-0.593,3.638,3.045,-0.039,3.084,15.1,66,1,0.833496250741418,NA,NA,NA,NA,NA,NA,10.56,15.56,0,3.17240466666667,10,NA,NA,NA,NA,"weekend"
2024-09-21,2.988,-0.542,3.53,2.988,0.257,2.731,15.7,66,3,0.765635030546539,NA,NA,NA,NA,NA,NA,7.78,19.44,0,1.88629466666667,0.25,1,1,1,0.442,"weekend"
2024-09-22,2.835,-0.374,3.209,2.835,0.558,2.277,16.4,65,4,0.670262635091648,99,99,1.56166666666667,1.76,13.9666666666667,9999,7.78,16.11,0,2.20782216666667,2,NA,NA,NA,NA,"weekend"
2024-09-23,2.632,-0.155,2.787,2.632,0.862,1.77,16.8,63,3,0.563575194628011,99,99,1.698125,1.94,14.06875,9999,15,17.22,0,1.82198916666667,0.25,NA,NA,NA,NA,"weekday"
2024-09-24,2.546,-0.104,2.65,2.546,1.193,1.353,18.1,71,11,0.474389080818688,99,99,2.068125,2.34,13.4375,9999,13.89,23.33,0,2.85087716666667,0.5,NA,NA,NA,NA,"weekday"
2024-09-25,2.451,0.125,2.326,2.451,1.424,1.027,19.1,73,31,0.476151236478496,99,99,2.684375,3.55,12.8395833333333,9999,12.22,16.11,8.12,4.28703333333333,3,NA,NA,NA,NA,"weekday"
2024-09-26,2.462,0.169,2.293,2.31,1.3,1.01,19.6,79,7,0.442384448189581,99,99,2.47553191489362,3.62,13.0446808510638,9999,10,17.22,3.04,4.16028626086957,0.25,NA,NA,NA,NA,"weekday"
2024-09-27,2.35,0.16,2.19,2.142,0.934,1.208,11,80,21,0.548187011885543,99,99,3.74729166666667,5.36,13.9541666666667,9999,10.56,18.33,1.27,NA,6,1,0,1,1.828,"weekend"
2024-09-28,2.345,0.072,2.273,2.201,0.62,1.581,11.8,70,6,0.5317725077512,99,99,2.598125,3.38,13.4541666666667,9999,7.22,15,0,3.84118186666667,10,NA,NA,NA,NA,"weekend"
2024-09-29,2.312,-0.031,2.343,2.217,0.296,1.921,12,72,3,0.577204469837163,99,99,1.76458333333333,2.65,13.2604166666667,9999,7.78,16.11,0,2.40073866666667,10,NA,NA,NA,NA,"weekend"
2024-09-30,2.316,-0.06,2.376,2.297,0.069,2.228,12.6,69,1,0.6269824558949,99,99,0.890625,1.26,12.50625,9999,5.56,20,0,3.06522883333333,10,NA,NA,NA,NA,"weekday"
2024-10-01,2.463,0.04,2.423,2.463,0.059,2.404,13.1,69,2,0.653512050386219,99,99,1.06291666666667,2.71,12.40625,9999,7.22,15.56,0.51,3.12953433333333,3,NA,NA,NA,NA,"weekday"
2024-10-02,2.496,0.02,2.476,2.496,0.047,2.449,13.9,65,21,0.85658449670771,99,99,3.51260869565217,4.57,11.7304347826087,9999,7.22,16.67,0,2.85087716666667,5,NA,NA,NA,NA,"weekday"
2024-10-03,2.607,0.009,2.598,2.607,0.111,2.496,14.2,64,4,0.673236956799016,99,99,2.394375,3.8,11.89375,9999,6.67,20,0,3.62254316666667,10,1,1,1,2.204,"weekday"
2024-10-04,2.697,-0.113,2.81,2.697,0.154,2.543,14.3,62,5,0.642191560206143,99,99,1.56791666666667,2.36,12.8291666666667,9999,9.44,15.56,20.06,3.36532116666667,2.5,NA,NA,NA,NA,"weekend"
2024-10-05,2.662,-0.132,2.794,2.662,0.367,2.295,14.8,63,3,0.610889515379009,99,99,1.54708333333333,2.16,13.08125,9999,8.33,18.89,0,3.06522883333333,0.25,1,1,1,1.026,"weekend"
2024-10-06,2.66,-0.072,2.732,2.66,0.743,1.917,14.9,62,4,0.567871464329737,99,99,1.04375,1.28,12.9416666666667,9999,7.78,16.11,0,2.35786833333333,10,NA,NA,NA,NA,"weekend"
2024-10-07,2.663,0.066,2.597,2.663,0.987,1.676,15.7,64,9,0.534330422117251,99,99,1.57695652173913,2.17,13.4152173913043,9999,7.78,20.56,0,2.74370133333333,0.5,NA,NA,NA,NA,"weekday"
2024-10-08,2.568,0.175,2.393,2.568,1.175,1.393,15.9,60,3,0.47497999957893,99,99,1.90446808510638,2.15,12.5148936170213,9999,11.67,15.56,7.61,2.3793035,2.5,NA,NA,NA,NA,"weekday"
2024-10-09,2.412,0.193,2.219,2.412,1.267,1.145,16.9,62,9,0.431966433881152,99,99,2.08729166666667,2.41,12.6666666666667,9999,8.33,16.11,1.52,1.4790265,0.5,NA,NA,NA,NA,"weekday"
2024-10-10,2.284,0.173,2.111,2.284,1.313,0.971,18.2,64,8,0.383421439150186,99,99,1.67659574468085,2.24,12.8723404255319,9999,5,17.78,0,2.91518266666667,0.25,NA,NA,NA,NA,"weekday"
2024-10-11,2.309,0.235,2.074,2.287,1.352,0.935,19.1,71,9,0.373744565177877,99,99,0.969791666666667,1.36,12.8375,9999,8.89,18.33,0,4.78004216666667,10,1,0,1,1.637,"weekend"
2024-10-12,2.33,0.19,2.14,2.08,1.15,0.93,9.6,68,7,0.420069041944298,99,99,1.665625,2.85,12.9375,9999,7.22,20,0,2.93661783333333,7,2,1,1,1.8795,"weekend"
2024-10-13,2.519,0.033,2.486,2.305,0.895,1.41,10.6,66,2,0.515425067298827,99,99,1.61340425531915,2.43,13.0723404255319,9999,11.67,20.56,0,2.97948816666667,3,1,1,1,2.279,"weekend"
2024-10-14,2.649,0.009,2.64,2.621,0.53,2.091,11.5,63,13,0.696588113593679,99,99,2.53659574468085,3.64,12.8808510638298,9999,11.67,15,6.08,2.7651365,2,NA,NA,NA,NA,"weekday"
2024-10-15,2.825,-0.035,2.86,2.825,0.115,2.71,11.9,59,6,0.763301382155175,99,99,2.21041666666667,2.98,13.0854166666667,9999,11.67,13.89,1.02,1.52189683333333,4,NA,NA,NA,NA,"weekday"
2024-10-16,3.096,-0.256,3.352,3.096,-0.256,3.352,12.5,56,0,0.832629569496544,99,99,2.061875,2.26,13.04375,9999,8.33,15,10.16,3.42962666666667,6,NA,NA,NA,NA,"weekday"
2024-10-17,3.201,-0.624,3.825,3.201,-0.507,3.708,13,59,1,0.867359786939653,99,99,2.58904761904762,2.89,12.797619047619,9999,6.67,13.33,2.03,2.40073866666667,10,3,0.333333333333333,1,3.176,"weekday"
2024-10-18,3.375,-0.511,3.886,3.375,-0.024,3.399,14,63,3,0.848159772684369,99,99,4.488125,99,12.6395833333333,9999,7.22,13.33,17.27,5.916106,2.5,NA,NA,NA,NA,"weekend"
2024-10-19,3.36,-0.606,3.966,3.36,0.52,2.84,14.6,65,1,0.808332233676228,99,99,2.645,3.14,12.4458333333333,9999,13.33,15.56,15.49,8.231104,2,NA,NA,NA,NA,"weekend"
2024-10-20,3.338,-0.483,3.821,3.338,0.961,2.377,15.1,62,5,0.748902530373613,99,99,2.19875,2.58,12.51875,9999,9.44,16.11,6.35,5.50883783333333,1.75,NA,NA,NA,NA,"weekend"
2024-10-21,3.017,-0.346,3.363,3.017,1.071,1.946,15.6,60,2,0.656827983569519,99,99,1.80229166666667,2.45,12.6875,9999,7.78,13.33,5.33,4.1798575,5,NA,NA,NA,NA,"weekday"
2024-10-22,2.663,-0.157,2.82,2.663,1.106,1.557,16.5,61,5,0.562134325584197,99,99,1.45145833333333,1.96,12.7979166666667,9999,6.11,13.33,0.25,2.33643316666667,7,NA,NA,NA,NA,"weekday"
2024-10-23,2.375,-0.078,2.453,2.375,1.226,1.149,17.6,58,5,0.473662326979886,99,99,1.01625,1.31,12.9270833333333,9999,3.33,11.67,0.25,2.03634083333333,0.25,NA,NA,NA,NA,"weekday"
2024-10-24,2.206,0.048,2.158,2.202,1.22,0.982,18.7,64,8,0.401635406805725,99,99,0.724166666666667,0.82,12.85,9999,3.89,12.78,0.51,2.93661783333333,0.5,1,0,1,1.239,"weekday"
2024-10-25,2.305,0.251,2.054,2.208,1.262,0.946,9.4,61,9,0.413608510550738,99,99,1.241875,4.39,12.5604166666667,9999,7.78,15.56,6.86,6.02328183333333,2.5,NA,NA,NA,NA,"weekend"
2024-10-26,2.468,0.685,1.783,2.468,1.132,1.336,10.2,59,8,0.451768746152277,99,99,3.348125,4.83,12.6770833333333,9999,12.22,15,5.82,4.86578283333333,2.5,NA,NA,NA,NA,"weekend"
2024-10-27,2.611,0.556,2.055,2.611,0.95,1.661,10.7,52,19,0.5971557585756,99,99,3.66479166666667,4.9,12.6895833333333,9999,10,12.78,30.47,6.45198516666667,1.5,NA,NA,NA,NA,"weekend"
2024-10-28,2.659,0.589,2.07,2.659,0.599,2.06,11.5,53,10,0.630959586661459,99,99,4.08083333333333,5.67,12.7145833333333,9999,8.33,13.33,2.78,3.38675633333333,8,NA,NA,NA,NA,"weekday"
2024-10-29,2.644,0.291,2.353,2.644,0.291,2.353,11.7,50,1,0.587072397579719,99,99,2.19063829787234,3.25,12.663829787234,9999,6.11,12.22,0,2.22925733333333,5,NA,NA,NA,NA,"weekday"
2024-10-30,2.922,0.247,2.675,2.922,0.248,2.674,12.2,50,5,0.618489288508702,99,99,2.25020833333333,4.23,12.5083333333333,9999,6.67,10.56,6.58,5.0801345,4,1,1,0,2.037,"weekday"
2024-10-31,2.966,0.194,2.772,2.966,0.356,2.61,12.8,49,15,0.781338594976595,99,99,4.10791666666667,5.04,12.2979166666667,9999,6.67,10.56,45.7,4.4370795,3,NA,NA,NA,NA,"weekday"
2024-11-01,3.097,0.072,3.025,3.097,0.347,2.75,13.1,53,4,0.650987711097529,99,99,2.78020833333333,3.56,12.3458333333333,9999,8.89,12.22,27.18,3.729719,3,NA,NA,NA,NA,"weekend"
2024-11-02,3.043,-0.093,3.136,3.043,0.422,2.621,13.5,59,2,0.634558113965931,99,99,2.02104166666667,2.23,12.2104166666667,9999,8.33,11.67,8.38,1.84342433333333,4,NA,NA,NA,NA,"weekend"
2024-11-03,2.845,-0.309,3.154,2.845,0.693,2.152,12.9,66,16,0.932057938113291,99,99,4.0230612244898,5.33,12.1938775510204,9999,7.78,12.22,1.27,2.42817568,4,NA,NA,NA,NA,"weekend"
2024-11-04,2.962,-0.199,3.161,2.962,1.186,1.776,13.2,54,22,0.72187672077717,99,99,4.989375,6.11,12.21875,9999,10,12.22,25.65,7.60948416666667,1.5,NA,NA,NA,NA,"weekday"
2024-11-05,2.655,-0.252,2.907,2.655,1.109,1.546,14,60,5,0.572387980307064,99,99,3.25541666666667,4.99,11.95625,9999,5.56,11.11,0,2.35786833333333,6,NA,NA,NA,NA,"weekday"
2024-11-06,2.541,-0.089,2.63,2.541,1.167,1.374,14.4,58,6,0.495607707768957,99,99,1.48702127659574,1.9,11.7808510638298,9999,5,13.33,0,3.343886,6,NA,NA,NA,NA,"weekday"
2024-11-07,2.381,-0.001,2.382,2.381,1.261,1.12,15.5,62,10,0.488246863789211,99,99,1.626875,2.39,11.66875,9999,3.89,15.56,0,2.85087716666667,10,1,1,0,1.632,"weekday"
2024-11-08,2.33,0.171,2.159,2.33,1.294,1.036,16.4,58,11,0.492108727823435,99,99,2.47234042553192,3.31,11.8106382978723,9999,5,14.44,0,2.16495183333333,8,2,0.5,1,1.6955,"weekend"
2024-11-09,2.289,0.198,2.091,2.24,1.325,0.915,7.2,55,22,0.521449901716359,99,99,3.14333333333333,3.81,12.1770833333333,9999,8.89,11.11,7.11,3.04379366666667,3,NA,NA,NA,NA,"weekend"
2024-11-10,2.437,0.296,2.141,2.437,1.104,1.333,8.2,52,8,0.491036658509321,99,99,2.27916666666667,3.41,11.9895833333333,9999,8.89,11.67,12.7,4.54425533333333,2.5,NA,NA,NA,NA,"weekend"
2024-11-11,2.851,0.563,2.288,2.851,0.842,2.009,9.1,45,7,0.620976650124624,99,99,3.14895833333333,5.57,12.0145833333333,9999,9.44,12.22,14.48,6.25906866666667,6,NA,NA,NA,NA,"weekday"
2024-11-12,3.04,0.474,2.566,3.04,0.474,2.566,9.7,40,13,0.789358600383881,99,99,5.35666666666667,6.56,11.9833333333333,9999,9.44,12.22,15.23,5.916106,4,NA,NA,NA,NA,"weekday"
2024-11-13,3.543,0.332,3.211,3.543,0.332,3.211,10.3,39,6,0.732234934976473,99,99,3.86291666666667,6.14,12.1166666666667,9999,10.56,12.78,26.93,8.46689083333333,2.5,NA,NA,NA,NA,"weekday"
2024-11-14,3.461,-0.333,3.794,3.461,-0.274,3.735,11.1,41,5,0.848657763765819,99,99,4.18708333333333,5.76,11.9958333333333,9999,2.22,10.56,6.08,2.91518266666667,3,NA,NA,NA,NA,"weekday"
2024-11-15,3.416,-0.74,4.156,3.416,-0.454,3.87,11.6,48,0,0.874583329363189,99,99,2.93083333333333,3.9,11.6458333333333,9999,0,8.89,0.76,1.671943,0.25,NA,NA,NA,NA,"weekend"
2024-11-16,3.572,-0.462,4.034,3.572,0.3,3.272,12.1,53,2,0.815720540381324,99,99,2.728125,4.34,11.76875,9999,3.33,11.67,30.73,5.61601366666667,1.25,NA,NA,NA,NA,"weekend"
2024-11-17,3.581,-0.553,4.134,3.581,0.949,2.632,12.8,58,4,0.797627732717463,99,99,3.26270833333333,4.34,11.75625,9999,4.44,11.11,14.2,5.57314333333333,2,NA,NA,NA,NA,"weekend"
2024-11-18,3.221,-0.472,3.693,3.221,1.178,2.043,13.7,62,12,0.77957360140015,99,99,4.20145833333333,5.2,11.2166666666667,9999,2.78,7.22,13.44,4.06878436363636,8,NA,NA,NA,NA,"weekday"
2024-11-19,3.208,0.199,3.009,3.208,1.32,1.888,14.6,61,12,0.680225697838592,99,99,3.19085106382979,4.56,11.3148936170213,9999,3.33,7.22,28.44,7.95244683333333,4,NA,NA,NA,NA,"weekday"
2024-11-20,3.216,0.292,2.924,3.216,1.882,1.334,15.3,51,31,0.791022755677736,99,99,6.01229166666667,7.57,11.225,9999,5.56,8.89,35.81,6.58059616666667,3,NA,NA,NA,NA,"weekday"
2024-11-21,2.637,0.364,2.273,2.635,1.541,1.094,15.9,52,7,0.50939375732335,99,99,2.83083333333333,3.96,10.9520833333333,9999,5,8.33,9.64,4.0512465,7,NA,NA,NA,NA,"weekday"
2024-11-22,2.729,0.476,2.253,2.717,1.72,0.997,17.1,53,18,0.495072721930829,99,99,5.12520833333333,99,11.2166666666667,9999,6.67,11.11,12.2,7.973882,3,NA,NA,NA,NA,"weekend"
2024-11-23,2.717,0.808,1.909,2.717,1.483,1.234,7,41,5,0.398880934615833,99,99,2.54333333333333,3.02,11.2625,9999,6.67,10,8.88,4.47994983333333,3,NA,NA,NA,NA,"weekend"
2024-11-24,2.761,0.917,1.844,2.761,1.273,1.488,8.1,37,3,0.397409109105466,99,99,1.74958333333333,2.38,11.0145833333333,9999,6.67,8.33,6.6,4.52282016666667,3,NA,NA,NA,NA,"weekend"
2024-11-25,2.781,0.95,1.831,2.781,0.95,1.831,8.7,33,3,0.426820805491016,99,99,1.24936170212766,1.56,10.7446808510638,9999,6.11,10,10.16,3.06522883333333,4,NA,NA,NA,NA,"weekday"
2024-11-26,2.747,0.535,2.212,2.747,0.535,2.212,9,34,1,0.468691796386495,99,99,0.907659574468085,1.26,10.668085106383,9999,4.44,8.89,0.25,1.929165,3,NA,NA,NA,NA,"weekday"
2024-11-27,2.707,0.208,2.499,2.707,0.208,2.499,9.6,33,4,0.522696852869806,99,99,0.912291666666667,1.21,10.10625,9999,4.44,8.89,0.76,1.05032316666667,0.25,NA,NA,NA,NA,"weekday"
2024-11-28,2.744,-0.008,2.752,2.744,-0.008,2.752,10.1,34,1,0.566658627393954,99,99,0.689583333333333,0.84,10.0916666666667,9999,2.22,7.78,0,2.829442,0.5,NA,NA,NA,NA,"weekday"
2024-11-29,2.828,-0.222,3.05,2.828,-0.202,3.03,10.5,35,1,0.613632626251245,99,99,0.873958333333333,1.01,9.85208333333333,9999,1.67,7.22,0,2.35786833333333,10,NA,NA,NA,NA,"holiday"
2024-11-30,2.907,-0.322,3.229,2.907,-0.102,3.009,11.3,42,2,0.643535546803749,99,99,1.34583333333333,1.86,9.09791666666667,9999,1.11,6.67,0,2.72226616666667,1.25,NA,NA,NA,NA,"weekend"
2024-12-01,2.959,-0.413,3.372,2.959,0.228,2.731,12,48,4,0.670301424733679,99,99,1.87229166666667,2.15,9.32083333333333,9999,-0.56,10,0,3.77258933333333,0.25,NA,NA,NA,NA,"weekend"
2024-12-02,2.957,-0.449,3.406,2.957,0.595,2.362,12.4,54,2,0.644987596779969,99,99,1.755625,2.04,9.17291666666667,9999,1.67,5.56,0,4.501385,0.5,1,0,1,2.892,"weekday"
2024-12-03,2.921,-0.45,3.371,2.921,1.042,1.879,13.2,58,4,0.629839662136325,99,99,1.53458333333333,1.82,8.98333333333333,9999,0.56,7.22,0,5.54704834782609,5,4,0.5,0.25,1.83825,"weekday"
2024-12-04,2.876,-0.329,3.205,2.876,1.178,1.698,13.8,60,3,0.603820337517709,99,99,1.58553191489362,1.94,8.7468085106383,9999,-0.56,7.78,0,4.8229125,2,7,0.857142857142857,0.285714285714286,2.28042857142857,"weekday"
2024-12-05,2.713,-0.255,2.968,2.713,1.188,1.525,14.4,61,3,0.582416517622912,99,99,1.79020833333333,2.19,8.64791666666667,9999,0,7.78,0,3.42962666666667,10,2,0.5,0,1.917,"weekday"
2024-12-06,2.567,0.039,2.528,2.567,1.181,1.386,15,55,7,0.549830883090428,99,99,1.94770833333333,2.76,8.97291666666667,9999,2.78,11.11,0,4.45851466666667,5,4,0.25,1,1.31625,"weekend"
2024-12-07,2.505,0.156,2.349,2.394,1.225,1.169,16.5,54,6,0.518738855301972,99,99,2.59729166666667,2.99,9.37708333333333,9999,7.22,11.11,34.56,5.63744883333333,2,1,1,0,1.256,"weekend"
2024-12-08,2.565,0.232,2.333,2.458,1.013,1.445,7.3,46,13,0.597570916293623,99,99,4.10063829787234,5.02,9.47659574468085,9999,5,9.44,13.45,3.04379366666667,0.25,NA,NA,NA,NA,"weekend"
2024-12-09,2.535,0.189,2.346,2.535,0.581,1.954,7.5,38,2,0.526145417161454,99,99,2.42541666666667,3.71,9.35833333333333,9999,2.78,8.33,0,3.12953433333333,2,NA,NA,NA,NA,"weekday"
2024-12-10,2.712,0.216,2.496,2.712,0.216,2.496,8.1,35,13,0.679214988056065,99,99,2.205625,2.67,9.30416666666667,9999,2.22,6.67,0,5.83036533333333,10,1,0,0,1.122,"weekday"
2024-12-11,3.012,0.087,2.925,3.012,0.087,2.925,8.7,29,1,0.623505412967682,99,99,2.03166666666667,2.53,9.22708333333333,9999,2.22,10.56,0,5.10156966666667,10,1,0,0,1.39,"weekday"
2024-12-12,3.365,-0.072,3.437,3.365,-0.072,3.437,9.4,26,3,0.676828634146044,99,99,2.38541666666667,3.3,9.39791666666667,9999,5,6.67,4.82,4.0512465,1.75,2,0.5,0.5,2.4185,"weekday"
2024-12-13,3.574,-0.102,3.676,3.574,-0.081,3.655,10.2,31,3,0.757594218562946,99,99,3.3775,4.31,9.64583333333333,9999,6.11,8.33,4.04,6.02328183333333,2.5,1,1,1,3.506,"weekend"
2024-12-14,3.905,-0.263,4.168,3.905,0.178,3.727,11,38,4,0.805543294925853,99,99,5.160625,6.88,10.2083333333333,9999,5.56,10,21.82,9.28142716666667,2,NA,NA,NA,NA,"weekend"
2024-12-15,3.437,-0.598,4.035,3.437,0.173,3.264,11.8,45,0,0.778055267959802,99,99,2.40770833333333,3.96,9.77916666666667,9999,2.78,7.22,9.65,4.09411683333333,7,NA,NA,NA,NA,"weekend"
2024-12-16,3.574,-0.407,3.981,3.574,0.896,2.678,12.7,53,2,0.753549600225493,99,99,2.74125,3.75,9.86875,9999,5.56,9.44,13.19,5.10156966666667,6,NA,NA,NA,NA,"weekday"
2024-12-17,3.477,-0.02,3.497,3.477,1.367,2.11,13.3,57,7,0.718787172951772,99,99,3.65625,4.55,10.60625,9999,7.22,12.22,77.21,9.36716783333333,1.75,NA,NA,NA,NA,"weekday"
2024-12-18,3.184,-0.143,3.327,3.184,1.485,1.699,14.4,59,13,0.732817849127599,99,99,3.691875,5.29,10.45625,9999,7.78,11.67,7.88,5.74462466666667,2,3,1,0.333333333333333,2.44966666666667,"weekday"
2024-12-19,2.968,0.119,2.849,2.968,1.365,1.603,14.9,63,12,0.639262856734223,99,99,2.788125,3.61,10.4791666666667,9999,8.33,12.22,16.51,5.57314333333333,3,NA,NA,NA,NA,"weekday"
2024-12-20,2.698,0.356,2.342,2.665,1.322,1.343,15.9,57,8,0.543685570895532,99,99,2.45770833333333,2.97,10.5041666666667,9999,9.44,12.22,2.78,4.1798575,2.5,1,1,0,1.999,"weekend"
2024-12-21,2.722,0.663,2.059,2.468,1.436,1.032,16.7,51,11,0.522425114250837,99,99,3.84770833333333,5.21,10.6666666666667,9999,8.33,12.22,2.79,6.15189283333333,7,1,0,1,1.568,"weekend"
2024-12-22,2.758,0.747,2.011,2.501,1.38,1.121,7.5,48,11,0.501239463729663,99,99,3.891875,5.16,10.325,9999,7.78,11.67,21.31,6.58059616666667,1.5,1,1,0,0.82,"weekend"
2024-12-23,2.783,1.004,1.779,2.692,1.205,1.487,7.7,42,33,0.822854786702976,99,99,6.77041666666667,99,10.3229166666667,9999,7.22,10.56,9.4,5.55170816666667,3,NA,NA,NA,NA,"weekday"
2024-12-24,2.936,0.969,1.967,2.922,0.969,1.953,7.6,35,19,0.605326358256436,99,99,4.95895833333333,6.02,10.4791666666667,9999,6.11,11.11,3.56,4.372774,5,NA,NA,NA,NA,"weekday"
2024-12-25,2.961,1.011,1.95,2.961,1.011,1.95,8.1,28,11,0.47967280514951,99,99,4.26333333333333,5.91,10.43125,9999,5.56,7.22,36.6,6.47342033333333,2,NA,NA,NA,NA,"weekday"
2024-12-26,3.325,0.726,2.599,3.325,0.726,2.599,8.7,27,17,0.561288695770724,99,99,5.006875,6.3,10.4625,9999,7.22,11.11,20.83,7.330827,3,NA,NA,NA,NA,"weekday"
2024-12-27,3.167,0.451,2.716,3.167,0.473,2.694,9.4,26,15,0.684371244281932,99,99,4.146875,4.91,10.40625,9999,6.11,10.56,16.74,5.50883783333333,2,1,0,1,2.842,"weekend"
2024-12-28,3.341,0.233,3.108,3.341,0.29,3.051,10.3,26,17,0.75323303167081,99,99,4.96270833333333,5.94,10.4979166666667,9999,7.78,10,17.26,7.28795666666667,1.75,5,0.4,0.4,2.7014,"weekend"
2024-12-29,3.244,-0.142,3.386,3.244,0.017,3.227,10.9,33,2,0.658107134135469,99,99,3.00875,4.11,10.40625,9999,5,8.89,20.07,2.27212766666667,5,NA,NA,NA,NA,"weekend"
2024-12-30,3.129,-0.369,3.498,3.129,0.033,3.096,11.6,42,1,0.651651747484805,99,99,2.38020833333333,2.69,10.2,9999,4.44,9.44,5.56,2.81825843478261,4,NA,NA,NA,NA,"weekday"
2024-12-31,3.209,-0.392,3.601,3.209,0.371,2.838,12.5,49,2,0.686238296803669,99,99,1.710625,2.34,9.54791666666667,9999,3.33,5.56,2.79,4.501385,7,4,0.75,0.25,2.286,"holiday"
2025-01-01,3.245,-0.317,3.562,3.245,0.956,2.289,13,57,2,0.705186500154392,99,99,2.44645833333333,3.2,9.46875,9999,3.33,6.11,0.51,4.02981133333333,10,1,1,0,1.522,"holiday"
2025-01-02,3.191,-0.314,3.505,3.191,1.199,1.992,13.8,60,5,0.704079540961105,99,99,2.33083333333333,2.73,9.53125,9999,5.56,7.78,7.87,3.986941,4,2,1,0.5,2.566,"weekday"
2025-01-03,3.151,-0.032,3.183,3.151,1.233,1.918,14.6,57,3,0.687046577751465,99,99,2.36520833333333,2.98,9.68333333333333,9999,6.11,10,12.93,5.35879166666667,5,1,0,0,2.364,"weekend"
2025-01-04,2.899,0.208,2.691,2.899,1.188,1.711,15.7,62,6,0.630529142863357,99,99,3.01958333333333,3.5,9.84166666666667,9999,6.67,8.89,23.37,4.39420916666667,2,NA,NA,NA,NA,"weekend"
2025-01-05,2.889,0.303,2.586,2.496,0.943,1.553,16.2,59,6,0.58334723792952,99,99,2.2425,2.69,9.98958333333333,9999,8.33,10,1.27,2.1220815,1.5,NA,NA,NA,NA,"weekend"
2025-01-06,2.84,0.472,2.368,2.221,0.661,1.56,7.5,51,10,0.61281726476985,99,99,2.059375,2.67,9.83958333333333,9999,5,8.33,0,6.044717,10,NA,NA,NA,NA,"weekday"
2025-01-07,2.851,0.436,2.415,2.581,0.436,2.145,7.5,46,3,0.567740257512183,99,99,1.88520833333333,2.55,9.69166666666667,9999,3.89,7.78,3.04,4.244163,8,4,0.25,0.5,1.1275,"weekday"
2025-01-08,2.877,0.171,2.706,2.837,0.171,2.666,7.5,32,3,0.55665608772383,99,99,2.455625,2.88,9.59583333333333,9999,6.11,10,1.01,3.85833,9,4,0.5,0.5,1.54925,"weekday"
2025-01-09,2.895,-0.072,2.967,2.895,-0.072,2.967,8.1,30,3,0.565807387721299,99,99,1.565625,2.05,9.73125,9999,5,12.22,0,4.84434766666667,10,NA,NA,NA,NA,"weekday"
2025-01-10,3.032,-0.366,3.398,3.032,-0.366,3.398,8.6,25,4,0.622776043212968,99,99,2.53145833333333,3.65,9.81458333333333,9999,5.56,10,17.01,4.99439383333333,3,NA,NA,NA,NA,"weekend"
2025-01-11,2.873,-0.662,3.535,2.873,-0.662,3.535,9.8,33,6,0.678282389569418,99,99,3.27916666666667,3.77,9.97916666666667,9999,6.11,8.89,0.25,3.23671016666667,4,NA,NA,NA,NA,"weekend"
2025-01-12,2.981,-0.783,3.764,2.981,-0.752,3.733,10.7,34,5,0.782320906022586,99,99,2.63875,3.29,10.14375,9999,2.22,8.33,0,2.33643316666667,6,NA,NA,NA,NA,"weekend"
2025-01-13,2.945,-0.849,3.794,2.945,-0.546,3.491,11.8,43,4,0.823436700663749,99,99,2.52583333333333,3.49,9.51875,9999,-1.11,5,0,2.74370133333333,0.25,NA,NA,NA,NA,"weekday"
2025-01-14,2.902,-0.802,3.704,2.902,-0.016,2.918,12.6,49,0,0.77706627773955,99,99,2.36458333333333,2.88,9.1125,9999,0.56,5.56,0,3.215275,0.5,3,1,NA,2.14166666666667,"weekday"
2025-01-15,2.902,-0.567,3.469,2.902,0.664,2.238,13.3,57,5,0.743308818728797,99,99,2.53958333333333,3.24,9.27708333333333,9999,2.78,8.89,0,4.28703333333333,0.25,NA,NA,NA,NA,"weekday"
2025-01-16,2.778,-0.416,3.194,2.778,0.791,1.987,13.8,59,6,0.682432414236018,99,99,2.27666666666667,2.68,9.34166666666667,9999,0.56,8.89,0.76,2.97948816666667,1,NA,NA,NA,NA,"weekday"
2025-01-17,2.513,-0.29,2.803,2.513,0.679,1.834,14.6,58,3,0.634129324349537,99,99,2.23958333333333,2.6,9.25416666666667,9999,-2.22,6.67,0,2.93661783333333,0.5,2,1,0.5,1.871,"weekend"
2025-01-18,2.377,-0.117,2.494,2.257,0.606,1.651,15.3,57,6,0.658505125264792,99,99,1.765,2.45,9.02708333333333,9999,-1.67,7.22,0,2.33643316666667,0.5,4,1,1,0.99,"weekend"
2025-01-19,2.393,0.201,2.192,1.961,0.578,1.383,16.2,53,19,0.625462229075425,99,99,1.98,2.87,8.70625,9999,-2.22,7.22,0,3.04379366666667,10,NA,NA,NA,NA,"weekend"
2025-01-20,2.341,0.576,1.765,1.793,0.607,1.186,17,58,8,0.463742385382229,99,99,1.56395833333333,1.9,8.36666666666667,9999,-1.67,7.22,0,3.04379366666667,10,NA,NA,NA,NA,"weekday"
2025-01-21,2.419,0.574,1.845,1.987,0.574,1.413,7.4,50,10,0.433466261662889,99,99,1.88645833333333,2.32,8.12083333333333,9999,-3.33,7.22,0,1.929165,8,1,0,1,0.657,"weekday"
2025-01-22,2.334,0.444,1.89,2.142,0.444,1.698,7.4,47,2,0.377998677246363,99,99,1.28375,1.91,7.64583333333333,9999,-2.22,8.89,0,3.38675633333333,10,NA,NA,NA,NA,"weekday"
2025-01-23,2.336,0.355,1.981,2.308,0.355,1.953,7.4,37,7,0.385515239646891,99,99,1.29104166666667,1.93,7.77291666666667,9999,-1.11,7.22,0,2.2506925,10,1,0,1,0.938,"weekday"
2025-01-24,2.398,0.13,2.268,2.398,0.13,2.268,8,32,3,0.426130261774495,99,99,2.15333333333333,2.49,7.87083333333333,9999,-1.67,7.78,0,1.77911883333333,10,1,1,1,2.387,"weekend"
2025-01-25,2.442,-0.125,2.567,2.442,-0.125,2.567,8.8,32,5,0.464788123772542,99,99,1.54979166666667,1.99,7.74166666666667,9999,-3.33,8.89,0,2.5079145,10,2,0,0.5,1.71,"weekend"
2025-01-26,2.537,-0.36,2.897,2.537,-0.36,2.897,9.7,32,5,0.535025233049807,99,99,1.36208333333333,1.49,7.72083333333333,9999,-2.78,8.33,0,2.55078483333333,10,NA,NA,NA,NA,"weekend"
2025-01-27,2.712,-0.497,3.209,2.712,-0.497,3.209,10.6,39,1,0.609939341246324,99,99,1.05895833333333,1.41,7.7625,9999,-1.67,10,0,3.06522883333333,10,NA,NA,NA,NA,"weekday"
2025-01-28,2.908,-0.569,3.477,2.908,-0.531,3.439,11.4,42,1,0.67497851817669,99,99,0.735625,0.88,8.32916666666667,9999,-2.22,9.44,0,2.700831,10,NA,NA,NA,NA,"weekday"
2025-01-29,3.013,-0.656,3.669,3.013,-0.372,3.385,12.2,50,1,0.721323783054462,99,99,0.916875,1.23,8.08333333333333,9999,-3.33,6.67,0,1.8648595,6,5,0.6,0.2,2.1998,"weekday"
2025-01-30,3.072,-0.536,3.608,3.072,0.123,2.949,13,59,1,0.758516974101437,99,99,1.4,2.21,8.47291666666667,9999,3.33,6.67,8.9,4.1798575,3,NA,NA,NA,NA,"weekday"
2025-01-31,3.306,-0.225,3.531,3.306,0.948,2.358,13.7,58,3,0.756750289065026,99,99,3.10166666666667,3.72,8.2125,9999,4.44,9.44,29.2,6.83781816666667,1.75,NA,NA,NA,NA,"weekend"
2025-02-01,2.978,-0.143,3.121,2.978,0.683,2.295,14.6,61,3,0.742478282510674,99,99,2.94729166666667,3.45,7.91458333333333,9999,0,6.11,9.88,4.501385,1.75,NA,NA,NA,NA,"weekend"
2025-02-02,3.056,0.157,2.899,2.774,0.571,2.203,15.4,57,4,0.714191150883291,99,99,2.799375,3.42,7.92083333333333,9999,-1.11,3.33,6.35,3.6654135,2.5,NA,NA,NA,NA,"weekend"
2025-02-03,3.079,0.447,2.632,2.455,0.447,2.008,16.3,61,4,0.643578278067245,99,99,2.02833333333333,2.54,7.64375,9999,-0.56,3.33,2.02,3.36532116666667,0.75,NA,NA,NA,NA,"weekday"
2025-02-04,3.098,0.369,2.729,2.22,0.369,1.851,17.6,62,2,0.584046231046824,99,99,1.17270833333333,1.73,7.47291666666667,9999,-0.56,3.33,0.75,3.64397833333333,0.75,NA,NA,NA,NA,"weekday"
2025-02-05,3.063,0.369,2.694,2.602,0.369,2.233,7.1,57,2,0.532360779922789,99,99,1.388125,2.54,7.35833333333333,9999,0.56,2.78,11.67,4.28703333333333,2,NA,NA,NA,NA,"weekday"
2025-02-06,2.959,0.228,2.731,2.875,0.228,2.647,7.1,42,0,0.492194067416502,99,99,1.17416666666667,2.05,7.02083333333333,9999,0,3.89,1.52,3.472497,4,NA,NA,NA,NA,"weekday"
2025-02-07,2.822,0.001,2.821,2.822,0.001,2.821,7.3,35,4,0.497692676257146,99,99,0.869375,1.04,6.89791666666667,9999,-1.11,5,2.28,3.30101566666667,9,NA,NA,NA,NA,"weekend"
2025-02-08,2.768,-0.233,3.001,2.768,-0.233,3.001,8.7,39,1,0.535577258665825,99,99,1.13895833333333,1.49,7.03958333333333,9999,1.11,5.56,3.04,1.97203533333333,7,NA,NA,NA,NA,"holiday"
2025-02-09,2.768,-0.42,3.188,2.768,-0.42,3.188,9.9,43,3,0.60039653563291,99,99,1.46234042553191,1.67,6.86595744680851,9999,-0.56,5.56,0,2.186387,3,NA,NA,NA,NA,"weekend"
2025-02-10,2.833,-0.521,3.354,2.833,-0.521,3.354,10.8,45,1,0.656598050560615,99,99,1.13833333333333,1.37,6.68541666666667,9999,-1.67,5,0,2.6365255,10,NA,NA,NA,NA,"weekday"
2025-02-11,2.826,-0.541,3.367,2.826,-0.541,3.367,11.6,48,1,0.699913566092271,99,99,1.09208333333333,1.42,6.90208333333333,9999,-3.33,3.89,0,3.2208667826087,10,NA,NA,NA,NA,"weekday"
2025-02-12,2.913,-0.385,3.298,2.913,-0.261,3.174,12.5,55,1,0.714645366598007,99,99,0.830625,0.95,6.64375,9999,-3.33,5.56,0,5.50883783333333,10,NA,NA,NA,NA,"weekday"
2025-02-13,3.09,-0.082,3.172,3.09,0.336,2.754,12.9,60,0,0.706639936601378,99,99,1.39458333333333,2.3,6.87291666666667,9999,-1.11,2.22,3.55,7.15934566666667,1.75,NA,NA,NA,NA,"weekday"
2025-02-14,2.778,-0.172,2.95,2.735,0.48,2.255,13.6,61,5,0.699192391262948,99,99,2.364375,2.94,6.71666666666667,9999,-0.56,7.22,0,1.82198916666667,7,1,1,1,2.539,"weekend"
2025-02-15,2.589,0.172,2.417,2.589,0.423,2.166,14.4,61,4,0.650937785045545,99,99,2.01895833333333,3.09,6.71041666666667,9999,1.11,5,7.61,4.9515235,3,2,1,0.5,1.556,"weekend"
2025-02-16,2.838,0.598,2.24,2.612,0.68,1.932,15.2,65,2,0.590525189979225,99,99,2.90979166666667,3.47,6.775,9999,5,8.89,23.87,3.70828383333333,2.5,NA,NA,NA,NA,"weekend"
2025-02-17,2.87,0.64,2.23,2.287,0.668,1.619,15.9,58,11,0.622458833980208,99,99,3.29770833333333,4.53,7.24791666666667,9999,6.67,8.89,8.62,2.78657166666667,0.5,NA,NA,NA,NA,"weekday"
2025-02-18,2.663,0.533,2.13,2.04,0.533,1.507,16.6,63,5,0.480989604877278,99,99,2.27520833333333,3.54,7.44791666666667,9999,6.67,10,10.14,4.244163,3,NA,NA,NA,NA,"weekday"
2025-02-19,2.785,0.813,1.972,2.205,0.813,1.392,6.8,58,13,0.41466613076064,99,99,3.27395833333333,4.05,7.67291666666667,9999,6.11,9.44,8.61,6.70920716666667,2,NA,NA,NA,NA,"weekday"
2025-02-20,2.425,0.487,1.938,2.092,0.487,1.605,6.8,58,4,0.371776814769291,99,99,2.444375,3.65,7.75416666666667,9999,6.11,9.44,0,1.929165,6,NA,NA,NA,NA,"weekday"
2025-02-21,2.401,0.482,1.919,2.306,0.482,1.824,6.8,47,10,0.407635866920466,99,99,2.645,4.41,7.78541666666667,9999,6.11,10,10.66,4.39420916666667,4,NA,NA,NA,NA,"weekend"
2025-02-22,2.513,0.699,1.814,2.513,0.699,1.814,7.6,42,13,0.402196469402704,99,99,3.8475,4.68,8.22708333333333,9999,8.89,11.11,42.4,6.47342033333333,1.5,NA,NA,NA,NA,"weekend"
2025-02-23,2.732,0.484,2.248,2.732,0.484,2.248,8.3,47,10,0.457888632748183,99,99,2.899375,3.57,8.24791666666667,9999,7.78,10.56,16.49,5.12300483333333,1.75,NA,NA,NA,NA,"weekend"
2025-02-24,2.906,0.442,2.464,2.904,0.442,2.462,9.5,51,8,0.554217466343312,99,99,4.0725,9.38,8.7875,9999,7.22,11.11,34.79,9.88161183333333,3,NA,NA,NA,NA,"weekday"
2025-02-25,3.161,-0.111,3.272,3.161,-0.111,3.272,10.4,49,16,0.716157105668861,99,99,6.13354166666667,9.5,9.11875,9999,4.44,10,9.89,9.3242975,1.5,NA,NA,NA,NA,"weekday"
2025-02-26,3.001,-0.317,3.318,3.001,-0.317,3.318,11.2,54,1,0.697719857822608,99,99,2.184375,3.16,9.1375,9999,2.78,13.89,0,5.03726416666667,0.5,1,0,0,1.435,"weekday"
2025-02-27,3.045,-0.439,3.484,3.045,-0.439,3.484,12.1,58,7,0.796661785201223,99,99,2.845625,3.42,9.18958333333333,9999,3.33,12.78,0,2.52934966666667,0.5,NA,NA,NA,NA,"weekday"
2025-02-28,3.05,-0.376,3.426,3.05,-0.303,3.353,13.1,62,3,0.831597859545105,99,99,2.47979166666667,3.03,9.46875,9999,6.67,15.56,0,2.829442,2.5,NA,NA,NA,NA,"weekend"
2025-03-01,3.028,-0.057,3.085,3.028,0.206,2.822,13.7,58,19,1.04296116897994,99,99,3.94083333333333,5.11,9.38125,9999,3.33,9.44,0,2.65796066666667,0.25,2,0.5,1,2.6965,"weekend"
2025-03-02,3.187,0.048,3.139,2.845,0.048,2.797,14.7,59,6,0.889838187537487,99,99,3.45354166666667,4.19,9.58333333333333,9999,8.33,11.11,0.76,2.5079145,2.5,NA,NA,NA,NA,"weekend"
2025-03-03,3.174,-0.164,3.338,2.556,-0.164,2.72,15.4,62,2,0.760593189556678,99,99,2.38020833333333,3.17,9.59791666666667,9999,6.67,8.89,0.5,3.32245083333333,4,NA,NA,NA,NA,"weekday"
2025-03-04,3.16,-0.068,3.228,2.408,-0.068,2.476,16.3,65,1,0.67994852746366,99,99,2.05617021276596,2.83,9.41914893617021,9999,6.11,10.56,5.6,5.658884,8,NA,NA,NA,NA,"weekday"
2025-03-05,3.069,0.005,3.064,2.183,0.005,2.178,6.4,67,2,0.607652861426654,99,99,2.6875,3.11,9.39375,9999,3.33,10.56,0.25,3.10809916666667,0.5,NA,NA,NA,NA,"weekday"
2025-03-06,2.826,0.05,2.776,2.486,0.05,2.436,6.3,65,6,0.541702870584973,99,99,2.64770833333333,3.36,9.52708333333333,9999,-0.56,10,0,2.2506925,0.5,NA,NA,NA,NA,"weekday"
2025-03-07,2.574,0.067,2.507,2.541,0.067,2.474,6.3,56,3,0.459499727965099,99,99,1.82354166666667,2.25,9.40416666666667,9999,5.56,10.56,0,3.25814533333333,10,NA,NA,NA,NA,"weekend"
2025-03-08,2.615,0.216,2.399,2.615,0.216,2.399,7.2,53,9,0.459555219750576,99,99,3.04333333333333,3.52,9.36666666666667,9999,7.22,10.56,1.02,6.13045766666667,2.5,NA,NA,NA,NA,"weekend"
2025-03-09,2.73,0.105,2.625,2.73,0.105,2.625,9.5,55,4,0.507381513261963,99,99,3.06413043478261,4.28,9.20217391304348,9999,4.44,10.56,16.74,5.79918690909091,2,NA,NA,NA,NA,"weekend"
2025-03-10,2.713,-0.036,2.749,2.713,-0.036,2.749,11,59,4,0.589796575100263,99,99,2.55645833333333,3.04,9.08541666666667,9999,2.78,7.78,1.01,2.52934966666667,0.5,NA,NA,NA,NA,"weekday"
2025-03-11,2.885,0.045,2.84,2.885,0.045,2.84,11.8,62,3,0.627242377394895,99,99,2.14625,2.49,9.19166666666667,9999,5.56,9.44,0,3.55823766666667,9,NA,NA,NA,NA,"weekday"
2025-03-12,3.073,0.228,2.845,3.073,0.228,2.845,12.6,63,9,0.676519031513527,99,99,3.17916666666667,3.95,9.275,9999,5.56,8.33,12.94,3.64397833333333,1.25,NA,NA,NA,NA,"weekday"
2025-03-13,2.94,0.154,2.786,2.94,0.154,2.786,13.2,62,10,0.717932448075722,99,99,2.85895833333333,3.29,9.04375,9999,2.78,7.78,10.66,5.05869933333333,3,NA,NA,NA,NA,"weekday"
2025-03-14,3.007,0.414,2.593,3.007,0.417,2.59,14.1,63,3,0.69036439653273,99,99,2.36583333333333,2.95,8.96875,9999,2.78,9.44,1.02,5.74462466666667,5,NA,NA,NA,NA,"weekend"
2025-03-15,3.111,0.594,2.517,2.884,0.646,2.238,14.9,64,0,0.678521186109911,99,99,3.73770833333333,5.07,9.11875,9999,5,9.44,14.21,7.60948416666667,1.25,NA,NA,NA,NA,"weekend"
2025-03-16,3.09,0.498,2.592,2.773,0.498,2.275,15.3,63,11,0.708952748778083,99,99,3.4925,4.05,9.25833333333333,9999,4.44,10,5.85,2.66168852173913,8,NA,NA,NA,NA,"weekend"
2025-03-17,2.989,0.336,2.653,2.526,0.336,2.19,15.7,62,4,0.626614714158549,99,99,2.44604166666667,3.09,9.25833333333333,9999,1.67,9.44,3.81,2.72226616666667,5,NA,NA,NA,NA,"weekday"
2025-03-18,2.832,0.215,2.617,2.236,0.215,2.021,16.4,64,3,0.559847300609729,99,99,2.22875,2.59,9.15208333333333,9999,0,8.89,1.27,3.12953433333333,9,NA,NA,NA,NA,"weekday"
2025-03-19,2.798,0.432,2.366,2.35,0.432,1.918,17.4,67,4,0.503751923073252,99,99,2.5775,4.21,9.175,9999,5.56,9.44,12.43,5.84408384,5,NA,NA,NA,NA,"weekday"
2025-03-20,2.886,0.574,2.312,2.219,0.574,1.645,6.9,66,9,0.471115697042669,99,99,3.69770833333333,4.4,9.25,9999,6.67,9.44,22.34,7.3951325,2.5,NA,NA,NA,NA,"weekday"
2025-03-21,2.781,0.665,2.116,2.477,0.665,1.812,6.8,68,6,0.414547946563483,99,99,3.25604166666667,4.55,9.24166666666667,9999,6.67,10,9.39,4.629996,3,NA,NA,NA,NA,"weekend"
2025-03-22,2.566,0.572,1.994,2.466,0.572,1.894,6.8,60,8,0.397070522703461,99,99,2.91895833333333,3.33,9.32291666666667,9999,3.89,10,1.52,2.55078483333333,10,NA,NA,NA,NA,"weekend"
2025-03-23,2.518,0.655,1.863,2.518,0.655,1.863,7,57,8,0.380742695268077,99,99,2.96125,4.09,9.49375,9999,7.22,10.56,40.89,8.59550183333333,1.5,NA,NA,NA,NA,"weekend"
2025-03-24,2.457,0.298,2.159,2.457,0.298,2.159,8.6,61,17,0.470575179965965,99,99,2.44520833333333,3.06,9.58958333333333,9999,9.44,11.67,21.58,1.800554,1,NA,NA,NA,NA,"weekday"
2025-03-25,2.555,0.161,2.394,2.555,0.161,2.394,10,63,13,0.575340768588495,99,99,2.20916666666667,2.71,10.0833333333333,9999,10,19.44,0,2.7651365,0.25,2,0.5,1,2.096,"weekday"
2025-03-26,2.818,0.097,2.721,2.818,0.097,2.721,11.2,69,5,0.630668692738113,99,99,1.73770833333333,2.1,10.2770833333333,9999,11.11,18.33,6.35,5.23018066666667,5,NA,NA,NA,NA,"weekday"
2025-03-27,3.122,0.27,2.852,3.122,0.27,2.852,11.8,71,5,0.725190319847142,99,99,2.9675,4.28,10.2208333333333,9999,8.33,12.22,10.9,5.87323566666667,6,NA,NA,NA,NA,"weekday"
2025-03-28,3.296,0.302,2.994,3.296,0.302,2.994,13,75,3,0.770926066494058,99,99,3.10893617021277,4.15,10.0978723404255,9999,7.78,10.56,12.68,6.7520775,3,NA,NA,NA,NA,"weekend"
2025-03-29,3.38,0.175,3.205,3.09,0.175,2.915,13.8,70,1,0.833478853960915,99,99,2.17645833333333,2.78,10.30625,9999,6.11,11.11,8.13,3.30101566666667,7,NA,NA,NA,NA,"weekend"
2025-03-30,3.439,-0.166,3.605,3.137,-0.166,3.303,14.4,67,4,0.858916177516759,99,99,1.09458333333333,1.6,10.3333333333333,9999,5,16.11,7.36,5.8518005,5,NA,NA,NA,NA,"weekend"
2025-03-31,3.663,-0.231,3.894,3.005,-0.231,3.236,15.4,66,0,0.828685103039749,99,99,1.811875,2.53,10.2,9999,5.56,10.56,0.25,4.6943015,10,NA,NA,NA,NA,"weekday"
2025-04-01,3.573,-0.294,3.867,2.713,-0.294,3.007,16.2,66,3,0.778349535877038,99,99,2.03270833333333,2.52,10.225,9999,2.22,11.67,0,3.6654135,0.5,NA,NA,NA,NA,"weekday"
2025-04-02,3.362,-0.306,3.668,2.432,-0.306,2.738,17.3,68,2,0.701414285568807,99,99,1.95645833333333,2.51,10.3145833333333,9999,6.11,10.56,0,3.17240466666667,9,NA,NA,NA,NA,"weekday"
2025-04-03,3.075,-0.194,3.269,2.42,-0.194,2.614,6.4,69,2,0.608077297717979,99,99,1.29625,1.43,10.5916666666667,9999,1.11,13.33,0,2.78657166666667,10,NA,NA,NA,NA,"weekday"
2025-04-04,2.694,-0.068,2.762,2.513,-0.068,2.581,6.4,74,2,0.508936145307051,99,99,0.884583333333333,1.32,10.7125,9999,2.78,18.33,0,3.4081915,1.25,2,0.5,0,0.0455,"weekend"
2025-04-05,2.48,0.099,2.381,2.48,0.099,2.381,6.4,68,2,0.45110863436649,99,99,0.853125,1.62,11.1791666666667,9999,6.11,18.33,0,3.96550583333333,10,3,0,0.333333333333333,1.12933333333333,"weekend"
2025-04-06,2.435,0.336,2.099,2.435,0.336,2.099,7.9,73,7,0.45240247567846,99,99,2.29645833333333,3.39,11.1354166666667,9999,8.89,11.11,18.79,3.215275,1.75,NA,NA,NA,NA,"weekend"
2025-04-07,2.554,0.358,2.196,2.544,0.358,2.186,9.7,74,4,0.479164898547463,99,99,2.45583333333333,2.98,10.8708333333333,9999,8.89,11.11,20.32,4.67286633333333,4,NA,NA,NA,NA,"weekday"
2025-04-08,2.729,0.485,2.244,2.729,0.485,2.244,10.7,73,4,0.528467595979167,99,99,2.84145833333333,3.9,10.7208333333333,9999,8.33,11.11,20.56,7.77839328,1.75,NA,NA,NA,NA,"weekday"
2025-04-09,2.675,0.287,2.388,2.528,0.287,2.241,11.4,83,3,0.576137136452772,99,99,1.7275,2.31,11.3625,9999,6.11,15,0,2.7651365,10,NA,NA,NA,NA,"weekday"
2025-04-10,2.71,0.462,2.248,2.661,0.462,2.199,12.3,83,4,0.613604921753403,99,99,1.79234042553191,3.15,10.9234042553191,9999,7.78,13.33,5.34,6.08758733333333,2,NA,NA,NA,NA,"weekday"
2025-04-11,2.756,0.316,2.44,2.504,0.316,2.188,13.2,80,7,0.63466762955109,99,99,2.65104166666667,3.49,11.0166666666667,9999,6.11,11.67,0.25,3.37743669565217,10,NA,NA,NA,NA,"weekend"
2025-04-12,2.728,0.048,2.68,2.355,0.048,2.307,13.6,77,2,0.641965731172623,99,99,1.92208333333333,2.45,10.8666666666667,9999,5.56,11.11,0.25,4.73717183333333,10,NA,NA,NA,NA,"weekend"
2025-04-13,2.659,-0.171,2.83,2.259,-0.171,2.43,14.5,75,3,0.641838764800008,99,99,1.3,1.53,10.7833333333333,9999,1.67,15.56,0,3.343886,10,NA,NA,NA,NA,"weekend"
2025-04-14,2.638,-0.227,2.865,2.282,-0.227,2.509,15.1,74,0,0.622540761717657,99,99,1.39979166666667,2.25,10.79375,9999,7.22,20,0,3.36532116666667,10,NA,NA,NA,NA,"weekday"
2025-04-15,2.654,-0.272,2.926,2.149,-0.272,2.421,15.5,68,3,0.599534819672719,99,99,2.27645833333333,3.22,10.6270833333333,9999,5,15,0,2.78657166666667,10,1,1,1,0.112,"weekday"
2025-04-16,2.635,-0.196,2.831,2.072,-0.196,2.268,16.3,69,5,0.582421668552948,99,99,2.89041666666667,3.45,10.7125,9999,4.44,13.33,0,2.2506925,6,NA,NA,NA,NA,"weekday"
2025-04-17,2.589,-0.093,2.682,1.964,-0.093,2.057,16.9,70,1,0.516280931276761,99,99,1.644375,2.25,11.1520833333333,9999,2.78,18.33,0,3.06522883333333,10,NA,NA,NA,NA,"weekday"
2025-04-18,2.547,0.014,2.533,1.953,0.014,1.939,5.9,69,3,0.463083145882033,99,99,1.36020833333333,1.98,10.98125,9999,3.89,17.78,0,3.55823766666667,10,NA,NA,NA,NA,"weekend"
2025-04-19,2.364,0.056,2.308,2.14,0.056,2.084,5.9,71,4,0.41799521528362,99,99,2.43625,3,10.7604166666667,9999,8.89,11.67,0.25,6.06615216666667,10,1,0,0,0.592,"weekend"
2025-04-20,2.221,0.143,2.078,2.21,0.143,2.067,5.8,76,5,0.387251856031705,99,99,1.85895833333333,2.04,10.1395833333333,9999,8.33,12.78,0.25,4.52282016666667,5,NA,NA,NA,NA,"weekend"
2025-04-21,2.111,0.113,1.998,2.111,0.113,1.998,6.7,78,2,0.389643426737832,99,99,1.97333333333333,2.4,10.2645833333333,9999,6.11,12.22,0,3.94407066666667,10,NA,NA,NA,NA,"weekday"
2025-04-22,2.085,0.048,2.037,2.037,0.048,1.989,7.9,81,1,0.420997624696387,99,99,1.57541666666667,1.87,10.3583333333333,9999,2.22,13.89,0,2.7651365,10,NA,NA,NA,NA,"weekday"
2025-04-23,2.306,-0.021,2.327,2.104,-0.021,2.125,9.4,87,1,0.496586346973011,99,99,1.31166666666667,1.54,10.3041666666667,9999,2.22,15.56,0,2.61509033333333,9,1,1,1,1.843,"weekday"
2025-04-24,2.638,0.01,2.628,2.269,0.01,2.259,10.7,91,1,0.596174471107242,99,99,1.2825,1.74,10.475,9999,3.33,20.56,0,2.29356283333333,10,NA,NA,NA,NA,"weekday"
2025-04-25,2.916,0.103,2.813,2.454,0.103,2.351,11.8,96,1,0.692688963388331,99,99,1.7775,2.36,10.21875,9999,9.44,16.67,0,3.6654135,10,NA,NA,NA,NA,"weekend"
2025-04-26,2.958,-0.264,3.222,2.51,-0.264,2.774,12.9,91,1,0.769909734968977,99,99,2.52270833333333,3.1,9.93333333333333,9999,9.44,12.78,0,5.530273,10,NA,NA,NA,NA,"weekend"
2025-04-27,3.086,-0.669,3.755,2.485,-0.669,3.154,13.7,86,2,0.824686000851233,99,99,1.93708333333333,2.31,9.9375,9999,9.44,11.67,0,4.1798575,10,NA,NA,NA,NA,"weekend"
2025-04-28,3.157,-0.964,4.121,2.39,-0.964,3.354,14.5,83,2,0.844163491274054,99,99,1.18104166666667,1.45,10.325,9999,9.44,11.67,3.05,3.90120033333333,4,NA,NA,NA,NA,"weekday"
2025-04-29,3.219,-0.984,4.203,2.363,-0.984,3.347,15.4,74,0,0.818764923528115,99,99,1.660625,1.87,10.83125,9999,6.67,11.67,4.32,4.86578283333333,1.75,NA,NA,NA,NA,"weekday"
2025-04-30,3.11,-0.937,4.047,2.28,-0.937,3.217,16.3,71,1,0.769530376268539,99,99,1.49041666666667,1.76,10.8729166666667,9999,5,13.89,0,2.74370133333333,10,1,1,0,-0.888,"weekday"
2025-05-01,2.964,-0.708,3.672,2.239,-0.708,2.947,17.2,74,2,0.700616157392905,99,99,0.982083333333333,1.33,10.8354166666667,9999,4.44,22.22,0,3.32245083333333,10,3,0.333333333333333,0,0.981333333333333,"weekday"
2025-05-02,2.821,-0.419,3.24,2.522,-0.419,2.941,5.5,74,2,0.621799807011871,99,99,1.46645833333333,1.95,10.8145833333333,9999,8.89,13.89,0.25,4.244163,5,1,0,1,-0.383,"weekend"
2025-05-03,2.553,-0.221,2.774,2.526,-0.221,2.747,5.6,77,5,0.536373004540683,99,99,1.89375,2.17,11.29375,9999,6.67,13.33,0,3.90120033333333,10,NA,NA,NA,NA,"weekend"
2025-05-04,2.225,-0.077,2.302,2.225,-0.077,2.302,6.3,82,5,0.469947869449368,99,99,1.94041666666667,2.35,11.25,9999,5.56,14.44,0,3.601108,10,1,1,0,1.995,"weekend"
2025-05-05,2.122,0.027,2.095,2.113,0.027,2.086,21.1,92,5,0.438968108180993,99,99,1.36,1.63,11.0354166666667,9999,3.89,18.89,0,2.78657166666667,10,NA,NA,NA,NA,"weekday"
2025-05-06,2.302,0.237,2.065,2.166,0.237,1.929,21.1,96,4,0.441521233917464,99,99,1.32916666666667,1.78,10.7854166666667,9999,7.22,23.33,0,3.81545966666667,10,NA,NA,NA,NA,"weekday"
2025-05-07,2.348,0.301,2.047,2.018,0.301,1.717,10.1,100,4,0.482105797517516,99,99,1.885625,2.32,10.90625,9999,8.89,14.44,1.77,4.58712566666667,1.5,NA,NA,NA,NA,"weekday"
2025-05-08,2.448,0.284,2.164,1.973,0.309,1.664,11.3,103,1,0.519267753668567,99,99,1.70979166666667,2,10.6604166666667,9999,6.11,15.56,0,2.33643316666667,10,NA,NA,NA,NA,"weekday"
2025-05-09,2.611,0.134,2.477,2.046,0.134,1.912,12.2,101,2,0.556927284301999,99,99,1.57770833333333,1.89,10.4375,9999,4.44,17.22,0,2.5079145,10,NA,NA,NA,NA,"weekend"
2025-05-10,2.704,-0.015,2.719,2.158,-0.015,2.173,12.5,96,2,0.587955780650212,99,99,1.235625,1.62,10.6583333333333,9999,7.78,14.44,0,3.32245083333333,10,NA,NA,NA,NA,"weekend"
2025-05-11,2.762,-0.068,2.83,2.337,-0.068,2.405,13.6,92,2,0.601845495123125,99,99,1.36333333333333,1.88,10.81875,9999,8.89,12.22,3.03,2.59365516666667,3,NA,NA,NA,NA,"weekend"
2025-05-12,2.898,-0.091,2.989,2.391,-0.091,2.482,14.1,88,1,0.612386315980362,99,99,1.69104166666667,2.45,11.9166666666667,9999,8.89,14.44,1.51,3.23671016666667,7,NA,NA,NA,NA,"weekday"
2025-05-13,2.854,-0.259,3.113,2.263,-0.259,2.522,14.9,84,9,0.616576840304597,99,99,2.50083333333333,3.07,12.175,9999,11.11,13.89,0,4.4370795,5,2,1,0,0.6955,"weekday"
2025-05-14,2.739,-0.375,3.114,2.161,-0.375,2.536,15.4,81,0,0.601908630939946,99,99,2.03583333333333,2.3,12.025,9999,9.44,13.33,0.51,4.47994983333333,9,NA,NA,NA,NA,"weekday"
2025-05-15,2.67,-0.334,3.004,2.158,-0.334,2.492,16.1,76,2,0.572319840648566,99,99,1.5225,2.14,12.18125,9999,10,11.67,3.8,3.30101566666667,8,NA,NA,NA,NA,"weekday"
2025-05-16,2.714,-0.213,2.927,2.181,-0.213,2.394,17,74,5,0.547093227887167,99,99,1.6425,2.18,11.9729166666667,9999,9.44,12.78,7.11,3.57967283333333,1.25,1,1,0,1.954,"weekend"
2025-05-17,2.689,-0.109,2.798,2.32,-0.109,2.429,5.1,70,4,0.519261013364185,99,99,1.67104166666667,2.15,12.2541666666667,9999,10,13.89,1.27,5.015829,3,1,0,1,0.01,"weekend"
2025-05-18,2.412,-0.123,2.535,2.328,-0.123,2.451,5.1,72,5,0.48145716320354,99,99,1.90416666666667,2.32,12.2770833333333,9999,8.89,13.33,0.25,4.115552,10,NA,NA,NA,NA,"weekend"
2025-05-19,2.467,0.118,2.349,2.467,0.118,2.349,5.4,74,3,0.472920712170656,99,99,1.98979166666667,3.3,12.3270833333333,9999,8.89,13.89,11.93,6.8806885,4,NA,NA,NA,NA,"weekday"
2025-05-20,2.23,0.147,2.083,2.23,0.147,2.083,6.6,82,18,0.499600840671831,99,99,3.114375,3.73,12.6333333333333,9999,9.44,13.89,3.57,5.015829,3,NA,NA,NA,NA,"weekday"
2025-05-21,2.398,0.184,2.214,2.398,0.184,2.214,21.2,100,5,0.48187135212627,99,99,2.05958333333333,2.51,13.2270833333333,9999,6.67,15.56,0,2.78657166666667,10,1,0,1,1.975,"weekday"
2025-05-22,2.534,0.237,2.297,2.521,0.237,2.284,21.5,110,1,0.507953738051016,99,99,1.33,1.97,12.7729166666667,9999,6.67,14.44,0,3.04379366666667,10,NA,NA,NA,NA,"weekday"
2025-05-23,2.803,0.163,2.64,2.596,0.322,2.274,21.5,112,1,0.580286997958769,99,99,0.930208333333333,1.09,12.4625,9999,6.67,14.44,0,2.78657166666667,10,NA,NA,NA,NA,"weekend"
2025-05-24,3.033,-0.215,3.248,2.509,-0.194,2.703,21.5,113,3,0.67003731239387,99,99,1.06083333333333,1.82,12.7833333333333,9999,5.56,16.11,0,3.4081915,10,NA,NA,NA,NA,"holiday"
2025-05-25,3.244,-0.522,3.766,2.322,-0.522,2.844,12.8,106,3,0.742055927811375,99,99,1.75541666666667,2.03,12.93125,9999,10,16.11,0,3.51536733333333,9,NA,NA,NA,NA,"holiday"
2025-05-26,3.253,-0.702,3.955,2.352,-0.702,3.054,13.7,98,1,0.781920072641699,99,99,1.699375,2.27,13.7833333333333,9999,9.44,15,1.77,3.85833,5,NA,NA,NA,NA,"holiday"
2025-05-27,3.219,-1.005,4.224,2.426,-1.005,3.431,14.6,95,1,0.812659830433374,99,99,1.43833333333333,1.76,14.3875,9999,7.22,21.11,0,2.67939583333333,10,NA,NA,NA,NA,"weekday"
2025-05-28,3.273,-0.965,4.238,2.462,-0.965,3.427,15.5,86,1,0.790181624691438,99,99,1.499375,1.8,14.2354166666667,9999,13.33,17.78,0,5.31592133333333,5,NA,NA,NA,NA,"weekday"
2025-05-29,3.202,-0.765,3.967,2.343,-0.765,3.108,16.1,76,6,0.741526129006929,99,99,1.78708333333333,2.14,14.5291666666667,9999,10,16.11,7.86,4.5656905,2.5,NA,NA,NA,NA,"weekday"
2025-05-30,2.931,-0.701,3.632,2.327,-0.701,3.028,17,71,1,0.701396464205516,99,99,1.37270833333333,1.69,14.7229166666667,9999,6.67,21.67,0,3.32245083333333,10,NA,NA,NA,NA,"weekend"
2025-05-31,2.726,-0.505,3.231,2.562,-0.505,3.067,4.9,71,4,0.631205196429814,99,99,1.76708333333333,2.36,14.075,9999,10.56,15.56,2.54,4.71573666666667,4,NA,NA,NA,NA,"weekend"
2025-06-01,2.315,-0.395,2.71,2.313,-0.395,2.708,4.9,73,3,0.55833502487306,99,99,2.361875,2.76,12.15625,9999,8.89,15.56,0,4.04845060869565,10,NA,NA,NA,NA,"weekend"
2025-06-02,2.055,-0.147,2.202,2.055,-0.147,2.202,19.7,84,3,0.494381431690148,99,99,2.46020833333333,2.76,10.825,9999,7.78,15.56,0,2.93661783333333,8,NA,NA,NA,NA,"weekday"
2025-06-03,2.111,0.082,2.029,2.111,0.082,2.029,20.3,96,5,0.442865668120707,99,99,1.94458333333333,2.53,10.5833333333333,9999,7.78,16.11,0,3.96550583333333,8,NA,NA,NA,NA,"weekday"
2025-06-04,2.286,0.367,1.919,2.286,0.367,1.919,21,106,2,0.417203787135256,99,99,1.60604166666667,1.84,10.7520833333333,9999,11.11,15,0,4.0512465,4,NA,NA,NA,NA,"weekday"
2025-06-05,2.382,0.442,1.94,2.378,0.617,1.761,21.7,119,6,0.416511704517412,99,99,1.809375,2.14,10.7083333333333,9999,9.44,15.56,0,3.32245083333333,4,NA,NA,NA,NA,"weekday"
2025-06-06,2.439,0.255,2.184,2.375,0.285,2.09,21.7,119,6,0.446425805705719,99,99,1.70833333333333,2.01,10.6979166666667,9999,9.44,16.67,0,3.85833,0.25,NA,NA,NA,NA,"weekend"
2025-06-07,2.55,0.034,2.516,2.353,0.034,2.319,21.8,118,3,0.485685083155742,99,99,1.66666666666667,1.99,10.9729166666667,9999,11.11,20.56,0,3.30101566666667,6,1,1,0,1.383,"weekend"
2025-06-08,2.676,-0.086,2.762,2.307,-0.086,2.393,21.8,114,3,0.529875457065148,99,99,1.31291666666667,1.96,11.0916666666667,9999,11.67,26.11,0,3.04379366666667,10,NA,NA,NA,NA,"weekend"
2025-06-09,2.683,-0.202,2.885,2.116,-0.202,2.318,21.8,107,9,0.569118616810239,99,99,2.404375,3.28,10.8895833333333,9999,11.11,17.78,0,3.83689483333333,8,NA,NA,NA,NA,"weekday"
2025-06-10,2.71,-0.321,3.031,2.091,-0.321,2.412,14.1,101,8,0.593410481875742,99,99,2.52020833333333,2.94,11.2354166666667,9999,11.67,15,0,3.77258933333333,7,NA,NA,NA,NA,"weekday"
2025-06-11,2.753,-0.404,3.157,2.129,-0.404,2.533,14.8,95,4,0.609929504123222,99,99,2.26104166666667,2.71,11.6833333333333,9999,11.11,14.44,0,4.8229125,9,NA,NA,NA,NA,"weekday"
2025-06-12,2.736,-0.497,3.233,2.132,-0.497,2.629,15.4,91,3,0.611665758400779,99,99,1.87791666666667,2.21,11.0145833333333,9999,11.11,15,0,5.35879166666667,10,NA,NA,NA,NA,"weekday"
2025-06-13,2.718,-0.499,3.217,2.106,-0.499,2.605,15.8,84,0,0.611939539497163,99,99,1.62166666666667,2.02,10.4520833333333,9999,9.44,14.44,0,4.52282016666667,10,NA,NA,NA,NA,"weekend"
2025-06-14,2.625,-0.489,3.114,2.069,-0.489,2.558,16.4,77,3,0.597326543860224,99,99,1.10770833333333,1.22,10.6083333333333,9999,8.89,14.44,0,3.75115416666667,10,NA,NA,NA,NA,"weekend"
2025-06-15,2.485,-0.454,2.939,2.152,-0.454,2.606,4.8,73,1,0.579868950712142,99,99,0.920625,1.17,9.775,9999,6.67,17.22,0,2.91518266666667,10,NA,NA,NA,NA,"holiday"
2025-06-16,2.398,-0.3,2.698,2.323,-0.3,2.623,4.8,71,1,0.555063960278453,99,99,0.992291666666667,1.67,11.6208333333333,9999,9.44,15.56,0,4.32990366666667,10,NA,NA,NA,NA,"weekday"
2025-06-17,2.335,-0.076,2.411,2.335,-0.076,2.411,18.7,77,5,0.538805159589253,99,99,1.350625,1.73,12.8770833333333,9999,10,17.78,0.5,2.46504416666667,5,NA,NA,NA,NA,"weekday"
2025-06-18,2.441,0.112,2.329,2.441,0.112,2.329,19.4,86,3,0.520471901258848,99,99,0.979375,1.2,12.7854166666667,9999,11.67,16.67,1.01,4.02981133333333,5,NA,NA,NA,NA,"weekday"
2025-06-19,2.641,0.351,2.29,2.641,0.351,2.29,20.1,93,7,0.504759348600895,99,99,1.64916666666667,2.19,13.0666666666667,9999,7.78,16.67,0,3.49393216666667,10,NA,NA,NA,NA,"weekday"
2025-06-20,2.775,0.35,2.425,2.775,0.606,2.169,21,110,4,0.510255818193188,99,99,1.570625,1.86,13.06875,9999,10,15.56,0,4.244163,9,2,0.5,0,1.175,"weekend"
2025-06-21,2.887,-0.014,2.901,2.887,0.212,2.675,21.9,124,4,0.548691169967223,99,99,2.093125,2.96,12.4645833333333,9999,12.22,13.89,9.38,4.73717183333333,3,1,1,0,1.425,"weekend"
2025-06-22,3.001,-0.321,3.322,2.865,-0.311,3.176,21.9,125,4,0.607366446225012,99,99,1.56145833333333,2.19,13.3916666666667,9999,12.78,16.67,0,2.186387,10,NA,NA,NA,NA,"weekend"
2025-06-23,3.142,-0.603,3.745,2.715,-0.603,3.318,21.9,116,2,0.687571814431045,99,99,1.02041666666667,1.2,13.83125,9999,12.22,17.78,0,2.59365516666667,10,NA,NA,NA,NA,"weekday"
2025-06-24,3.111,-0.758,3.869,2.283,-0.758,3.041,21.9,105,2,0.742303172564957,99,99,1.07708333333333,1.31,13.18125,9999,11.11,15.56,0,3.19383983333333,4,NA,NA,NA,NA,"weekday"
2025-06-25,3.165,-0.827,3.992,2.353,-0.827,3.18,14.5,102,1,0.762829600893935,99,99,1.190625,1.43,13.4520833333333,9999,12.78,16.67,0.25,4.15842233333333,4,NA,NA,NA,NA,"weekday"
2025-06-26,3.158,-0.863,4.021,2.445,-0.863,3.308,15.2,91,1,0.767947263814384,99,99,0.923333333333333,1.1,13.4270833333333,9999,13.33,15.56,2.03,3.23671016666667,2.5,NA,NA,NA,NA,"weekday"
2025-06-27,3.114,-0.739,3.853,2.458,-0.739,3.197,15.7,78,2,0.74759012834574,99,99,0.817291666666667,0.97,14.0791666666667,9999,12.78,17.22,0,3.10809916666667,7,NA,NA,NA,NA,"weekend"
2025-06-28,2.945,-0.629,3.574,2.406,-0.629,3.035,16.7,70,2,0.709787292081226,99,99,1.03,1.45,14.8375,9999,12.22,17.78,0,3.343886,7,NA,NA,NA,NA,"weekend"
2025-06-29,2.621,-0.466,3.087,2.408,-0.466,2.874,4.8,70,1,0.648595405472472,99,99,1.38270833333333,1.81,13.3916666666667,9999,9.44,23.89,0,2.700831,10,NA,NA,NA,NA,"weekend"
2025-06-30,2.354,-0.207,2.561,2.354,-0.207,2.561,17.8,70,1,0.585854077394704,99,99,1.79479166666667,2.09,12.23125,9999,9.44,20.56,0,3.12953433333333,0.25,NA,NA,NA,NA,"weekday"
2025-07-01,2.385,0.118,2.267,2.385,0.118,2.267,18.7,77,3,0.517148914723796,99,99,1.51333333333333,1.88,9.99166666666667,9999,11.67,18.33,0,3.83689483333333,5,NA,NA,NA,NA,"weekday"
2025-07-02,2.398,0.444,1.954,2.398,0.444,1.954,19.2,85,7,0.449327274934429,99,99,1.139375,1.6,10.175,9999,11.67,17.78,0,5.5945785,10,NA,NA,NA,NA,"weekday"
2025-07-03,2.416,0.647,1.769,2.416,0.7,1.716,19.8,100,3,0.392474202973903,99,99,0.865833333333333,0.93,10.5979166666667,9999,11.11,17.22,0,4.80147733333333,10,NA,NA,NA,NA,"weekday"
2025-07-04,2.382,0.477,1.905,2.382,0.867,1.515,20.6,104,5,0.375961434192392,99,99,0.804791666666667,0.92,11.0395833333333,9999,9.44,16.67,0,3.94407066666667,10,NA,NA,NA,NA,"holiday"
2025-07-05,2.393,0.283,2.11,2.393,0.442,1.951,21.6,123,2,0.379452236783498,99,99,0.939166666666667,1.15,11.75,9999,12.22,18.33,0,4.4370795,10,1,1,0,1.293,"weekend"
2025-07-06,2.48,0.116,2.364,2.446,0.124,2.322,21.8,124,3,0.418380209857015,99,99,1.02854166666667,1.22,11.1375,9999,9.44,21.11,0,2.958053,10,NA,NA,NA,NA,"weekend"
2025-07-07,2.584,-0.076,2.66,2.429,-0.076,2.505,21.8,123,2,0.472531480432786,99,99,1.21979166666667,1.38,10.7125,9999,10.56,19.44,0,3.343886,0.25,NA,NA,NA,NA,"weekday"
2025-07-08,2.683,-0.187,2.87,2.286,-0.187,2.473,21.8,109,4,0.527070204052553,99,99,0.948333333333333,1.34,10.9520833333333,9999,10.56,18.89,0,4.00837616666667,1.5,NA,NA,NA,NA,"weekday"
2025-07-09,2.735,-0.342,3.077,2.087,-0.342,2.429,13.7,107,2,0.579413496563551,99,99,1.14375,1.52,10.9604166666667,9999,13.33,16.11,1.76,4.39420916666667,1.5,NA,NA,NA,NA,"weekday"
2025-07-10,2.764,-0.427,3.191,2.138,-0.427,2.565,14.5,99,5,0.619269731215728,99,99,0.841875,0.99,11.5458333333333,9999,13.33,18.33,0,2.700831,2.5,NA,NA,NA,NA,"weekday"
2025-07-11,2.796,-0.541,3.337,2.175,-0.541,2.716,14.8,90,3,0.646662199297284,99,99,1.20104166666667,1.36,11.69375,9999,11.67,20.56,0,2.74370133333333,0.25,NA,NA,NA,NA,"weekend"
2025-07-12,2.769,-0.597,3.366,2.215,-0.597,2.812,15.5,84,1,0.660371864936719,99,99,1.37083333333333,1.79,11.63125,9999,14.44,22.22,0,3.343886,10,NA,NA,NA,NA,"weekend"
2025-07-13,2.66,-0.609,3.269,2.225,-0.609,2.834,16,75,0,0.661469576019941,99,99,1.56,1.85,10.90625,9999,12.78,24.44,0,3.17240466666667,10,NA,NA,NA,NA,"weekend"
2025-07-14,2.536,-0.463,2.999,2.331,-0.463,2.794,16.4,70,3,0.654832803087933,99,99,2.011875,2.72,10.3208333333333,9999,13.33,17.78,0,5.25161583333333,9,NA,NA,NA,NA,"weekday"
2025-07-15,2.525,-0.204,2.729,2.525,-0.204,2.729,17.3,70,1,0.634037853759537,99,99,1.92270833333333,2.49,10.5666666666667,9999,12.22,25.56,0,2.91518266666667,7,NA,NA,NA,NA,"weekday"
2025-07-16,2.633,0.033,2.6,2.633,0.033,2.6,17.8,72,3,0.608752002050096,99,99,1.76520833333333,2.21,10.8520833333333,9999,11.67,22.78,0,4.13698716666667,9,NA,NA,NA,NA,"weekday"
2025-07-17,2.727,0.359,2.368,2.727,0.359,2.368,18.7,78,5,0.565624433701374,99,99,2.19708333333333,2.71,11.875,9999,13.33,18.33,0,3.85833,9,NA,NA,NA,NA,"weekday"
2025-07-18,2.758,0.324,2.434,2.758,0.627,2.131,19.4,92,4,0.516838466060722,99,99,1.68020833333333,2.01,11.8291666666667,9999,12.78,16.67,0,5.015829,4,NA,NA,NA,NA,"weekend"
2025-07-19,2.803,0.116,2.687,2.803,0.89,1.913,20.2,104,3,0.489261688669775,99,99,1.07395833333333,1.4,12.24375,9999,13.33,16.67,0,4.0512465,10,NA,NA,NA,NA,"weekend"
2025-07-20,2.908,-0.084,2.992,2.908,0.379,2.529,21.3,119,4,0.505039602407574,99,99,0.835416666666667,0.95,12.26875,9999,12.22,16.11,0.25,2.52934966666667,10,NA,NA,NA,NA,"weekend"
2025-07-21,2.988,-0.229,3.217,2.872,-0.108,2.98,21.6,120,2,0.557934583979162,99,99,0.855833333333333,1.02,12.0041666666667,9999,11.11,15.56,0,3.1509695,6,NA,NA,NA,NA,"weekday"
2025-07-22,3.057,-0.438,3.495,2.59,-0.438,3.028,21.6,115,2,0.634715684381598,99,99,1.1425,1.31,12.7041666666667,9999,13.33,17.78,0,3.85833,4,4,0.75,0,0.836,"weekday"
2025-07-23,3.04,-0.568,3.608,2.294,-0.568,2.862,13.5,107,2,0.699249597783224,99,99,0.890625,1.18,12.9020833333333,9999,12.22,17.78,0,3.77258933333333,6,NA,NA,NA,NA,"weekday"
2025-07-24,3.091,-0.664,3.755,2.383,-0.664,3.047,14.2,95,3,0.740193218018106,99,99,1.05212765957447,1.27,12.2404255319149,9999,12.78,15.56,0,3.83689483333333,4,NA,NA,NA,NA,"weekday"
2025-07-25,3.076,-0.645,3.721,2.488,-0.645,3.133,14.9,86,2,0.749755293412457,99,99,0.971875,1.12,12.1625,9999,12.78,17.22,0,4.20129266666667,5,NA,NA,NA,NA,"weekend"
2025-07-26,3.035,-0.549,3.584,2.586,-0.549,3.135,15.4,81,1,0.744699268161316,99,99,0.787916666666667,0.94,12.7770833333333,9999,12.78,17.78,0,3.85833,10,NA,NA,NA,NA,"weekend"
2025-07-27,2.875,-0.371,3.246,2.605,-0.371,2.976,16.1,70,3,0.713361058651227,99,99,0.642083333333333,0.77,13.5083333333333,9999,11.67,18.89,0,3.1509695,2,NA,NA,NA,NA,"weekend"
2025-07-28,2.641,-0.172,2.813,2.571,-0.172,2.743,16.5,67,1,0.65970447929357,99,99,0.466666666666667,0.63,14.0604166666667,9999,10,20.56,0,2.97948816666667,10,NA,NA,NA,NA,"weekday"
2025-07-29,2.526,0.069,2.457,2.526,0.069,2.457,17.1,66,2,0.590978849029303,99,99,0.716458333333333,0.95,13.8541666666667,9999,11.11,22.22,0,2.40073866666667,10,NA,NA,NA,NA,"weekday"
2025-07-30,2.533,0.266,2.267,2.533,0.266,2.267,17.5,75,32,1.10963732813924,99,99,0.876666666666667,1.04,13.1,9999,12.78,20.56,0,3.9226355,9,1,1,0,0.73,"weekday"
2025-07-31,2.482,0.486,1.996,2.482,0.589,1.893,18.2,72,22,0.643951085098861,99,99,0.854166666666667,1.05,12.60625,9999,13.33,18.33,0,4.758607,7,NA,NA,NA,NA,"weekday"
2025-08-01,2.354,0.482,1.872,2.354,0.802,1.552,18.7,80,22,0.497109645852904,99,99,0.6675,0.85,12.5,9999,13.33,18.33,0,4.41564433333333,2.5,4,0.75,0.5,1.3825,"weekend"
2025-08-02,2.262,0.444,1.818,2.262,1.029,1.233,19.6,91,18,0.378182495628764,99,99,0.861875,1.07,13.4958333333333,9999,13.89,19.44,0,5.18731033333333,4,1,1,0,1.791,"weekend"
2025-08-03,2.311,0.338,1.973,2.311,0.781,1.53,21,111,10,0.342610566095093,99,99,0.977291666666667,1.19,13.4291666666667,9999,13.33,17.78,0,4.22272783333333,10,NA,NA,NA,NA,"weekend"
2025-08-04,2.418,0.192,2.226,2.397,0.441,1.956,21.3,118,4,0.370931260478273,99,99,0.936875,1.18,14.1791666666667,9999,13.89,18.33,0,3.601108,10,NA,NA,NA,NA,"weekday"
2025-08-05,2.547,0.083,2.464,2.39,0.146,2.244,21.3,112,3,0.429955811683015,99,99,1.103125,1.88,13.9375,9999,15,21.11,0.76,2.67939583333333,3,1,1,1,1.864,"weekday"
2025-08-06,2.672,-0.062,2.734,2.198,-0.062,2.26,21.2,110,3,0.501642302841377,99,99,1.72458333333333,2.42,15.00625,9999,15.56,19.44,8.12,4.28703333333333,1.75,5,1,0.2,1.458,"weekday"
2025-08-07,2.75,-0.279,3.029,2.147,-0.279,2.426,13.3,103,3,0.588763110257428,99,99,1.34291666666667,1.73,15.6020833333333,9999,13.33,19.44,0,4.38395756521739,10,NA,NA,NA,NA,"weekday"
2025-08-08,2.761,-0.435,3.196,2.225,-0.435,2.66,13.9,91,2,0.654269822015352,99,99,0.938333333333333,1.21,16.4916666666667,9999,10,20.56,0,2.65796066666667,0.5,NA,NA,NA,NA,"weekend"
2025-08-09,2.771,-0.583,3.354,2.251,-0.583,2.834,14.2,85,2,0.698662293243309,99,99,0.948125,1.58,15.4416666666667,9999,12.22,22.78,0,2.65796066666667,10,NA,NA,NA,NA,"weekend"
2025-08-10,2.731,-0.674,3.405,2.348,-0.674,3.022,15,76,2,0.731652923181477,99,99,1.465,1.81,14.6979166666667,9999,13.89,26.67,0,2.14351666666667,0.25,NA,NA,NA,NA,"weekend"
2025-08-11,2.706,-0.48,3.186,2.591,-0.48,3.071,15.4,70,1,0.739898641707092,99,99,2.246875,2.57,14.6645833333333,9999,15,30.56,0,2.9837752,9,NA,NA,NA,NA,"weekday"
2025-08-12,2.843,-0.173,3.016,2.843,-0.173,3.016,16,66,0,0.729402495197268,99,99,2.01416666666667,2.38,13.8208333333333,9999,16.11,22.78,0,3.64397833333333,10,NA,NA,NA,NA,"weekday"
2025-08-13,2.843,0.068,2.775,2.843,0.068,2.775,16.6,68,1,0.696431619040951,99,99,1.83604166666667,2.36,13.8520833333333,9999,15,18.33,0,5.29448616666667,2.5,NA,NA,NA,NA,"weekday"
2025-08-14,2.854,0.164,2.69,2.854,0.298,2.556,17.2,67,2,0.639629580304101,99,99,1.28895833333333,1.69,13.6125,9999,13.89,19.44,9.15,4.20129266666667,2.5,NA,NA,NA,NA,"weekday"
2025-08-15,2.977,0.211,2.766,2.977,0.792,2.185,17.8,69,3,0.569729760500538,99,99,1.70791666666667,2.4,14.15,9999,16.11,18.33,32.75,6.173328,2,NA,NA,NA,NA,"weekend"
2025-08-16,2.819,0.245,2.574,2.819,1.055,1.764,18.8,85,5,0.494768632797189,99,99,2.18833333333333,2.85,15.1854166666667,9999,16.11,20.56,0,4.26559816666667,10,NA,NA,NA,NA,"weekend"
2025-08-17,2.773,0.105,2.668,2.773,1.209,1.564,19.8,101,12,0.464907517684969,99,99,2.05520833333333,2.89,15.81875,9999,15.56,19.44,0.76,2.20782216666667,9,NA,NA,NA,NA,"weekend"
2025-08-18,2.764,0.017,2.747,2.753,0.697,2.056,20.9,108,4,0.460929495693213,99,99,1.32541666666667,1.79,16.0729166666667,9999,13.33,20.56,0,1.800554,10,NA,NA,NA,NA,"weekday"
2025-08-19,2.799,-0.108,2.907,2.568,0.227,2.341,20.9,100,2,0.515147551678158,99,99,1.07666666666667,1.24,16.1875,9999,13.33,20.56,0,2.78657166666667,6,1,0,0,1.272,"weekday"
2025-08-20,2.802,-0.321,3.123,2.197,-0.235,2.432,12.2,99,1,0.605165266683408,99,99,1.055625,1.29,16.3604166666667,9999,11.11,20.56,0,2.74370133333333,10,NA,NA,NA,NA,"weekday"
2025-08-21,2.823,-0.493,3.316,2.258,-0.493,2.751,13,100,3,0.681592987053124,99,99,0.886666666666667,1.2,15.3104166666667,9999,10,23.33,0,2.1220815,10,NA,NA,NA,NA,"weekday"
2025-08-22,2.844,-0.503,3.347,2.403,-0.503,2.906,13.6,86,1,0.720796781346865,99,99,0.931666666666667,1.09,14.4729166666667,9999,11.11,29.44,0,2.03634083333333,10,NA,NA,NA,NA,"weekend"
2025-08-23,2.861,-0.449,3.31,2.535,-0.449,2.984,14,75,1,0.736180684343185,99,99,1.08458333333333,1.26,13.9833333333333,9999,13.33,25.56,0,2.52934966666667,10,NA,NA,NA,NA,"weekend"
2025-08-24,2.818,-0.306,3.124,2.623,-0.306,2.929,14.5,69,3,0.731793003519438,99,99,1.25041666666667,1.51,14.4083333333333,9999,14.44,18.89,0,3.086664,0.5,NA,NA,NA,NA,"weekend"
2025-08-25,2.699,-0.122,2.821,2.646,-0.122,2.768,15.2,65,1,0.697678292624903,99,99,1.513125,1.87,13.4979166666667,9999,14.44,17.22,0,2.958053,1.25,NA,NA,NA,NA,"weekday"
2025-08-26,2.661,0.115,2.546,2.661,0.115,2.546,15.7,65,0,0.64921105967166,99,99,1.40895833333333,1.67,14.15,9999,13.33,17.22,0,2.65796066666667,2,3,0.333333333333333,NA,0.982333333333333,"weekday"
2025-08-27,2.644,0.314,2.33,2.644,0.362,2.282,16.1,65,1,0.586261886873094,99,99,1.15395833333333,1.39,13.9583333333333,9999,13.89,16.67,0.25,2.186387,3,NA,NA,NA,NA,"weekday"
2025-08-28,2.562,0.386,2.176,2.562,0.633,1.929,16.4,67,5,0.515240720440456,99,99,0.682708333333333,0.85,14.125,9999,16.11,20,0,2.829442,10,1,0,1,0.731,"weekday"
2025-08-29,2.485,0.428,2.057,2.485,0.894,1.591,16.8,64,3,0.441184768549414,99,99,0.613333333333333,0.73,15.5125,9999,13.89,17.22,0,2.46504416666667,5,NA,NA,NA,NA,"weekend"
2025-08-30,2.412,0.439,1.973,2.412,1.058,1.354,17.5,64,7,0.393658481427747,99,99,0.562291666666667,0.69,15.4208333333333,9999,13.33,19.44,0,2.2506925,10,NA,NA,NA,NA,"weekend"
2025-08-31,2.333,0.477,1.856,2.333,1.289,1.044,18.4,81,6,0.323481065906492,99,99,0.737708333333333,0.81,15.2104166666667,9999,13.33,17.22,0.25,1.65050783333333,0.75,NA,NA,NA,NA,"weekend"
2025-09-01,2.276,0.437,1.839,2.276,1.264,1.012,19.8,97,5,0.301290557435841,99,99,0.777916666666667,0.84,16.10625,9999,14.44,20.56,0,2.1220815,7,NA,NA,NA,NA,"holiday"
2025-09-02,2.329,0.342,1.987,2.313,0.911,1.402,20.4,102,6,0.333481633677179,99,99,0.970625,1.26,15.8020833333333,9999,11.67,22.78,0,2.2506925,6,NA,NA,NA,NA,"weekday"
2025-09-03,2.408,0.133,2.275,2.151,0.512,1.639,20.4,93,4,0.418615575438851,99,99,1.16791666666667,1.38,14.9229166666667,9999,13.33,18.89,0,2.97948816666667,0.5,NA,NA,NA,NA,"weekday"
2025-09-04,2.606,-0.052,2.658,2.093,0.162,1.931,12.5,96,5,0.520619822903431,99,99,1.20583333333333,1.31,13.4958333333333,9999,13.33,19.44,0,2.65796066666667,5,1,1,0,1.078,"weekday"
2025-09-05,2.797,-0.16,2.957,2.302,-0.099,2.401,12.6,92,2,0.601383405158473,99,99,0.99125,1.15,14.5395833333333,9999,12.78,16.11,0,2.01490566666667,1.5,NA,NA,NA,NA,"weekend"
2025-09-06,2.794,-0.253,3.047,2.483,-0.252,2.735,13.2,82,3,0.697024389817171,99,99,0.945416666666667,1.08,14.88125,9999,13.33,16.67,0.25,2.41565008695652,1,NA,NA,NA,NA,"weekend"
2025-09-07,2.849,-0.335,3.184,2.616,-0.335,2.951,13.7,75,1,0.753385691395848,99,99,0.843333333333333,0.96,15.9458333333333,9999,15,17.78,3.56,1.32898033333333,1.75,NA,NA,NA,NA,"weekend"
2025-09-08,2.866,-0.28,3.146,2.83,-0.28,3.11,14.1,71,1,0.792304234495815,99,99,0.665208333333333,0.78,16.3041666666667,9999,13.33,21.11,0,2.91518266666667,0.25,NA,NA,NA,NA,"weekday"
2025-09-09,2.978,-0.119,3.097,2.978,-0.102,3.08,14.8,68,1,0.797644030880944,99,99,0.692291666666667,1.04,16.3020833333333,9999,13.33,19.44,0,2.35786833333333,0.5,2,1,0,0.878,"weekday"
2025-09-10,3.08,-0.228,3.308,3.08,0.158,2.922,15.3,65,3,0.775952318122705,99,99,1.28625,1.62,16.33125,9999,13.33,16.67,0,2.40073866666667,7,2,0.5,0,1.338,"weekday"
2025-09-11,3.047,-0.223,3.27,3.047,0.428,2.619,16,64,0,0.748636761053049,99,99,1.36416666666667,2.02,16.3208333333333,9999,13.89,16.11,0,2.67939583333333,3,NA,NA,NA,NA,"weekday"
2025-09-12,2.977,-0.132,3.109,2.977,0.707,2.27,16.6,65,6,0.667278052988407,99,99,1.76666666666667,2.21,16.2583333333333,9999,13.89,19.44,0,2.59365516666667,1,1,0,0,1.412,"weekend"
2025-09-13,2.891,-0.007,2.898,2.891,1.019,1.872,17.2,63,5,0.570923812780655,99,99,1.73270833333333,2.14,15.375,9999,12.78,20,0.25,2.57222,0.25,1,0,1,1.787,"weekend"
2025-09-14,2.655,0.087,2.568,2.655,1.234,1.421,18.5,72,4,0.476473503985269,99,99,1.995,2.49,16.1708333333333,9999,14.44,17.78,5.57,4.93261011764706,2,NA,NA,NA,NA,"weekend"
2025-09-15,2.493,0.005,2.488,2.493,1.236,1.257,19.8,91,3,0.424616297379175,99,99,1.211875,1.55,15.8479166666667,9999,NA,NA,NA,NA,NA,NA,NA,NA,NA,"weekday"
