"draw","C_sum","C_expected_sum","E_sum"
6,32541,32555.9714356909,11955.9675596216
9,26200,25985.1309504319,10003.1468632573
12,29751,29652.1761594969,9638.21834096641
14,39767,39533.8055318714,13909.6464970925
17,28443,28261.3496435533,10263.4262909938
18,34356,34579.8774910154,10875.5543486428
31,36966,36953.3299123085,15388.192807613
32,23054,23000.2548363278,8513.34615977642
39,34790,34846.281283816,14687.7221351622
45,9858,10115.1100855059,3691.64386623588
47,32631,32801.0605207751,14124.1454424715
55,23201,23576.3106643273,8782.01253240415
56,39309,39593.0867105797,11919.57440322
57,14029,14143.3187274361,5647.05686160665
61,28718,28605.2696626391,11185.1388333298
70,20849,20872.4079067472,8755.36830574705
71,48149,48478.2267565373,20082.8820137367
74,31709,31643.6708006046,9391.56300613857
82,49930,49905.0891027619,19674.1246356712
90,40239,40688.7667199634,12481.2433496137
109,10272,10258.2683391585,4353.28529078063
127,19265,19381.0752163256,8687.90649494899
128,29588,29079.1954072918,10739.4970417714
133,21892,21931.1733005011,9019.88595456553
144,28777,28555.7586535478,9840.01488477943
148,21555,21375.2272625062,8294.51194587567
149,23997,24145.6682692823,9985.53914309425
159,36966,36934.1431163169,13312.1816971193
162,31735,31612.0365847527,12125.9538612003
163,39888,39990.3411018152,12925.4244217671
164,19682,19566.7661526554,7149.42809098494
170,23289,23186.3233551735,9678.41586603873
176,19371,19231.9841408507,7369.9549774884
178,67865,67793.5581644905,18843.8591043848
179,23619,23410.9329124621,9686.30571533989
180,27203,27458.4981901622,10867.2711078841
182,11689,11631.1572433456,3535.36751446078
189,29226,29528.3389338569,10862.1356404523
197,6213,6365.18991305876,2646.07056553422
201,55510,55599.4838879149,16503.1885198576
210,34378,33944.9126031183,11365.3850239754
213,38791,38930.6111931542,11977.9070400332
215,16128,16106.2296642987,5417.91016791733
224,35983,36014.8080912025,10540.6470449897
235,45115,44933.7226928414,14849.2354460707
261,41934,41705.6562279703,12316.9622513626
262,27967,27998.7602623631,10437.6075456865
264,27473,27468.447409584,12548.033249983
273,21858,21953.2448652297,8718.88464273835
276,26381,26634.1124212609,9750.74791297268
277,61108,61649.0324541288,23953.2340901092
285,44142,44146.4610682176,14558.6869126733
288,23022,23060.541846892,11376.1495376183
290,27082,26862.1302781567,9254.60356704299
292,37136,37194.9519766007,10168.7400583146
294,32820,32766.8081328376,10660.0942977538
299,15523,15795.038457247,5977.77347724055
302,33323,33385.6331853,11664.6219611071
303,33819,33966.7932306697,11678.8786914642
304,38779,38945.1797233228,14536.2125213948
307,11530,11400.917059055,4401.16533671716
308,16966,16850.0956778985,7739.70211826722
319,45154,45017.8878166421,13143.7085220861
320,21852,21905.4122132014,7080.8051869327
321,20523,20588.5668067887,6777.08854705198
322,44719,44361.9934493166,13444.6551950348
325,16430,16262.1840815593,6115.96743958723
339,23421,23389.0102451336,9023.3795713065
341,15723,15758.8610694829,6807.11846795749
358,40963,40924.4473588905,11227.6253996966
367,23049,23068.4813434622,7789.74319668736
369,26412,26318.3634699249,9256.75891789218
371,23048,22988.3542032499,8274.25381163119
380,30501,30474.9106364267,10634.5710128406
385,32050,31878.5215349692,13829.3005728421
388,30479,30458.7612125735,11101.9472862719
391,51273,50774.7504083931,19072.5477613656
392,47153,47433.8941763934,12999.2225367053
393,30684,30885.0615000571,9927.71703994492
394,32456,32213.7406477285,9545.71114245695
397,24779,24586.0579671542,9869.7061960131
401,27679,27947.3806237864,8041.49025974283
436,45222,45115.1150518973,12285.2062291012
442,20771,20762.2024522404,7594.35954908187
445,9370,9545.6045139945,3349.30757980101
448,30588,30421.8734474941,11858.4076682206
449,38062,38076.103330201,14594.5550090104
458,23460,23440.0626498761,9094.98472887699
461,28960,29104.8165263462,13097.267001897
467,67291,67062.474954782,20510.3605090426
485,47098,47078.3160523059,19059.7769905797
505,32894,32807.3204016438,10393.556149885
506,43999,43906.3747376976,16302.9842440393
509,20557,20580.1373265491,9327.19767280675
524,29554,29478.7411261384,10477.9816318599
533,32911,32815.8377609941,10405.2208419353
536,28572,28537.4506729234,12579.0296634271
537,29110,29316.1934413794,10262.6851687261
551,42218,42288.6906207073,13116.5620372274
562,32028,32123.7907783363,13154.0994909668
567,21131,21247.5098220666,8567.65738053062
569,42120,42085.7656344179,12741.6954189966
570,30430,30558.5056958377,11905.033181112
577,38744,38776.1169559963,14688.2902269213
582,32298,32292.779853743,10451.0599419318
588,64253,64064.7444704345,16637.9455255007
590,17251,17246.8328191786,8144.19278656754
595,36904,37114.607126504,11447.482963014
605,55006,54572.6526070408,19103.1527389151
608,47118,47277.981762096,18406.0377057368
625,57010,57117.9297106885,19408.1053692536
633,24211,24258.0735474791,9694.75037467267
648,56186,56040.2504047655,16271.1637159765
656,22496,22176.9508035998,6569.12531974372
660,23278,23328.9272930132,8383.07366140256
671,28119,28109.4674899416,13069.3304523281
675,14260,14209.167138445,4967.69062515689
678,54283,54250.8215188217,22589.3719568899
687,54488,54375.9424452266,16581.007709122
695,27597,27782.0799297281,9249.69441564555
696,17000,17199.9518793133,5903.02645558411
700,17293,17381.2875799902,5891.48585891606
701,49224,49341.9648663472,20300.4914767701
702,23289,23333.0151175833,7227.81841501526
712,17615,17567.445959745,5362.63675862099
718,34652,34513.7578417909,11595.1649248107
723,38362,38586.2635936034,11957.4382647792
726,26246,26492.7946450087,11360.5919317625
727,24031,24032.3553157,8430.88686593238
728,32102,32275.0849627706,9007.22495641953
738,13777,13783.9671883171,4469.73496337628
739,56593,57154.2275122487,19518.7124930474
756,18349,18414.1304254108,7507.16325910507
757,35884,35880.3209342193,11648.6666612096
760,29126,29219.2954095124,10795.998133873
768,23452,23739.8975860989,8771.216074781
772,20826,20900.0092626435,8650.70006293523
782,29232,29007.8501602838,10037.073573957
783,39556,39482.7791506034,11721.7812247494
789,36616,36669.3889955785,14731.3009632354
790,30822,30779.5880996326,13103.1571422003
791,38109,38106.4734511194,12180.9825683827
794,46553,46959.2464131398,16161.33480169
802,40384,40357.1231692847,15783.2867954883
807,35945,36057.9698761695,17645.9407032138
810,37760,37855.2767386753,17295.1099641056
811,16323,16562.7759975681,7013.59800666712
813,9391,9417.18744334524,4160.30273635668
815,49386,49475.4435642286,14358.0939630686
821,28805,29044.6304608369,12106.5298396654
832,35730,35401.7139103702,12249.392899922
857,29219,29035.7562180935,10553.576534273
862,21428,21517.6843823415,8616.64835496761
863,20230,20153.6454655727,7029.63400745378
867,22517,22662.9025288993,8661.19855125264
874,35050,34622.5711573236,13294.2233517745
880,37240,37371.7831271612,14510.5454713269
887,33745,33638.9390349446,11290.6931841074
890,44350,44376.3873925662,13809.2134844989
891,28292,28251.2231792727,10708.4900173401
892,16790,16701.2381614417,6295.80124318018
899,27256,27257.1945340524,10936.6452706831
909,28645,28757.0509025954,8934.85055053329
912,40805,40635.3611950925,13442.8949736982
917,30711,30709.5174428841,12329.1016279535
918,38474,38658.3534818959,13434.4763048286
925,30243,30511.3354403242,11975.7321084112
932,28114,28350.3470830848,7918.72232432307
933,25042,24915.5093266267,11131.1558142101
936,19517,19493.0501714406,6184.70916256922
950,22490,22594.8823354195,8377.74050185114
951,14257,14174.4348979387,6746.55204752748
957,33943,33527.2572792468,11086.9422597588
960,29613,29819.5992751296,9046.80358163196
961,25183,25144.7225733382,9840.85984676363
964,29307,29164.8092413976,12921.2287799726
974,29583,29596.8028840053,11329.2554277883
975,37474,37506.7825141934,13728.9722860842
982,73029,73089.4349457036,22783.101584008
984,14618,14581.4635577676,5355.767870121
986,16612,16350.8381189212,5755.05437806011
1005,20219,20157.0723541628,8838.21131440583
1007,37228,37347.7665944809,12864.938660617
1008,29859,29679.0359305572,11123.7495354785
1013,21773,21737.7251310805,11485.4718650884
1016,20719,20620.4215681819,7537.46661473963
1023,21434,21603.3221072746,7696.85493145506
1027,29779,29516.27546378,10647.0706654446
1032,33305,33469.4526205556,12981.2130701834
1033,26224,26273.258885742,11148.0269998813
1041,29952,29964.9025156933,11849.9968041841
1057,49594,50053.1732876375,16743.4659852395
1063,45933,45581.8015904361,19885.6689239056
1089,17299,17401.2902534552,7306.1087078751
1102,41450,41484.8497983449,11278.8834537206
1103,36973,36764.6870316614,10062.0421726977
1109,36113,36152.4201094876,11019.1444887691
1114,32092,32174.0690077408,10383.3284978504
1116,14981,14840.8307093475,6171.32450910943
1120,57822,57757.4304879573,17476.8651077299
1121,25919,25828.3131682559,10348.4598369889
1128,23094,23183.6257712401,10674.5674083386
1135,42120,42128.2936186798,14582.9635471017
1148,22573,22586.9600721751,9474.60727040488
1149,25046,25040.4120417709,8072.92300451204
1156,42758,42799.5996440738,19787.518617471
1166,19938,20044.4409892398,7148.79911583746
1182,31439,31415.3420884494,12284.8141093054
1187,17686,17660.8138344191,5756.10340120506
1188,51102,51363.8456620063,14400.3743526491
1191,20293,20154.1068551109,7744.00340681562
1194,33567,33464.0246726651,9556.12796314338
1197,26570,26778.7895021978,11096.4634193583
1200,22690,22749.7150072932,8226.39849862397
1205,33425,33321.2329431622,12101.4474444627
1206,20746,20833.4832713946,7702.26399758408
1211,9627,9626.97099555283,3842.46366028816
1216,50494,50447.5656377457,21944.323990868
1220,16984,16973.5354013959,8267.96948651555
1222,24759,24661.7772555223,9884.06312005407
1225,18489,18461.7094476382,7653.75572826286
1227,30231,30399.7640927385,11189.8392949998
1233,38470,38265.6835421009,12241.2227683447
1235,42423,42729.8921692277,15041.2086293933
1242,16665,16927.4377564516,6377.14129276806
1245,12242,12119.1239729433,4470.83615503438
1253,30807,30650.563375205,9629.86454060623
1255,36181,36514.1095027805,11985.0527623845
1256,31287,31530.2938300622,10913.5862385933
1257,16729,16624.7699403904,5344.81206292182
1262,16372,16434.1454023116,8849.96813375703
1277,29787,29953.9383039991,10039.3514468583
1294,45188,45463.6833251698,14753.5740542065
1297,35268,35380.3958011804,11480.7107228
1301,37197,37096.2096416402,12754.8417429681
1304,33879,33679.6892376708,12961.42277961
1306,66262,66143.1970666331,19899.5029889948
1312,35304,35397.2907668178,12571.0769132441
1319,27027,27051.3680760425,9958.20232462618
1323,24724,24765.925861457,8536.89430871251
1328,27246,27266.1206030433,10655.6991011309
1336,48934,48633.960602437,11688.0374461185
1337,37854,37792.0521755336,15858.0458164841
1338,52659,52396.2320828423,14204.9917327313
1340,50850,51418.7534761282,16158.4998767252
1351,22460,22503.7881878939,8983.56373516192
1354,17352,17115.6947379309,5535.02235662667
1359,21339,21284.0770506902,8058.51299572309
1360,54222,53915.509003687,18280.6888687624
1361,54461,54497.0946587682,16391.4772153433
1363,20359,20492.6199219516,8493.94395214303
1377,35574,35758.7941577276,12896.8544741194
1379,30961,31030.44477416,11086.4009351752
1382,36290,36511.0406696891,12607.4499579171
1388,13189,13243.7440836012,6236.25572777287
1398,37321,37355.470728409,10736.1813399149
1402,34263,34041.8889117962,10008.0742722353
1412,28346,28261.3726297255,11275.1528439654
1418,39258,39158.9745136392,15521.7687301185
1419,14878,14876.7218531227,6054.37482253133
1428,44693,44658.5358367987,19382.5380461012
1431,29924,30267.3717775091,10060.5471745972
1435,47011,47209.1132056402,16680.1896779498
1450,37215,36789.6530186672,16616.4309231023
1453,40496,40652.6497866765,11485.0038425604
1457,33916,33902.5232933253,12463.5478907552
1463,30448,30462.3678764675,11270.8322758474
1466,43916,44060.555915747,14449.6859208481
1469,38484,38570.6666276423,11206.3725026813
1471,35020,34928.3575966492,11992.4871771701
1473,26051,26086.6575137742,9937.47595993925
1477,27420,27584.7005726696,11531.5282498222
1479,65148,64995.4350093805,25994.4461858907
1491,19397,19308.9513571869,8872.09230740192
1492,40428,40441.2547058224,11699.1464526433
1493,42896,42794.9300273119,16925.511632856
1495,50291,50895.508282894,18481.54745111
1503,41986,41709.8098219396,15462.3720795888
1507,20671,20700.7830819081,7247.37980344268
1510,44306,44485.7709938849,13595.5599201954
1518,49917,49750.4197210114,14510.9559487201
1519,25288,25513.1428143342,9727.35302678487
1525,22882,23110.8780590718,7652.09691690255
1530,27431,27369.1691510296,9332.49516248952
1546,42639,42651.5705896424,17453.4041308162
1548,40626,40689.1794251169,13766.4906861905
1550,19934,20003.99773571,8462.5259505836
1553,14107,13916.9264470482,5451.30217910699
1555,36360,36060.2644956279,14384.1611177653
1567,30134,30089.3658220608,9356.94149291798
1569,32290,32434.4327188091,12430.0567570085
1570,52377,52582.7975257347,18922.6891714697
1574,19118,19160.9009514611,7344.44334061626
1580,18451,18613.6814275487,6252.47806663566
1582,29965,29940.8786505572,9126.01461740335
1585,43344,43254.9446188767,13687.0264331482
1593,43068,42702.1754657508,13541.9921517255
1595,14190,14076.9823550832,5540.04316838271
1599,25916,26008.1091231192,10258.2124940924
1600,21985,21852.0111580511,9067.04732528839
1603,30133,30379.4899528213,11811.0157530673
1609,22241,22138.4564617493,8510.32180192504
1610,25357,25366.1165394014,9026.87249123798
1618,25375,25461.5994098116,7922.14595496073
1626,41576,41670.8220586513,14135.2438092498
1630,21093,20946.4561167489,8655.27980026818
1660,21737,21669.4541418032,7880.01883240506
1665,22699,22661.5212934543,7252.35282774293
1666,20505,20739.8930074589,7343.37041124227
1671,27680,27759.5828764442,11020.0043033621
1696,31742,31542.7744808925,13077.5531633688
1701,45156,44813.5569275528,13415.6333779472
1703,33358,33256.406172917,12343.1423642499
1706,38722,38833.4530282762,14026.5703582675
1707,37405,37373.0344683014,14618.293664065
1712,26531,26482.0873975183,9198.84317502622
1713,29220,29104.8707608137,10109.5289550636
1714,36236,36431.9025499227,12440.4689103881
1717,25789,25742.4902928239,9476.03438402851
1719,18555,18626.9117839072,7947.12327162622
1721,18286,18381.4677233434,6997.9658284092
1728,34098,34021.3043698748,15803.0879583286
1739,24076,24099.679467895,7873.93882592285
1751,17668,17592.8736451793,5737.86945961687
1752,21430,21629.9348234782,6500.69788540578
1754,39921,40208.3885413918,13450.221765809
1757,29256,29344.3158830977,11472.6869206661
1758,47901,47673.8356571493,17633.5392798022
1767,38746,38749.369746505,13499.9723508583
1768,13762,13826.7030298035,4994.15276158236
1769,28403,28384.6206062829,12187.5713707816
1775,24591,24583.1195954488,8519.96945867463
1778,23783,23926.1431092319,9466.24804482952
1792,27427,27866.5996214897,11828.2238533729
1797,23086,23087.1895640173,9303.93872478841
1798,11360,11289.2251940239,4433.64587249737
1802,30549,30442.2691277145,10749.0119476885
1806,22520,22599.0586206942,8662.64564610184
1807,24625,24523.3559551321,9066.31703615898
1811,32956,32870.8224959869,10292.3262327848
1812,45425,45200.9610965844,15371.0874616353
1814,36845,37232.0781078695,12052.7510343141
1815,28976,29234.8838318636,9724.73315876291
1819,22766,22943.9228840849,8752.80610972669
1825,35142,35178.270475614,15038.4543843973
1826,30715,30537.5468192695,11276.6624438998
1839,21491,21310.2073339078,9792.68860910552
1840,33423,33496.6210028453,12296.5491856358
1843,37501,37539.3438396784,12846.0030979217
1845,28170,28243.9883328965,9812.88015428019
1853,68831,69277.8746540712,24736.8988749373
1862,36233,36173.9269394361,12001.7462735123
1863,45636,45701.7881589055,15057.5515375027
1866,63129,63342.6724434758,20256.8261631158
1872,31381,31078.421469216,13058.5503293579
1877,26256,26562.6156278509,10070.5452328885
1882,27890,28166.3658424542,11753.4540881704
1883,27904,28109.6082503386,13181.6836200939
1884,28046,27916.6207974883,10837.6748425321
1890,45899,46255.7044251831,16899.3479543128
1898,13978,13729.3614495206,6258.2789296435
1900,65855,66018.5695944841,21963.2145371249
1923,21425,21352.3367954688,8659.68635398763
1930,43173,43149.8311653885,15632.2443765945
1933,42856,42847.9245861873,12441.262398483
1936,22058,22075.288228221,8541.24591313881
1943,31179,31185.2676797768,14098.9859177613
1944,36835,37366.0154692564,12557.3696610729
1952,16260,16157.8772936718,6260.74193527821
1959,17609,17542.2960776171,6106.07637431193
1965,34239,34175.2180122687,14275.2482566925
1966,8466,8368.30765903129,4153.14959371457
1970,15878,15800.9924078276,4784.68874102607
1971,19387,19391.6860587494,6806.67046360913
1973,40434,40727.9320694571,12812.3290759515
1983,22563,22790.5029129346,9333.53839987839
1986,30778,30914.1915057563,9965.1208884661
1988,35938,36076.170774053,10777.8156592468
1995,43634,43817.4016275133,15077.5696107318
2000,12193,12120.5268852297,5159.95530859711
2007,31634,31322.7618378465,14019.4471222326
2010,39179,39278.7570643859,13403.3482613429
2011,42622,42939.4868082657,15235.5828956338
2019,52477,52020.2488782713,17428.8403272332
2021,37605,37653.6650689145,10803.4126735839
2022,14131,14085.1856623249,5140.66605598345
2023,31617,31294.1581346925,12902.5575515398
2029,30897,30979.1641099585,11388.5138150138
2032,26703,26745.1485284592,11707.5467892051
2033,46772,46484.1775715109,15715.4553659761
2034,43381,43321.8562484376,16955.6347314624
2035,29527,29928.7273824209,10408.3703637989
2036,29085,28895.4248264378,9994.04589488161
2039,11700,11663.4682321305,4252.55680535989
2054,18989,19018.4432756836,7013.5683824883
2057,46689,46783.9598713999,17841.2720942884
2065,31620,31667.5660101848,12533.3582473306
2068,26218,26424.3489170226,8500.14521027276
2072,21523,21670.5844574776,7780.51619988474
2077,45413,45767.0165452699,19587.3777131389
2084,35120,35082.7768259133,12257.5595714738
2085,37812,37897.5955714364,12525.6619246269
2086,38287,38221.6977132381,12119.3378984968
2092,8074,8093.05171898966,4034.54724816629
2097,46881,46977.8436341803,13878.8131198048
2098,17859,18022.6836947274,6217.59023612238
2099,22149,22427.9139280342,11262.1285709299
2100,34517,33822.4530440876,11438.8981501934
2105,50301,49883.0499945038,22227.0610319321
2112,27577,27622.8671627417,10072.0199560939
2118,29607,29682.6235843908,10282.408422805
2122,12192,12164.6142912826,4276.27435723119
2123,57318,57612.53209988,21498.0360638215
2134,32211,32273.0688047333,12520.1456904453
2135,27285,27027.2259947021,10435.0937147793
2141,35050,34975.9657152475,12920.5495973263
2142,30026,29652.90988512,10569.2621789895
2144,37234,37178.6567617807,12863.9723488619
2147,38117,38048.7085919226,14360.6537702145
2154,24303,24234.6485659896,9005.20035947089
2157,27581,27614.7772812149,7173.69337314569
2159,21762,21632.5633611048,7081.00731111363
2161,16774,16879.1835356581,7002.58296625107
2169,43782,43936.1908775035,16454.3072300141
2177,49343,49747.0159008241,19106.5198465256
2178,27442,27687.1313044238,10261.9020270089
2182,26345,26446.8736998567,9886.72254429867
2184,36811,36941.9604619508,10930.9748428818
2186,28940,28855.8625607486,11771.9319186143
2187,32826,32765.1046655181,11335.1861639133
2206,22715,22878.0483503051,9266.77829908465
2211,36712,36392.2913176658,14457.3972416219
2215,11894,11918.0414496637,4950.34118537669
2216,24387,24478.7460708183,8213.66458134513
2217,24074,24212.8453869197,10655.0739685355
2218,46286,46486.3641127935,16449.2788041435
2222,23073,22876.0843728251,8970.12571316397
2223,46630,47158.1670405384,13116.5644110571
2227,32611,32510.9822175652,12529.5195395872
2229,36086,36172.1984295393,13504.3368351762
2230,30901,31345.4208535357,11363.8119850398
2231,21592,21288.9215631032,7269.68424570158
2233,49949,50308.0844366198,17739.4767834079
2239,7457,7502.54900616986,3121.03908150232
2246,18385,18343.7835215057,6574.86057307604
2255,47494,47686.5819742167,13953.8829419393
2266,35838,35728.444040215,12632.473401519
2268,42109,42467.1922874374,14614.740355173
2274,15323,15209.3339635106,5269.53401678075
2277,15695,15888.7194752412,5345.96875703686
2278,15522,15608.6195966208,6418.66506287287
2279,40908,41069.7252321613,11693.1794131884
2287,26633,26445.3438848597,8686.46974385865
2290,48173,48672.6646135205,16858.2896665351
2295,52226,52176.4684923807,17464.2430051088
2297,24865,24927.9131863067,9062.48935706415
2301,17254,17297.5941168398,5033.03820189959
2313,26746,26971.772659366,11287.2201268795
2315,51542,51463.2132995046,16694.6783570189
2319,24947,24986.8091015062,9803.65272606785
2320,45148,45518.3866327922,17698.0367252137
2321,28553,28597.4517300308,8419.0445709534
2326,31347,31154.1920772911,8868.29289939576
2329,17867,18134.4203998008,9783.2173155263
2331,24018,24163.3585969762,8436.1841889881
2332,46626,46570.3348324125,14861.6767095232
2334,35855,35854.4212980429,13072.5894288715
2338,22550,22650.73675236,8174.04106888162
2341,32893,33065.4169297859,12813.7140883104
2348,28962,29050.1520661716,11266.5577671603
2356,32334,32177.0309011291,11881.8087752749
2364,37953,37835.9555749965,15549.9638654307
2372,19532,19463.2724066245,8890.77142302188
2375,27004,26911.4839329624,10815.4813367692
2382,20443,20311.8864789991,7978.76180591333
2390,20442,20096.8147932741,7398.8171238515
2392,51771,52359.4622529119,19421.8303604864
2393,11599,11548.4814445337,5350.30363240309
2400,31167,30946.8576181726,10002.5062507103
2401,31669,31594.4132002923,13237.2619628364
2408,51685,51693.1269644553,16700.4659500255
2410,37928,37916.7004917475,14469.9614938973
2423,26944,27086.5767576115,8967.46120205934
2429,46425,46480.5062023015,13170.1302672961
2436,62603,62578.9369270672,17958.6799801304
2452,38711,38413.1297450375,13831.2870058757
2456,35877,35913.3677466792,10927.029021294
2465,29446,29466.6410694771,10741.6988422556
2469,41106,41077.6286042786,14532.9942451537
2472,12697,12832.388204137,5802.95436535241
2474,19005,18895.6472088291,7627.60266996941
2481,41855,41669.586708792,15226.543570605
2482,23431,23316.7619574211,9848.47290188181
2483,31951,31854.5173671147,11180.514806862
2485,12445,12418.9213638176,5000.53785854264
2502,29138,29481.9935884193,10259.7341212448
2507,19927,19945.6946617921,7975.32868218651
2508,45712,45888.3099489497,13388.9975627435
2509,12068,12034.8217013638,4274.72461067043
2514,26802,26656.3726794326,10473.555697776
2520,24308,24034.618042072,8264.3617691774
2522,37961,38266.7164527551,12182.5154774887
2532,21773,21763.4202228041,6831.99672873589
2533,28689,28243.6612278001,10828.4621440848
2536,21705,21679.5045868803,8330.57208541172
2556,41742,41695.6159463484,16847.6912089631
2565,49057,49426.5567316658,16320.5999863069
2574,35073,34893.2951194439,13217.91519957
2580,13867,13651.0554735222,3925.76416403422
2582,26846,26929.1634386583,10015.1397760262
2583,49695,49502.8122219608,15604.8539766767
2595,32561,32335.2718751543,12032.3204889147
2601,25125,24971.4582660978,9899.12357462712
2603,28534,28385.9169944545,10502.7384515244
2604,42974,42838.4283563251,17800.0403402713
2608,28306,28224.8796160825,9570.52961694795
2618,48750,48608.7531914399,18342.8020769755
2628,22414,22568.0374336276,8217.38143152983
2631,14855,14699.6838685101,5746.21190328068
2634,28765,28829.0568237911,11398.350648684
2657,16136,16240.3859604944,6434.13495645986
2658,20530,20650.6843498634,6956.32314113237
2659,43875,43633.7731591527,13070.4055581244
2666,14915,14676.8961723012,5866.44682598064
2670,32314,32374.1157615017,12370.0555154051
2672,36322,36548.9936239555,13069.7516892878
2673,50607,50467.5237411754,17291.0756729643
2679,31537,31466.5261492926,10583.7170392627
2683,30283,30583.0049522822,11446.6672493596
2685,46170,46320.0706593049,14130.5640267017
2687,33226,32896.4525252711,13023.2324563885
2690,33542,33558.6817555374,11501.5601269913
2695,29353,29499.7217708446,9946.59113823908
2697,30583,30681.7031164046,12414.3714639192
2704,26194,26514.6506995374,9961.13106847809
2706,31210,30898.7328465429,11036.5548117752
2714,31697,31874.8525368259,12711.9328981322
2719,39504,39490.450493934,16890.8850675856
2722,42422,42316.0194314412,15489.2223099316
2723,29791,30046.7452106733,9237.80259015074
2729,40829,40694.5452864834,14914.9609895264
2732,22578,22479.6214469472,9389.15064720388
2733,30551,30801.0545037456,11632.1315856401
2734,53316,53289.9841482584,20659.3858646365
2742,22084,22311.5902447272,8219.97226828459
2744,21661,21392.9146214081,8166.9378508657
2748,20230,20348.8931797629,7775.80672972801
2751,40114,40175.4774141917,12790.53692597
2752,24855,24965.949386861,9322.30732127004
2756,36437,36522.4102923867,13607.5896973896
2769,19656,19818.1354111815,10818.4678525627
2779,41041,41104.6783904772,13550.3207410523
2789,20107,20012.8409130481,9271.20017715812
2793,48611,48689.9254382765,15976.7310977077
2796,28729,28685.9664208979,10827.6067214397
2801,47340,47579.0387597106,18800.1155190158
2805,24719,24801.8461079999,9260.19762798968
2818,14008,13981.1069033232,5638.31069289808
2821,31615,31652.0690727109,11671.6578720892
2826,30587,30533.6909421175,11036.7676202444
2830,35124,35323.3577941257,15274.0819394308
2833,13219,13512.0233894196,4817.45045130534
2834,16539,16687.433958052,6448.70953463797
2836,21117,21198.1089679198,7185.76082455747
2839,25784,25691.1172079664,8344.5843027863
2846,25232,24913.1827666784,9618.76389302886
2848,37040,37256.3729573345,11056.3641921271
2850,16898,16769.5092730139,5198.54696458348
2853,34091,33903.6042276073,12220.6621784891
2854,66387,66455.5320267925,20035.8625400054
2870,46258,46151.8309942639,15253.1912940433
2876,24748,25137.6098055337,10118.994927625
2878,29862,30058.6754431358,10076.8485729966
2885,20421,20351.4000727553,7134.62759846601
2893,46552,46539.4596315869,16759.2040927881
2897,48076,47857.393087856,15353.5199418788
2898,37799,37793.3342375295,10771.1172867758
2899,31741,31832.4430627415,11908.6168070828
2901,51843,51947.9212490808,18105.1941042108
2907,17800,17870.746646225,8183.18752636947
2919,16195,16096.7910858185,5503.01825402366
2921,17980,18041.4032375642,5458.29908231456
2925,46578,46246.5405227561,15992.1059930516
2936,43013,43389.7408365476,14216.5711558544
2940,13902,13858.2216851355,4789.75676450412
2945,43239,43110.2860662135,20760.4323124038
2946,48980,48809.7697869922,19981.662061312
2949,16603,16480.2841610641,8287.21235656466
2950,39368,39479.0812087427,13117.3799239837
2953,28996,28923.6732790206,12315.4781411957
2957,55460,55325.2587197835,22696.7283655253
2959,36475,36215.4894715099,10838.0478862856
2961,40963,40950.9157041294,18527.4382235744
2965,23112,23105.0606684098,7770.54233900407
2971,44241,44610.8779719321,14840.6857976153
2977,15882,15995.8155457902,5985.62266105344
2978,22277,22500.5077115319,7122.37743015793
2995,48355,48248.3980348211,17177.4585939706
2996,61572,61612.0261595928,15855.2937337394
2997,37896,37832.9172367703,12408.7512090789
3000,20494,20497.0828214857,8724.43072896164
3005,19853,19686.1838600773,8183.61537073624
3008,24885,24842.6962648481,11128.7325752784
3009,40139,40243.981965874,11886.3536176467
3012,37078,37040.2096497825,14215.4044495369
3017,25618,25418.1511078362,11635.7570422113
3019,18108,18287.8003323032,7918.09765185559
3025,30510,30713.841389993,8754.81249050542
3033,26239,26254.1977898916,8896.72578496581
3034,38487,38416.4320869272,13118.072125799
3041,22389,22230.7623062876,10288.8489524386
3044,58378,58629.5919335793,18048.1625484969
3056,15845,15856.304742879,7533.76451641374
3057,26753,26871.4762279251,11791.3661511354
3061,30424,30551.1207768776,10925.9943037722
3064,40212,40025.6129014266,13855.1442472196
3065,33580,33872.7988427425,12497.2677441751
3070,21574,21689.9702796549,9773.62927586487
3071,37108,37243.9088433831,15472.7540912273
3079,18631,18741.0846970757,6868.48251307562
3080,13188,13149.1979578741,5611.02833500408
3083,29285,29356.579643231,9715.89557774335
3086,35461,35236.0246856318,12388.2845679136
3090,28885,29143.1331773782,12093.6591233204
3098,15099,15033.5772609878,4958.06092384421
3100,34959,34876.2243801531,11130.7704646827
3110,41030,40997.2871643027,12602.5161929822
3113,19222,19277.8257249264,6462.03364401508
3116,36513,36348.3804641688,11710.9736873748
3129,24464,24486.7750940865,9890.32540425031
3132,28025,28016.693137749,10091.603956594
3134,36110,35938.8363062915,10907.654312412
3138,42457,42368.9235108147,12387.3177054844
3140,14321,14156.9890961118,5396.66508432642
3141,15887,15862.9204330957,6293.45505402545
3155,21058,20916.6781169258,8952.24543205758
3158,32515,32018.5947663731,14157.2392818992
3161,44239,44077.2940011789,16043.715270125
3165,34527,34694.8181185081,13415.2520198742
3169,30252,30113.6912932308,11297.936151731
3184,16232,16088.205639178,7404.50900974308
3203,31652,32037.164685437,12517.0244106718
3214,37865,37966.5636733409,13599.6676216617
3232,18414,18206.2771973882,8637.9894216144
3234,18139,18343.9286761218,8683.82543644304
3238,29552,29518.685043654,11134.8531798882
3239,26237,26170.2271987991,9277.39953909875
3243,39226,39269.9404468296,17589.0767079388
3247,16640,16640.4494271543,5836.96811353983
3249,13587,13569.6895406998,5291.47233273217
3263,41275,41631.5490436523,14816.2194866347
3264,18333,18072.962076063,6215.70340331873
3267,38283,38333.7904028064,12366.5433010129
3269,25341,25449.6721094901,9614.66060152979
3274,30728,31036.1362333335,9409.09327499214
3287,28068,27947.4463558585,10831.3790330785
3289,31962,32185.1487657563,12614.496185697
3295,11149,11148.6538544802,4374.25860848141
3297,21659,21650.0350702093,8375.54543371573
3308,44350,44569.1646528097,18606.1584057988
3311,32297,32550.1210887061,13079.9580177222
3320,26408,26302.6392768826,11753.5636852862
3325,19207,19182.7401996553,7327.68048657844
3327,48420,48337.1395637135,18557.5237432564
3332,43262,43356.2088355117,16412.8508594095
3334,40592,40649.8991823018,11836.675164198
3335,23613,23754.2775440624,10128.5508715412
3340,30405,30586.7037695323,10017.5819143092
3342,30114,29999.433863007,9562.98666582018
3345,28632,28655.5605172109,12177.4882053778
3358,26534,26399.4801433398,11378.9320584037
3365,37496,37195.9275537782,10776.6570831792
3376,61818,62011.8298146617,13189.4638259205
3377,16672,16656.1776634218,7220.25737368818
3380,38700,38649.2509146114,18930.8038632719
3382,32522,32693.9167402607,12889.2808242973
3383,24810,24614.3584857926,6838.98618957127
3384,28081,27883.0721147332,9297.12989579053
3388,27937,28194.559030673,8930.87677789057
3391,31197,31020.1608943859,9246.36565234175
3397,31349,31539.8246046003,10403.329383634
3398,30623,30724.5315559943,9202.78727374706
3401,35227,35156.7549904102,10799.2140902476
3403,41586,41853.4143784565,12551.0614118817
3408,11553,11557.1625365647,3679.98911531057
3417,31699,31726.5729296748,14606.3330296905
3422,25484,25519.7858069054,8178.70493757535
3423,31416,31429.6190570672,8760.02362403551
3428,23849,23618.3747610856,7813.09594229577
3429,41061,41142.602902811,12914.5702548688
3435,30856,30628.4034679763,10185.9952548896
3437,21794,21754.9968357263,6372.6697490265
3441,22015,22059.3831113082,8519.94994096544
3444,17308,17311.9466488217,7235.17920866143
3445,33411,33769.7349220297,12033.5574414367
3449,21062,21142.5391157492,8293.64670887318
3450,37923,38047.3823803731,17571.4299387944
3451,19893,19636.3521177166,6350.18004513546
3463,18004,17970.8302968157,4998.41325688989
3471,19418,19172.8291288984,8596.35100326232
3476,26638,26455.8369417833,8721.6168248888
3479,62286,62348.8339743057,19112.7979668611
3481,28607,28546.3268869314,12252.5129647526
3484,15513,15577.7126352476,4811.56599008346
3487,20252,20299.3282303171,6705.49700266875
3489,37596,37907.8458101464,11731.3109035569
3494,30240,30244.1769224565,12008.4491129732
3496,36486,36470.1040231163,14995.7959766821
3497,14992,14943.2706079392,5528.2933009038
3502,17635,17639.0177380043,8581.62641551701
3504,34901,34779.3444790018,13390.4572849461
3512,35952,35803.1915245935,12613.9011991417
3515,29950,29900.7240876012,12165.6519263992
3517,24168,24309.9407859543,8078.46768663264
3528,32069,32270.0130097339,13165.8178208909
3534,49560,49557.3012426512,17201.719713689
3544,22351,22450.2946263473,7884.74575142334
3546,20615,20434.0974914329,8465.08785842009
3558,20194,20223.7335211736,8776.82739200988
3564,21848,22036.6354070568,6924.9031670577
3567,38274,37918.4330334841,12420.2453015494
3577,32790,32799.6983238677,13872.2435026344
3579,40267,40231.026032087,12389.234647174
3585,16539,16458.8775067762,6367.76109311968
3590,33760,33911.0197599727,10805.8708880224
3592,21730,21774.665037519,8557.31004723646
3598,52464,52495.1917301554,18566.534543144
3608,51627,52054.817769977,18264.5406311655
3609,26932,26767.3521905281,11151.3298120756
3621,39037,39283.2912168331,16705.1624337937
3632,40427,40144.6469020912,12229.4273995101
3637,41516,41452.4200928512,15654.017690022
3651,17886,17773.7518898114,7105.76735942364
3656,22140,22060.2116597736,9445.54833615533
3659,22805,22740.8611181704,8838.08844439428
3667,46235,46107.2846086552,15600.3030727001
3680,55803,56016.4250541342,16219.7391210462
3695,31009,31179.2493761377,11317.1075201873
3696,16599,16843.7299312274,7908.87036568678
3698,28281,28137.9444934564,10146.7126492882
3701,19168,19020.4935237355,5582.48629224277
3703,38611,38773.2260120329,17566.0398186058
3712,29275,29474.6715655004,11093.1549318237
3721,46824,46664.6009470862,18223.0972636746
3722,20314,20492.1088442994,8498.99215657168
3726,22618,22626.9261220706,10143.7751617284
3727,32609,32713.0282215086,11833.5117473342
3731,43543,43561.0520136411,13726.8134020239
3732,27254,27142.4788336219,10651.9620520594
3735,33524,33447.9824347353,9517.63363690266
3736,20976,21081.9817815535,6778.54692725487
3739,41793,41530.8099819504,12561.3356732636
3743,34109,33891.7662071245,9725.2849998542
3744,21820,21980.9761451411,7177.3297319698
3746,20693,20557.2322597898,6609.61163709
3748,14094,13901.6883084146,5233.06940143208
3751,31218,31491.2782934822,10074.8999846571
3760,46942,47021.1966310523,13811.3761910146
3764,34461,34570.704190258,12785.3906338141
3765,22220,22151.5889162716,9326.63565071299
3769,28380,28341.2747456674,10489.6610003089
3770,22640,22447.3501818463,11413.2607387557
3773,24782,24946.2957675073,11483.8391874989
3774,35093,35157.4624021284,14939.7281435576
3780,21221,21188.3400286528,9081.4166481102
3784,41789,42028.2333388577,14629.57120401
3788,34393,34319.5433686895,10347.8173096749
3791,31381,31273.2581549435,12077.9025156887
3793,33576,33284.101922281,15118.3415307354
3796,40966,41106.3847731548,12231.9648497663
3800,28294,28461.4931188609,12905.1260699493
3804,48999,48860.3940434273,15792.7342096817
3808,40489,40336.3558057653,14153.0859883291
3817,50223,50256.718802629,18701.7498192404
3818,27339,27536.594308324,9236.13389991982
3830,26236,26745.6150448708,9141.81386343998
3839,22374,22501.4676799243,9968.36456506221
3844,23571,23448.0015759741,8973.95820214931
3852,29996,29625.6213525017,13313.7887811641
3855,34056,34171.7756704207,9858.53822175332
3857,33032,32848.9732349012,11841.8372104653
3860,39590,40155.6770731888,13099.8547546866
3868,42083,42203.5942951734,15561.2113132454
3871,9866,9719.02412505439,3474.03847858827
3878,14652,14485.1795693661,5390.8837632557
3882,44482,44519.0984750693,13030.9751075386
3888,34560,34147.7785844216,11053.9617281619
3892,50719,50506.2975741831,18880.3385873791
3895,39137,39013.7686755657,14744.1428281021
3896,46325,46585.8801343706,15865.1956902441
3899,19581,19649.6526950602,7072.39115915224
3902,48132,48055.72577087,16065.776786469
3906,50082,49925.280457097,17501.3508655843
3917,43853,43494.9774336597,17557.8378678902
3921,17994,18009.8756647763,6212.28400403755
3939,53450,53574.5125074931,19854.0151229824
3940,12592,12450.9056267739,4417.04119763219
3955,25325,25244.3263126277,11044.0477108518
3964,26286,26178.5520264162,10920.5779145409
3969,23514,23691.9484587383,10426.1570516417
3972,21332,21473.902835533,8359.05901994059
3993,30054,30068.1958996177,8666.44018533735
3996,12472,12516.0857425258,4475.04228549742
4002,10404,10297.0050810529,4577.43052180772
4013,22637,22780.0898263028,8466.56179566309
4019,24456,24355.9241975334,12211.7791624292
4030,22650,22540.0378660642,10612.8387051818
4037,43581,43282.087135114,11325.0925605336
4039,28292,28374.6369591458,12852.8095011468
4040,39360,39248.6591679224,14248.9371791281
4043,20534,20462.5988029122,7094.2889454714
4046,21520,21360.9186932645,10048.9196862219
4049,29535,29593.9569203306,10038.1571678053
4052,32477,32118.8148422344,12591.7606897265
4058,24071,23894.5903569896,10964.3804605126
4067,26121,25903.1878854575,9558.60964490002
4070,23082,23278.4575563163,8879.31619330379
4073,19155,19291.8028087178,7636.50624486407
4075,16223,16212.4303560068,6025.21347745978
4077,23150,23002.8104141253,8760.25910052673
4081,56299,56133.3581309784,19876.3661138617
4092,48525,48591.5098139403,16970.2758325361
4093,28294,28277.4096695543,9561.56475086941
4094,30656,30464.8307150209,11270.5439350208
4096,52826,52404.231716695,19893.5347285931
4099,37825,37967.1835208846,11765.8269572045
4105,16486,16539.9120228828,6576.74494046448
4138,36883,36737.9392471415,17018.2255822589
4142,40602,40782.8723480892,14124.5510341463
4147,25605,25562.1927895838,9714.07332291987
4150,36722,36786.5002132876,11139.5830439044
4153,28367,28361.2065046377,8772.79886186962
4154,24231,24339.3621810913,9573.50905321922
4156,49439,49387.2864895498,18650.5660156343
4159,20151,20034.7646546277,7612.61827141297
4163,18669,18781.6773877815,8065.22125809185
4165,22586,22748.9776174563,9071.60009471128
4179,36892,37092.5313564525,11748.9726169293
4181,19245,19201.8762569908,7483.05086089794
4188,49620,49589.4643959696,16280.5968474298
4191,74322,74657.9145681064,19901.8140032833
4193,22384,22416.9772666335,8953.94716042625
4194,53450,53523.1565325167,18424.5466461473
4196,37865,37677.3680794441,12868.7966587439
4198,41377,41171.0464839292,17040.1908495788
4201,11071,11102.5339507506,4764.95563144028
4208,38518,38738.9224821576,13780.3806369014
4211,38807,39006.7431372522,13740.7197525598
4215,42312,42298.5369594484,15040.5269610558
4218,18721,18792.376948822,7460.9912712459
4221,16985,17069.2714667971,8548.14100126148
4223,42539,42902.9346371694,15586.2277807777
4229,50109,49964.9696544402,15519.3018924069
4245,22882,22738.7956479167,10056.3848658569
4259,43185,42900.3480248367,17979.7254343489
4260,58017,58064.4112543938,20206.3607604985
4261,38769,38644.1181078002,15288.4639193788
4262,20007,20037.415562636,6885.09224160876
4269,37965,37952.6931622958,16273.8991777375
4270,15620,15649.5512802786,6353.13448310806
4280,25113,25387.0602247592,8084.74314343941
4281,37723,37798.9187512984,15867.0830658425
4294,16400,16441.9250988635,6349.70281761484
4299,49157,49434.2066880058,12752.7742152146
4300,25749,25684.5506138444,9825.65675937606
4304,51515,51754.9310314246,17221.41910443
4305,54552,54562.6757136103,16529.7178317258
4308,19752,19687.0707152678,6080.19530317476
4331,37967,37981.8033058599,14845.6752100813
4347,17020,16792.0699049995,7721.41740495516
4351,28347,28573.334214832,8961.88884434722
4352,37489,37448.2960378543,11902.5452250617
4359,57244,56991.7208207722,17963.4337549351
4360,41952,42264.7068521432,14287.8686229838
4368,47992,48114.899900651,18698.193493973
4370,24511,24472.4949635491,9445.69095702018
4378,25307,25374.0293054542,9891.88388742284
4379,17626,17670.8635329272,5777.0588711508
4380,42846,43064.3110668949,15981.612237156
4382,9398,9458.57591791186,4262.90423855887
4384,24119,24330.2019501212,11720.6222885654
4399,32794,32975.2564283517,13199.9643399959
4403,35392,35506.4074650726,12849.9542732247
4404,41164,41727.3071408953,13551.4795959269
4409,26323,26487.9753919218,11195.3435896505
4431,41167,41351.6151671345,16978.2570769337
4439,28416,28363.3919653932,11261.1008089649
4453,26323,26309.0365615195,9808.61875695678
4459,49480,49487.7667688901,16809.5021298934
4473,16482,16514.1604014966,5729.02209066145
4482,36205,36381.4241281177,12585.7009694363
4484,48934,48739.3484170119,17549.0291577497
4485,19493,19339.3481300046,7706.1376478007
4494,11435,11462.7043104326,4804.29861928581
4517,46888,46665.1473076562,12483.5411476311
4521,38955,39023.5316451955,12397.7993377811
4524,23431,23401.1300621079,7368.08478410139
4525,12562,12772.4982950725,5768.62919421042
4537,21837,21850.0769200662,8097.99516177997
4540,19500,19767.1427054507,9651.33128300057
4548,33391,33380.9102643023,10909.1530777232
4549,20287,20323.0104125994,6800.42010374958
4553,36647,36834.972411171,13649.0804802741
4559,38966,39147.800576271,12338.2102571785
4561,52388,52521.6136840198,17519.2085605476
4562,26965,27035.756549803,7330.61150512813
4564,46723,46488.330805859,14165.9835190187
4575,41096,40878.70331128,14300.2202754378
4576,37480,37234.6377045778,12823.1535485018
4577,29404,29297.6214629512,9951.66641596963
4590,33627,33672.1433791077,11789.8268866534
4598,41467,41670.8550331239,15649.6269550309
4601,29365,29401.3148212875,11523.9867451689
4610,30007,30090.0661421729,10143.8445313314
4617,33221,33195.9144436462,11499.2738754005
4619,11201,11431.6097039686,4671.53007877564
4622,28172,28239.0995519093,10577.9018520656
4626,29285,29499.1093987446,11587.8547463909
4627,31586,31544.1263008014,9185.73028986058
4636,16894,16669.7401594266,6010.41386779998
4637,52643,52652.9121474235,18986.006391972
4640,12644,12709.5395541396,3833.27275810039
4641,47229,47223.2067115199,14220.3382274886
4642,36266,36337.0109616606,13587.0653303737
4648,48684,48553.686589907,15485.6501965207
4651,33171,33290.6237264342,10282.6260559042
4659,14432,14483.8491966809,5042.08005066749
4665,17841,17801.716732148,8938.86202065077
4670,41729,41943.5899026545,15532.3004313036
4672,35044,35094.2495088151,11310.6026716317
4675,13133,13365.7109581825,5504.13347575809
4682,29503,29401.8691544983,9018.66450794868
4692,37644,37524.7458082471,12638.3163451018
4694,13566,13648.7361829835,5502.36796439637
4710,58604,58367.7544288103,20028.6650074253
4727,54251,53922.1298457299,22517.6122364144
4733,39314,39334.9630351465,12366.6185560355
4737,12276,12232.7372686483,3987.18097768683
4745,41040,41215.6394407225,13230.4657247
4747,28036,27990.2574963629,10340.4453303529
4748,27693,27834.9513738694,10863.5222032454
4751,22835,22681.7065161439,6509.18121624802
4766,55252,55058.7727128612,16532.7584311824
4773,26500,26434.4419878773,10319.1597738449
4774,21838,21800.8141806384,6810.64391156357
4790,39591,39848.4449130402,13015.5939826006
4800,38592,38486.9253458776,11802.468480193
4805,36740,37172.1006323027,12821.9980858979
4808,40702,40787.7084782071,14305.6881024266
4819,28996,28843.5631358579,9314.52953864082
4821,24301,24436.2416430981,9300.74150927803
4823,24477,24504.4042707194,7754.84428245961
4841,31768,31489.7145371417,10636.200835831
4845,29573,29608.9788369929,11700.4225486692
4846,50362,50339.3365795385,16681.5374421075
4847,30883,30923.5524400337,10797.397474644
4852,36287,36210.8434239266,12638.953320012
4861,21509,21702.5703679063,7060.94451030012
4862,29838,30050.8741216862,10710.5463356737
4864,17331,17579.3767393989,6186.59954835988
4871,22213,22038.6672954368,10830.0163135615
4882,18154,18213.1914845003,5368.01793544586
4885,41985,41673.7600914919,13219.7015346272
4886,11395,11469.0399817179,4268.00421236406
4890,48817,48732.553139588,11760.6226501531
4902,21996,22114.0066871017,8492.69081550248
4904,47739,47903.5353662959,15201.072707316
4905,33178,32982.0943716459,13277.2142080012
4906,53145,53218.6850138315,15982.3560203365
4911,23173,23017.3421638149,7990.18175724303
4915,16379,16253.2138652273,6705.89491826439
4921,28927,28867.9816466529,10927.3188657647
4928,43352,43383.374705912,15118.9440775677
4931,40240,40426.6849451264,12595.773323042
4932,34963,34726.8262847478,12037.9146398163
4940,35986,35829.758642239,11593.8998725181
4954,26314,26005.166767424,9237.01217395183
4959,44205,44253.2526313504,17679.4640163043
4961,16032,15831.9550776719,6191.51437320222
4962,35004,34838.7424504355,14778.0248823398
4963,22983,23019.9914533723,7653.09729412411
4966,34600,34575.2823088172,11329.730131153
4969,63356,63646.6796723085,20896.0266746067
4973,19946,20013.1698922572,7907.35113870133
4978,21379,21398.5533046103,9086.62560732125
4981,19735,19539.3279820639,8393.42659145605
4983,20438,20267.4805575344,7527.54177501373
4985,39096,39252.0064864629,13849.6095470951
4990,63576,63537.7397911495,17381.2267306843
4994,25158,25321.1266177348,9041.04775265128
5002,38548,38394.50208323,12496.120819364
5011,23314,23098.2978163954,8071.24923057882
5016,76624,76492.586254048,23446.5709950734
5022,22414,22422.8831954243,5474.97403729435
5023,26930,26983.3987410454,8278.20906972791
5026,47591,47724.7929702347,15013.7612454026
5028,17302,17393.8409661301,5626.68187718302
5029,12941,12883.8894870662,5044.25040513321
5052,47150,47053.0161642453,18983.2742965702
5057,35470,35668.299354155,14400.854465341
5061,18863,18837.312001725,7244.78707601099
5063,17480,17505.4184438402,6360.29125137819
5065,41743,41400.8674960177,17701.7341218925
5069,35617,35552.808461308,13486.6813297246
5075,32688,32605.1002016713,8315.04082092704
5078,49992,50034.664141159,17659.2465596679
5083,48836,48964.1199271794,15475.2795102126
5084,18597,18402.6628254211,6789.29432555742
5087,45555,45601.8767306057,11784.629592685
5096,20858,20574.8081744235,8946.86690820149
5103,37262,37474.4592065696,11409.5484154728
5105,39986,40498.9002131939,17325.4013047615
5110,35436,35594.9702080034,10147.6318337902
5111,45990,45800.9451356834,17298.548446138
5115,32716,32493.9404793782,12552.671779752
5126,11689,11793.3608802694,3984.871064842
5128,33835,33977.7759931022,11374.6582087414
5131,52988,52867.7116643012,16757.508173526
5132,26464,26456.9744762367,10854.9342142546
5139,35211,34735.9135279175,12912.0426869171
5143,35327,35454.6250251353,11984.5846085808
5145,22948,23280.1122618163,7746.39388479448
5150,61740,61498.4550410853,23405.3041525315
5156,36252,36143.7546531524,14552.3007642929
5158,32311,32612.9348645014,11948.4495789452
5159,38330,38204.4417728084,11897.1130712756
5160,34983,34748.5561023624,12772.0180979649
5162,40562,40520.4559574552,13658.1610341895
5165,24455,24273.2760566767,9052.71323502179
5166,31748,31795.9487879809,11160.8558126374
5170,24156,24196.1849419952,7964.16209038543
5171,24093,24089.2268436048,7667.62140026867
5177,64454,64479.5869339245,18849.0331564186
5178,24461,24620.171072743,8328.83301026199
5188,30768,30788.5282152074,9706.48803754727
5189,31256,31565.4788618309,10578.7995325911
5191,29581,29607.5762042959,11526.4750747882
5192,32740,32844.2649467367,11539.3122249236
5200,41224,41283.7131830055,14012.6237288796
5203,14468,14595.8913368032,6475.6743339802
5208,27625,27783.1797239771,9165.04083346632
5210,28135,27993.5535829306,8814.45182897603
5213,43181,43075.2163114092,13942.9057242996
5221,39841,39902.9463800165,13694.1046029821
5222,33674,33691.5387311761,12572.290873617
5226,11064,11143.2272455285,3151.74900827585
5229,38282,38338.9870004991,12210.8709757488
5230,25012,25111.9607942467,11521.3782789749
5236,32953,33167.6789420868,13133.0813918888
5239,28672,28716.043688278,12383.5792020286
5242,19470,19474.1881420083,8663.30732031216
5253,50127,50180.9219507522,20381.4034584666
5264,33261,32983.5743235806,12152.6083284516
5268,31840,31906.5981295658,13678.588870254
5269,25571,25239.7231244194,8990.74730227007
5275,21260,21477.5565717889,8221.46210328615
5277,36551,36499.5584347635,17535.6117421354
5280,34577,34381.5556150888,14422.4802349862
5288,24090,24141.7186239074,9381.11718131613
5290,29871,29876.8662853816,10291.9441550554
5291,21504,21589.6148755733,8377.28837252051
5298,56333,56110.9184431708,19746.0012136226
5299,22910,23038.7221798164,8652.90111543013
5301,28894,29007.0341238321,10528.9851946836
5303,48198,48416.7233106381,17218.0583533203
5304,16314,16137.7879044425,6824.86090421606
5307,28672,28654.8424596791,8832.66344114751
5314,26405,26492.2440150964,11682.7520500669
5316,45837,45616.5034403299,13726.5985395771
5319,29194,29438.8453048502,12613.9907830733
5322,27534,27433.328771219,10656.3227571176
5325,33953,34100.4237610955,13732.04708155
5327,24834,24832.339662179,8899.32709670302
5328,13289,13197.0694431626,4933.62130948554
5332,35353,35442.7654889243,12102.2850950074
5335,34215,34171.4464957692,9204.13780093317
5360,42899,42840.1857541591,13683.1524579577
5362,15789,15832.7181390523,6295.98450938781
5365,37483,37528.4591884188,15489.8999483452
5368,21659,21733.5952850079,10448.5184787955
5370,22375,22136.6024607399,7760.58532489898
5372,37699,37732.9123634795,10200.851517368
5375,53611,53786.7822093589,18320.0339051528
5377,13591,13474.6040210546,5518.24660722913
5383,26137,26233.6484539465,10031.5542383521
5385,28611,28734.628077845,14686.4389908847
5398,11567,11652.1937158526,4439.41136663754
5400,24768,24896.361508621,11385.5535721019
5405,17680,17758.5636278445,7810.67708484067
5417,28581,28802.9386153673,9027.84377461843
5426,18300,18331.5119498737,7068.02524381375
5427,23704,23932.0319377842,7550.99133654889
5428,28063,28372.8071995097,9061.26186597794
5430,62979,62738.6198308721,20300.1264674036
5436,46349,46359.580690444,18948.868411825
5447,33629,33408.9217293978,13522.9659943369
5450,32617,32559.8801756319,12558.4902833146
5452,47219,47206.6993300732,17142.1288935235
5458,42804,42844.3555871812,14636.4589628893
5474,22202,22052.3882227682,5722.31034542996
5477,33247,33057.7799900324,12402.7444864848
5478,36386,36244.8090862162,13252.4800914726
5482,30986,31036.3275151551,13241.3320286607
5486,58644,58214.4183978603,21490.0949882336
5487,40866,40398.0172372793,15899.8847385595
5492,13133,13143.7898237676,5633.38805038871
5498,36893,36518.4827979591,12831.4460010242
5507,27589,27556.6605233868,13308.0219913374
5521,22332,22293.3008423087,9170.11615570683
5535,17196,17099.9704138503,6945.99235233122
5536,18547,18470.6637401876,8252.65202121023
5540,56937,56803.6185288405,19234.187530994
5544,42075,41805.5885158398,15228.6148804194
5554,20178,20330.5613953317,7287.52257672296
5563,13269,13243.1123384546,5238.96330513037
5567,23525,23621.496218339,8433.27459433825
5568,30664,30837.8694198031,12209.669255164
5576,35290,35336.8685788404,11270.5638562507
5580,35607,35600.0045882493,12865.6282374703
5603,25265,25225.7236037354,8983.07819292887
5609,33889,33541.403280383,11646.3827417648
5620,33601,33577.3643601785,11517.6382885725
5621,25594,25518.317006128,8680.51873527358
5624,32000,32003.4857169214,11344.4012381371
5634,37540,37089.6954973039,11567.7453737283
5637,21309,21141.5817109194,8435.45916975671
5642,37752,37621.1356300292,14314.1022224815
5650,32895,32914.7231063619,12185.0756869711
5651,41192,41380.131289174,16029.8072610914
5660,26012,25938.383331758,9407.79179291176
5661,59623,59230.8046268122,21292.6002166333
5667,46526,46720.2621968688,19199.6346950011
5668,20882,20876.6245418594,7757.46719880322
5680,35102,35049.961883228,11972.8576239405
5685,14698,14751.5458058815,5997.8573355568
5693,46832,46887.6251795626,14994.8638218253
5695,39029,39218.625208403,12412.0833364935
5709,53391,53218.653385406,16088.7135262033
5714,37802,38013.9314717015,20273.413822514
5715,12413,12392.5188729759,3948.6178213963
5734,35208,35125.5628053123,12691.5456404752
5738,19678,19624.7756599865,6721.19424273272
5748,35389,35363.5517197882,12861.2699784674
5753,33709,33378.5952299089,10907.3904962957
5756,22803,22618.2689613826,7937.35066969802
5760,24217,24335.0498765227,10310.6981571164
5761,61242,61391.0909760896,20981.0275485517
5770,23866,23873.5845783737,9533.9654730096
5778,31225,31189.6054133565,9668.97591037797
5781,21650,21875.8451325387,7220.48945100333
5788,55052,55221.2791779045,20696.0956144942
5790,26328,26465.5353533466,10594.4618851992
5797,26073,26059.7633550944,9408.99969680757
5805,28612,28885.3111347869,10611.1338464838
5806,32595,32692.7053795783,11569.8067969048
5809,59237,58813.0414069103,18621.0159106366
5816,33856,33726.6606903554,13720.4647846734
5817,41769,41748.3623158753,15250.5237719952
5829,25979,25978.8455088554,7547.6720281563
5840,23406,23258.932193595,8466.18223626961
5841,18163,18310.1372250663,6150.88400640147
5842,23244,23327.0026874498,10516.7036592852
5843,36614,36533.6904163611,11038.3967166057
5848,32138,32205.7868159597,10478.195856094
5849,31271,31113.4400813716,13727.5865915838
5854,28424,28097.8676678354,12055.9340230378
5858,30486,30547.6437777856,8893.87201983111
5871,24846,24761.1433687566,9866.81179083756
5877,28850,28678.5934242104,8800.35634599598
5880,43793,43485.3496804702,14151.9792820606
5883,16376,16452.2723663646,6807.81331249749
5892,38092,37950.1285234062,15280.6604647687
5897,43053,42872.2435455467,14493.1703554747
5902,52892,52555.2054560882,16226.1430230108
5903,30911,30501.363758766,11076.9927764247
5911,23621,23623.7187459891,7701.71001609957
5914,33937,34068.6181851704,11385.6409869519
5916,23832,24044.9072241335,8617.64149184883
5918,35989,35838.416174023,11760.3269865822
5922,23011,22899.5383472417,7499.71445583527
5927,23797,23834.3602193304,10259.3846581025
5930,39942,39943.6316626597,15431.3326772312
5941,50314,50257.612536892,19115.5465196129
5944,37329,37336.2433230332,16046.4530883193
5947,34655,34575.8761839195,14373.6489692712
5949,21635,21497.8201852871,7851.06220290139
5951,25876,25696.7706424915,9832.82215544673
5952,36092,36067.5438448393,11823.3405592826
5954,39558,39536.355423116,16083.6425454033
5956,37494,37318.1267071903,13206.0278277656
5960,19885,19835.834157007,7348.89966148612
5966,38379,38503.3432887676,14670.2322554021
5987,33609,33857.2129778614,11174.1288017815
5994,22901,22875.2138854339,10936.8383563722
6010,32745,32549.9085543118,11637.9062458022
6013,19100,19136.6459058764,6762.70227014063
6015,25241,25039.9411959179,9649.03624365154
6016,25893,26031.5239647051,9619.88719967088
6019,33363,33601.3656003008,10104.3132734225
6022,25365,25397.3253927519,9252.98572651539
6032,30998,30940.4383577223,12121.0463026062
6039,13672,13603.4625977185,4847.66605903997
6041,17291,17344.0650764078,7300.64147618768
6044,13274,13374.9388114998,4854.53648543488
6046,47259,47491.4047426337,15667.1069145647
6054,25281,25365.2427577231,12273.5787033857
6057,22602,22690.0468751722,7447.41133909348
6062,21723,21961.9675530834,6049.82117460768
6065,20908,20964.0098338759,9023.26296331983
6067,35958,36361.1088572215,12456.7435305502
6081,38366,38909.3149776122,12844.9548196471
6096,40519,40045.0428599386,14058.226466469
6098,35977,35970.4461032992,12374.9582092646
6102,22451,22184.3626473126,7681.46682619121
6106,16840,16827.7724637193,8237.12304467026
6113,32420,32640.6155215971,13458.4608236789
6117,44146,44367.885113471,16690.1884871378
6145,35015,34948.2597429886,13328.9881119206
6147,27193,26989.1737051916,10035.6257280766
6160,21192,20828.4639412028,7831.08701135206
6162,46862,46934.2630058002,18259.0768611971
6163,33040,32974.706791019,12129.1076054065
6164,26189,25985.0782919069,8381.42388112037
6171,38026,37962.0692539781,14023.8520722088
6178,25048,24898.0507389737,10851.7997502868
6192,33241,33016.0735043893,13570.0683194959
6196,29530,29629.557404857,10001.7534849843
6202,15746,15762.6158426223,6094.84917113553
6204,21317,21450.1700853902,7739.09462803077
6211,59414,59483.8200090257,23777.4931480054
6212,39167,38793.7466515581,14813.3684334439
6230,29935,30084.8561986462,12111.1756979938
6237,27665,27791.4341138852,10228.4238082345
6242,31208,30987.9461432198,10185.3647547435
6249,27511,27340.6358440192,10500.0495773208
6262,39460,39440.0792379986,12887.0159186552
6265,29877,30061.0499330517,11739.3378066016
6271,26653,26941.6657711635,7577.24005396008
6272,71856,72436.8473533351,18578.2990843078
6282,41758,41661.9194559078,14958.6589579411
6287,30822,30745.4003675222,9736.28449276089
6288,28056,28204.4107998325,10536.2706889319
6289,44040,43896.5168734985,14174.9291826998
6291,33100,33021.4291474723,16792.0623604161
6297,12850,12794.470680761,5893.66022549023
6303,31728,31929.6293938578,9543.30735148232
6304,24453,24471.3467006423,8486.29046074505
6305,26220,26165.4324494675,9552.89245653175
6313,32232,31988.2766233011,15475.0582415907
6315,42515,42298.2234268427,14949.9718230706
6316,29700,29690.2996875968,11433.8472565851
6323,21927,22017.4312654853,8696.93672631756
6328,19982,19962.5734476894,6788.17193779054
6329,50558,50522.1804964806,15650.6435034276
6339,34023,33783.1115141164,16601.323551416
6344,28728,28931.8456421632,12508.8166256592
6346,19372,19360.1799134188,6636.37647365654
6349,25351,25353.7873753115,8556.73633964424
6353,23214,23152.0064780062,8750.41667655143
6355,16293,16195.5674405589,5414.13032779725
6362,23821,24127.2952751318,8443.42907208112
6368,24498,24541.8544617667,11981.3568240581
6370,49207,49229.8653344876,16904.7228505426
6371,46118,45979.7629626089,19227.0905665852
6374,31610,31473.0501978452,10577.7535571831
6376,43251,43055.725304407,14333.788356804
6389,36021,35907.4916688762,13162.4275940644
6396,27802,27905.6929450155,10278.330106402
6398,17872,17973.5240285952,5664.68630465748
6414,36301,36332.4459597751,14822.475941505
6416,28689,28417.345242749,10929.0949594135
6423,35412,35745.6378834587,11460.6321812141
6425,15895,15895.1243325271,5381.67933791629
6426,24679,24644.1142309318,9504.74423543271
6430,17198,17447.0307843714,6103.68558269766
6434,33503,33774.3376080959,12283.1485254843
6437,32480,32351.1151813398,13952.9830789668
6439,46329,46100.5761587429,11822.3645856789
6441,11753,11754.6116603034,4104.5619615723
6449,30661,30564.845510156,12419.6258884167
6450,31718,31895.0930555965,12781.0953712
6455,24436,24361.3418197593,9652.21639766731
6461,48652,48542.3032159867,17461.994411116
6463,48302,48261.4160411165,14648.5442790863
6468,56420,56181.3091562965,14995.0878004732
6480,44163,44386.7781556333,15028.1545224966
6481,41852,41875.2258003602,15669.5006765874
6482,17831,18101.6578345985,7806.14656459177
6483,24877,25005.026223866,9566.12946444938
6493,33534,33618.2461060577,11183.3176465637
6494,36856,37001.8921860258,10682.7940743895
6495,27083,27110.7734665201,9379.49015695076
6500,28285,28104.0199690714,11729.9463864746
6504,17486,17604.6400720726,6205.83842267523
6506,29009,29108.3603537936,11966.7449201379
6508,32687,32743.823737517,11806.8219108711
6511,48145,48102.6748424843,15144.031821626
6516,30079,30045.1213880779,11141.4353360661
6519,41486,41607.492229239,15540.0878902845
6534,19559,19685.4585992361,8769.72360609015
6537,26389,26360.1931776492,8766.11706154047
6542,27356,27257.4382037025,11238.4584037194
6558,24434,24624.0969333813,9080.9352373669
6567,21501,21568.1863493434,9162.58475402114
6570,22913,22973.5447007963,7864.15943738087
6576,47681,47594.1152510563,19324.9106207258
6581,22807,22599.9476423772,8489.28350198608
6587,29402,29148.3526272,10929.3797742323
6589,16112,16222.1010604961,6753.30069578165
6591,38179,38182.7817450177,12155.1990274097
6593,30822,31079.5795428971,12455.7741804082
6601,18242,18106.9538489997,6915.27578871816
6605,28764,28790.9142144864,12794.2727509256
6607,27429,27489.7070019228,8330.3409197083
6617,26846,26783.9591490328,10282.1533397179
6618,43781,43858.6240553516,13146.6501382368
6621,33612,33487.1199974193,11319.5927378643
6625,44219,44014.6404170198,11147.2825395348
6626,27548,27706.574777478,11592.8989348707
6629,36045,36420.1191677897,12141.143752545
6636,34135,34552.4987322377,15923.1421380026
6637,29712,29581.1839152786,10252.7841055572
6646,36484,36620.4550262354,11732.414980775
6647,29402,29209.4244121026,10150.8140006654
6650,15219,15247.2884242349,5982.25143891196
6663,31028,31199.5041666254,13051.050196557
6664,25420,25523.0200486148,10599.5032456479
6666,17017,17281.4298984296,7009.61269199038
6672,31694,31747.1086138772,10848.0347709583
6673,58931,58776.1550288257,16265.7670695009
6677,22927,22916.7419294233,9801.80414167961
6690,37186,37351.0245030761,13926.7152349121
6697,33117,33024.272939074,9713.31045290378
6698,36365,36228.2131637342,14902.8117978708
6701,21095,21132.0167364213,7971.32378777256
6704,49752,49567.6461654153,14651.6091799351
6707,24057,24036.988651752,9229.46497163965
6714,56580,56523.5746732244,17165.7111105354
6719,45626,45720.0266272432,15084.1272749809
6722,32117,31988.2344909756,14772.6896326387
6723,25489,25808.6427981831,8434.09516553886
6736,40512,40422.7594523926,12244.3834087321
6738,31499,31213.0448350119,12645.5507274557
6741,59342,59340.2185280364,16637.0860839574
6757,25022,24912.3455410766,9437.68362534697
6759,35085,34888.6455627183,15947.7353545805
6765,25122,25316.5717400386,12697.1943204324
6774,32079,32040.7503539717,12312.6245693533
6775,31757,31749.705152885,13836.5200403851
6778,48516,48189.8306827701,15390.045319563
6781,37452,37543.6013586537,16673.7126630726
6782,17322,17177.7367281102,7016.93254988839
6783,36190,36511.4689662651,13326.2434949489
6786,32150,32258.8953195748,13670.5394124717
6792,46160,46164.3973802868,16596.7051415017
6793,39338,39198.7226547022,16561.4312259262
6796,30044,30038.306700096,13825.0850655503
6797,35747,35883.6206328622,12260.9886408379
6801,36146,36192.2136665532,11233.6269268689
6807,41397,41418.9477617989,14567.9567720553
6813,28589,28794.3922915981,10623.4046423702
6817,12175,12093.2755466887,4502.01017271971
6819,57666,57683.0455298443,19310.0359550989
6822,49040,49132.4769013655,16634.7234507404
6824,25503,25663.2345052764,9209.9926567497
6829,13085,13189.7337654242,5212.09010953221
6833,23952,24336.0675244616,9864.83993514419
6840,42852,42960.2845604905,13723.09188969
6841,39448,39663.4930404961,12292.9751389565
6846,16725,16543.2898059724,6250.55220317365
6850,38196,38282.600759005,13860.6914047735
6868,20622,20430.3670495558,8758.80465393812
6873,19229,19300.9887212129,7668.11470167046
6877,62015,61911.5612211455,23520.517429966
6878,41213,41722.0538396522,15209.0037610603
6880,16303,16296.4821083679,5534.67384006921
6881,46875,46797.8701329415,18411.2011478987
6884,11371,11402.5307550159,4221.79014184995
6886,24874,25078.6814608615,10035.8033860988
6888,45913,46020.1474456679,17529.1922477773
6889,32096,32330.514147502,13044.1898775649
6908,23214,23240.2636554523,8587.09830902004
6913,25920,25907.449036877,8157.16875432914
6914,31908,31786.152617027,10390.9636746228
6917,41117,41199.4692070738,17298.7636928831
6926,38423,38362.8184415776,13122.0082313254
6930,22290,22187.9835081365,7695.70853594864
6934,27862,27713.0348057854,13222.7698960763
6940,40865,40769.6582963339,15695.7991636467
6944,43302,43608.4608989735,14838.3720058443
6949,35326,34986.4781360774,10194.3587814067
6956,13776,13756.561698262,5568.67119496797
6962,22110,22046.9980301468,7306.8351754648
6963,28844,28640.255628361,14265.4090728992
6964,18368,18377.0281685678,7248.63222810591
6968,41496,41229.1400684746,16026.6530238344
6969,15609,15809.9182011045,6997.18229446859
6970,37646,37789.478920212,13339.43387191
6973,24204,24299.4884256086,8341.09020600146
6974,30860,30633.0851990591,10712.0196718895
6979,18059,18417.2460319051,5678.13566899064
6980,30463,30676.1750681396,11994.9156859571
6986,25146,25163.4314375582,8756.81355987818
6990,28062,28087.0201975293,7496.82974658545
7003,34470,34297.7228721891,12964.9165811271
7019,32492,32628.8822572662,12595.6457708305
7023,39911,39890.5660613947,13207.3139144079
7028,37770,37557.1362461296,12727.7479259639
7039,35947,35920.51266212,14797.8078111532
7049,16280,16552.859436962,6112.70822105785
7050,41152,41224.7602046486,16400.0675932083
7053,14463,14507.4442583814,6102.53754547049
7054,41366,40972.7649240712,12999.3410412844
7062,16889,16931.4923201286,6759.70534925959
7066,24201,24508.21156299,9582.0687145468
7070,41557,41684.3915111826,14497.6469879489
7075,47154,47161.6376580209,16203.8410116252
7078,21107,21193.9905063324,8593.25861546357
7083,50185,50270.1186375662,17298.2830349541
7084,35517,35780.1582110369,12835.5484098048
7091,42394,42468.5709241618,13841.1013159532
7097,24794,24910.3610734647,8151.22127443033
7100,22654,22501.6970583847,7411.90848099843
7105,41246,41358.3578415206,15738.7905548505
7107,33119,33002.9023290984,13869.1169964473
7110,31381,31347.9158380059,14109.9045534529
7112,28961,28978.6046824902,10406.8137047638
7117,14324,14312.9468989994,6000.61842396901
7121,23827,23623.0462627296,9009.45191876001
7129,42995,43070.1198337032,13381.4990207749
7131,44138,43674.5305810431,15327.3387392248
7138,20373,20388.3118093972,6345.803536053
7139,22643,22830.757095687,7511.69690930035
7151,30837,31028.9892495793,14182.154798779
7153,33703,33788.5270095833,14545.7864434091
7154,20181,20252.658162278,8683.29615506528
7155,38794,38869.4049843179,11976.5075212412
7164,47269,47486.7615005323,15294.9665310994
7173,12150,12126.3075108573,3498.94403647031
7176,42444,42218.1816797346,14598.8897702539
7177,33943,33777.7635232889,11921.2649005433
7183,52278,52175.4615836525,17598.6330619672
7186,21221,21501.1310159144,7947.89298998456
7199,8938,8834.25139760334,2966.89849417892
7206,24612,24796.3601059254,10171.8880763358
7209,24202,24008.0510387918,9187.50264501186
7215,15683,15784.1745695529,7061.8595618664
7217,34670,34555.7369247975,13558.0589309212
7222,46564,46712.722856318,16123.8969341914
7224,29388,29452.9523935814,8568.29384863155
7227,33947,33797.3018719,14296.9292949763
7242,12507,12466.1431441139,5635.33800316206
7252,22826,22900.138548801,9346.12210922891
7261,39277,39088.0729997963,12920.5339833875
7262,22571,22656.8805500335,8467.80434158261
7265,36002,36092.8954233957,10941.0536238621
7267,29393,29761.3570509221,14131.2869867585
7273,31281,31149.6697474267,14598.9688126063
7281,24610,24511.7423310702,8729.94303366877
7282,28143,27965.2017770614,8368.30456598381
7289,44356,44542.5838709302,12102.64392203
7295,14606,14535.4873293963,4830.772210487
7297,25849,25924.6112581282,9332.37225588951
7300,14252,13947.3999956027,7130.90440021671
7308,19868,19757.080272597,9163.57067915982
7312,41885,42213.0916953918,14811.7828291017
7315,40583,40815.5808728868,12763.5073373418
7320,21340,21174.2771781508,7805.11338695015
7326,25411,25243.463337629,8963.5410741388
7329,36698,36273.0444937617,14797.0218518448
7346,38917,38914.9070263844,14606.1461725946
7349,21959,21988.9033320908,8992.86001499149
7351,36149,36027.6296060854,12756.7603965984
7352,40968,40823.6618828095,12193.2594410696
7353,42673,42716.4306124222,13968.4773524218
7355,26911,26877.5308985318,9038.72828662228
7356,46995,47086.2159244675,16027.409057423
7357,37074,37315.6016994302,12873.2578471371
7364,50049,49959.8679923477,15557.7920823282
7377,15354,15279.8606813716,6472.89143310298
7378,20438,20364.9580940614,7734.74116214559
7384,28302,28284.1761326752,12815.5488744811
7386,18499,18371.2378638923,6151.20806933869
7398,9085,9162.47103277162,2918.24138971554
7399,22333,22487.2211529937,7931.44534677601
7405,60592,60780.2225332937,20614.6778676172
7419,26633,26599.7089617324,10544.0148757713
7433,34614,34705.6901435883,12683.8917938085
7435,26818,26820.0417178453,11535.1253969896
7472,26201,25980.1899880262,7500.33855251542
7473,35763,35652.1367578935,11750.5109790636
7485,31027,31028.6777741796,11747.3792394068
7487,52084,52515.4404649442,14437.3844810988
7501,10918,11125.2003819281,3840.54244667906
7505,49379,49175.3713570873,17112.3738568301
7506,26542,26440.1186950799,8580.24691488835
7513,27699,27874.2249055015,12177.7221266058
7527,24578,24551.9509614956,12052.749786556
7531,34690,34775.7741305739,15822.115626232
7532,19384,19186.149557811,6309.73594060282
7534,54924,55071.905471873,18842.0961163204
7537,23755,23983.2435522463,8938.34264031198
7538,18925,18830.4266003389,8792.83374012777
7545,18930,18854.7250072868,6325.98452109437
7547,14706,14866.5582948878,6228.66129061035
7550,18394,18186.3612601997,9623.30728004637
7552,27334,27121.5901343021,8940.98503887527
7555,24840,24984.5065446179,9233.13255723797
7557,40259,40482.9792257164,15759.486669732
7561,22832,23007.3773852012,7454.52166756203
7572,14548,14511.2473442398,6241.60478781775
7576,31393,31110.5428230438,12417.6385758164
7585,35286,35000.958345156,14698.3701828516
7588,34119,34283.208900723,11740.9811055124
7598,8607,8623.59633035002,3152.97883652606
7604,49884,50045.7675162319,17794.7829164829
7606,30145,30077.0892294505,8974.03767359836
7609,32492,32520.6046328519,12061.2146950724
7618,32293,32337.3735186014,12514.6488291022
7628,60163,60212.1554200405,16971.2679300561
7640,57433,57145.9633276975,19634.1030942794
7649,38816,38656.2759917458,12519.4296974343
7661,16871,16885.2054094421,7574.15664048095
7664,33453,33377.1977006256,12446.6755109342
7665,37299,37337.8512235918,13416.4293183522
7666,32868,32724.035429576,12928.6591778561
7668,29586,29541.7847867278,11688.9405441837
7669,50124,50057.2355125992,14647.2248117591
7677,28525,28250.1350248349,9732.30535236938
7678,26548,26607.3942661529,12030.4375661933
7679,19834,19845.3704083168,6224.66236112135
7687,27414,27575.8876832213,11779.5360131628
7689,32820,32885.2480731709,10526.4905144532
7694,27764,27890.6225866875,10027.6307071047
7695,23027,23012.1233556922,9471.79189775886
7697,23616,23626.5433692696,8404.1300149561
7705,38933,39043.9719721445,13599.1027917116
7709,26016,26056.7816446842,8873.24275346708
7711,14780,14786.4001343836,6838.72906215947
7712,33182,33444.7485932418,14140.0591102456
7719,16015,15994.7851931364,6013.14133955076
7720,51540,51789.1962546541,19711.2627954378
7723,36568,36493.4383082241,11169.5686100821
7734,28683,28617.1447653024,8335.83028936953
7738,28922,28704.4571732454,10153.9991320071
7741,27733,27893.5243816824,12992.5861509275
7763,41115,41032.1819466732,13345.2138379521
7769,36428,36451.6717381662,10858.7672519518
7770,12942,13010.1538580056,4129.14407459001
7771,42074,42072.7765816489,12054.9475617448
7776,24795,24651.1584640531,9606.3375436214
7789,31115,30789.0165352266,14086.3549074722
7798,43174,43181.2780702083,14381.0515461293
7807,51564,51316.2178136671,14648.9301069323
7809,63136,63202.9608471573,17094.9147540539
7825,32100,32377.1780940428,8471.33180546809
7827,23731,23711.6300586713,9656.70218464393
7835,40733,40466.4304629675,17306.2957160884
7842,49236,49045.7586097538,17070.1071496992
7844,31266,31239.0510399027,10751.7924900291
7854,25821,25688.7439799157,8649.32909921053
7855,20926,20816.8037296472,6891.80926917534
7859,32056,32310.9756671204,11039.6644369459
7868,45830,45925.4029521156,15973.3182412999
7876,23006,23236.5854476609,7833.12175556527
7880,25185,25126.3692599017,10798.0501641576
7882,18448,18469.7876587186,6261.02907656702
7888,26623,26389.7567144169,10797.4885603864
7892,30428,30501.0777703989,10199.2800598377
7897,38655,38510.3656978668,13534.0118664543
7900,21514,21636.6766452578,8250.82115199824
7903,22598,22803.0956581116,8049.62848491636
7906,54035,54530.3606529925,23896.4067249519
7913,27411,27150.6153023673,10865.6089290906
7914,38498,38791.9025897913,15741.1644031935
7918,31891,31914.8008416571,11826.9472751084
7920,38141,38212.5035381489,12507.7120038461
7931,34966,34888.742794462,13646.0404441208
7936,37996,38376.2279872296,13247.656240962
7937,51079,51210.5713190079,13527.1242370525
7938,24419,24697.4613333233,9679.07310777655
7940,30717,30728.0865709618,12038.331566166
7961,29694,29725.4955706104,10616.0041884843
7963,35585,35480.9668377784,10736.9088336093
7964,27177,27168.9059653302,11451.6745011281
7965,22467,22610.6140883074,8080.55181207058
7981,42950,42850.6294418673,14445.1007625683
7987,40398,40401.9960024121,14775.500936663
7989,33862,33615.0094149202,12289.7267167739
7992,27420,27218.7531326823,10891.6231882605
8002,17901,17623.7232372225,6576.52600985568
8005,33130,33187.2952971681,11006.4702638536
8006,32200,31975.7371142651,11208.9948474231
8014,22325,22663.1759031945,8443.08283278039
8016,25217,25038.9425703153,10202.7561164104
8019,15414,15464.3792024729,6971.44309576795
8022,30579,30601.6114649813,10591.4091510255
8023,23297,23309.7701762878,7891.51771660228
8029,22959,23095.5787813353,9627.91602426995
8036,20060,20256.6265327435,7269.953438978
8041,30762,30887.7392456125,12519.0525467364
8046,17986,18072.3772112821,6214.56374021729
8057,19335,19387.2769558965,6450.88493576753
8067,57352,57224.5217550652,22228.4570501987
8073,30715,30578.049039082,12237.7888700772
8075,19796,19935.3035275922,8611.07435808875
8078,38457,38499.0506618349,13566.5022195345
8083,32441,32310.4290334632,11877.8676292432
8087,18378,18379.463079819,6384.49813312098
8092,26190,26302.1282350852,10516.4707887684
8095,23653,23436.4716907575,8805.68496827656
8096,52070,51761.0071968843,15970.3102646335
8102,34032,34146.2808509995,12166.6768965032
8110,15977,16000.03595293,4958.3317232181
8115,81082,80632.375455846,21459.6315861054
8116,32443,32408.2823236138,12779.402072348
8119,56075,56046.6839746407,15529.5673390045
8123,26971,27128.9425486728,9992.73084455202
8126,59070,58812.9472240282,21090.4442365448
8127,33297,33472.3847818893,10600.9599348198
8130,31243,31200.3654577573,11511.7810262006
8132,29408,29168.4294513187,11226.8795956946
8134,38725,38801.0264297984,13134.0796604367
8138,23532,23535.3653794495,8325.13191544853
8140,15925,15866.4894901801,5025.8874033405
8146,52696,52295.5019862492,16410.9374879143
8147,29552,29510.723803579,11732.7609579794
8155,25994,26158.4154801569,9788.57547132957
8156,15307,15070.1490999934,4618.07893430396
8161,20514,20391.9971195833,6505.87241555304
8166,44711,44360.8958636952,14212.3011963403
8171,21222,21116.6984119491,7775.09590389754
8192,31425,31515.3783069081,13339.394960095
8193,12793,12933.7320965155,5017.44373177521
8200,46937,46599.1503127976,20411.0750790345
8203,31753,31665.6448542257,12168.894803068
8204,35927,36100.1424172364,11771.0434126907
8210,52541,53129.583289025,17587.2297653508
8213,35272,35164.0212295239,11487.9374342204
8217,45740,45826.2408544439,15613.5034846677
8220,37944,37920.4494270856,12459.3504537182
8226,34003,34039.408308745,9867.88205876517
8228,21571,21848.7905629838,9065.32068671837
8233,32750,32584.0589597096,10658.9584276416
8237,34646,34882.2851801437,12821.1758136844
8238,29637,29770.7328985418,9931.5531825561
8240,40528,40389.7047102198,12518.5791658913
8242,26802,27020.9793694225,10529.3841361362
8243,29614,29477.6226357365,12332.0053588312
8246,24719,24618.0648680122,9850.34688185399
8252,35277,35600.5869911616,15214.4532565408
8256,50863,50880.3179237682,14340.5091892271
8258,31755,31983.391093861,9609.34711560562
8266,41964,42324.8497843334,12942.7378157755
8269,32266,32634.2709786239,10427.8124389894
8276,9828,9752.46641287557,3679.3634955174
8281,29177,29356.5838773701,11503.4715777729
8291,34297,34040.3592843398,11655.64408001
8295,33274,32973.0104338594,16545.8759714206
8299,20623,20445.2297829585,8824.02773557783
8302,40364,40547.6789742673,12466.1330346421
8305,12901,12843.2985538898,4519.74655990424
8313,36094,35886.7290874398,14510.5017747424
8315,30027,30085.4159898602,13716.3153746581
8320,38934,39114.6382288785,12631.0683597538
8329,50131,50054.913096519,14671.5755866447
8334,39955,39739.6877309495,13710.546213993
8336,19447,19438.1753464029,6500.3399171004
8343,36549,36623.2471979643,10417.3606090754
8347,27678,27672.0783458207,8139.99891563245
8354,12957,12870.8552333575,5922.51433519062
8370,26095,26210.1159045605,10375.8309015328
8371,34091,33970.8007017431,14242.8012485674
8379,33314,33126.5190064564,13472.1284012079
8395,45071,45179.557228899,16297.1514698647
8398,26029,25871.573719831,9897.00963348289
8429,30846,30540.7690166813,9227.46919703014
8430,11417,11385.8049046141,4206.39285527005
8431,15855,15932.2452755356,5706.93355497321
8434,37682,37900.760699474,15489.1760486014
8435,57859,58152.1207289687,17686.6802223809
8439,56167,56305.4229487551,17436.6469335567
8447,39595,39639.0620020696,15605.8821093574
8457,28380,28412.7936109579,9388.71622815507
8461,45360,45341.8889398561,11705.0239126958
8469,16824,16979.5763669068,7148.89579705029
8472,30151,30155.7179977268,10560.2027785981
8478,29424,29820.3795289679,10638.7900421893
8480,38108,38307.7818759162,12076.0401527074
8490,23980,23935.2686856608,10330.5641476975
8497,47377,47387.8207779453,14346.9682384816
8499,41886,41665.0964478749,14156.7676169176
8510,38754,38851.9091619767,14707.6373922441
8528,35509,35561.175365993,11147.6468284458
8536,39372,39420.0260291435,14329.1243101863
8537,60075,60379.8873234564,19773.094246908
8538,67153,67034.4026424363,11318.4039585852
8543,52312,52729.0476180251,18217.8694602299
8546,21528,21436.0458764182,6718.34211743893
8549,39412,39400.0873880066,12569.7965406473
8550,27518,27621.6991182903,12052.8936534448
8552,27770,27588.6157699398,10983.0666506887
8555,29273,29167.1406686595,9991.67139979646
8565,22321,22299.1218451684,10730.4861945196
8570,38766,38661.5776439261,14863.3113384758
8578,21774,21924.2506917796,6155.35003816113
8586,18906,18730.6880171592,7529.28850644442
8588,37723,37698.5858124271,12537.6412586821
8590,18790,18784.106631955,6003.38117927652
8599,33406,33640.0509555335,12807.4521328853
8604,39871,40411.7000660614,13186.4691241407
8626,13001,13039.52711008,4804.10218536316
8641,36217,36446.0536211175,13340.3923435252
8646,67409,67245.311595009,17492.9120542848
8647,43773,43867.9269249876,13989.3573002846
8666,16239,16372.5266905251,6149.87381229342
8672,31667,31365.6902183335,9360.27529979205
8673,45718,45711.9668984088,14525.6983356798
8677,35974,36166.269002806,14753.1785291568
8683,35955,36296.8443703217,15711.0443746594
8687,27843,28006.8997479516,8908.93240745492
8691,29865,29918.0223057351,10019.6232966664
8692,31888,31705.8347596422,11425.2157353095
8694,21911,21902.6656125568,6134.60029849073
8705,36800,37243.6156576084,13494.2162759833
8709,25740,26021.5721016985,9257.85411610774
8710,68279,68241.4633594273,20732.6194435132
8720,32718,32328.4301536141,11279.7149735437
8722,28610,28432.4096481822,9852.70912865706
8731,23465,23598.5968277375,9781.40708021283
8732,23483,23764.2577530178,9074.79842289384
8736,40920,41111.1637716957,16328.987959625
8738,28695,28562.5441778971,9273.33175655664
8742,50670,50493.8101469467,15237.4968635803
8746,33984,33950.3768841719,13876.5727714909
8751,35607,35555.0527195225,11627.6738715614
8753,29723,29437.6638586272,12426.5901061136
8754,55388,55367.269611711,19578.2940957386
8756,36171,36296.32455927,15240.868181731
8768,51326,51365.7015021474,19953.1884731202
8769,44006,44095.013905517,12855.7813867105
8772,19668,19552.0138414812,7405.90644962546
8775,31553,31503.4603003796,12680.4003884889
8781,12766,12883.6517926481,4694.04736598854
8782,33213,33149.0203140183,12867.8452932035
8784,16610,16420.9712933204,7486.31332043113
8787,70734,70948.0045306993,19681.8161795314
8789,39087,39101.4164545085,14636.9652200251
8797,59504,59328.7663963743,21676.1244967641
8799,34060,34374.0438167271,9831.32367851842
8806,17662,17340.3969627765,7202.18978154052
8808,31018,31134.6527138805,11089.7869497213
8809,29093,29150.2519791684,9431.63227078524
8813,69753,70057.3195274878,18774.2891703067
8828,20208,19831.7709704473,6416.13570466185
8838,23534,23744.25573993,10727.3584567637
8843,13847,13868.6604278043,5336.58867869211
8859,31194,31145.534475022,10896.1794054792
8860,32343,32388.4851632511,11347.8542482559
8861,27745,27862.5237439298,12208.3262082377
8874,37903,38298.3053625976,10868.3211691926
8876,27886,28124.6936055083,10005.0229957133
8878,36397,36164.3122834124,12031.8477852838
8884,26490,26526.8140956958,7188.62469841394
8895,43405,43542.2965550958,12698.0818977075
8901,30885,31064.4089018404,7682.44500600093
8904,55502,55007.9853245691,17288.9706021364
8905,52471,52641.0170575891,21868.5661585743
8906,17375,17222.1631557561,6492.37175854208
8912,17562,17875.5388854388,7436.70676886505
8914,31481,31546.6509295466,10445.9849346838
8915,32380,32186.4500356328,10066.7867096086
8916,33194,33338.847928036,11977.7879848415
8920,21664,21412.34383203,9649.08552644298
8924,39757,39520.2032969301,11589.329545672
8925,55540,55401.372559146,14307.9747441778
8926,52817,52881.9898225494,17181.0961946722
8930,50723,50448.857062363,17228.6319778578
8935,18829,18944.3432617964,8508.98991035359
8937,32733,32966.2284383475,11685.6289682628
8944,45434,45388.167074271,16516.1161744901
8950,19772,19733.6508074074,6734.98413086598
8954,34647,34899.5997085191,10669.5740893875
8957,34282,34550.8698917025,11153.9915162276
8967,36457,36475.5873316786,12160.9736770384
8969,25224,25208.8651850803,10955.4449067613
8974,27882,28007.9236867238,11201.8969040557
8985,22453,22307.525114542,9944.08150927977
8987,22703,22461.8918822215,9185.28897215013
8988,32573,32338.6498309929,12460.5988839918
9002,23702,23825.5916461938,9368.03623736929
9003,49561,49711.061944074,17025.7121402854
9010,20681,20682.024901998,6906.55627691302
9014,47921,47735.4908871485,16176.8301573652
9016,36788,36913.2787657155,10954.8744567324
9018,36545,36649.2604586362,13435.0682423966
9031,24195,24036.4581311874,12691.2743552026
9033,40677,40503.6990558199,14553.1100527978
9038,28238,28349.534192022,10341.5903563857
9042,15658,15564.8644495449,5259.00483393845
9045,57131,57300.7953310033,19738.5826588124
9052,38875,38975.6988993976,14359.667995202
9053,24101,24060.3353963198,9371.79982169039
9058,40737,40827.4307068803,13445.82724719
9060,37209,37228.8003537598,12119.3404297378
9061,15427,15543.048795596,5234.27459381743
9066,33055,32680.3822437971,14583.3006591822
9077,39799,39679.8372287522,17512.3581534686
9080,31874,31554.2156707435,10136.4723171943
9083,43751,43804.5158580335,13022.4438873853
9093,47261,47318.5008377557,21024.8987279629
9095,28962,28722.2593861962,9972.26444235413
9097,35748,35617.1118150588,10066.6619513973
9128,21179,21306.119782448,8659.91133681971
9145,29922,30057.7904154016,10734.1219647531
9147,52177,52670.5472916359,17528.3288888158
9167,25923,26026.6612155147,10428.9143177018
9170,36274,36262.113880084,13078.4003029065
9173,25415,25143.3306040113,8966.96978566801
9185,24841,25212.0654267217,8431.47391316015
9194,26493,26202.867708651,11915.5419025434
9199,28230,28140.9902676118,11468.9043120433
9202,43593,43309.8235689953,15599.6439525963
9205,19486,19564.3895712541,5525.09755653294
9207,21031,20900.9648094336,7986.55543769285
9210,41603,41304.82248255,16588.7804631733
9220,46280,46573.8068782266,15418.1190069393
9221,18790,18521.23016576,7472.11780201694
9223,24096,24129.5576291137,9611.72444682715
9228,27034,26995.9156780351,8253.92149619047
9230,13120,13040.897058298,4415.26579934951
9232,35732,35584.7110335551,11731.8223122187
9233,36139,36315.7880472939,10877.3435482108
9239,35452,35698.9313300719,10369.4476151331
9241,49811,50055.042814271,18744.0350893351
9242,29321,29281.9493102555,9345.57595530581
9245,36726,36703.1749624078,12114.7518946947
9257,35000,35161.3837101256,10948.3232889922
9262,50229,50771.4863683234,15485.7200409665
9265,30150,30260.0527385201,10531.1292434205
9289,34642,34462.1522681144,13925.460355637
9291,51253,50935.4132095546,20481.3325852272
9294,45772,45847.8048179338,15823.8283085685
9298,41173,41372.0299861576,14275.1882112961
9300,36186,35920.7220169601,15087.3139063571
9308,17743,17791.6617752457,7122.7955260824
9315,65393,64948.345177839,19143.7501963808
9325,29227,29191.7781832175,9137.52341536713
9326,36732,36539.5872583339,11865.19465697
9328,40190,40404.260143649,13994.9034157711
9330,11980,12049.9067128229,5849.32236694499
9332,46275,46039.9728398906,13374.5626113656
9338,28528,28411.5922116732,9605.86960206101
9341,54848,54631.7962277745,17758.3839166176
9342,36300,36068.2146678708,12910.2260230375
9344,9362,9465.30702565402,3742.13472756739
9345,49770,49634.4022797334,15472.4672687985
9346,48836,48530.4315372797,14235.8417722036
9352,20763,20825.5170150432,7686.57767577674
9354,54168,54519.3835937728,16511.9438135909
9355,40537,40666.3639144901,9092.5190855132
9357,24046,24016.5423046751,8177.50504290952
9358,29763,29463.3988945463,10145.148127943
9360,41184,41125.5869577331,12811.4818800304
9363,16662,16755.8729323522,7869.3962430758
9366,27974,28097.0976179421,9126.23071710946
9376,25371,25141.7096975003,9760.86895782292
9380,51750,51845.6332017011,17549.6129665287
9385,13431,13526.2595334697,6296.50808668552
9394,37085,37065.3892526785,14401.9991513059
9398,17218,17098.3544655338,5186.2257646612
9404,29496,29441.7780933083,9129.86205415219
9411,31013,31126.3624323929,12563.6048911103
9414,26314,26374.4846325258,8960.63347029426
9418,15044,15178.160867617,5131.0946884741
9421,37700,37695.9109339584,14329.8256883788
9422,34224,34246.0318750081,12610.0185843335
9426,17051,16951.4492328626,4219.39912093634
9433,28261,28131.5016182052,12023.1552338141
9437,52942,52813.6194965957,16272.1799201239
9445,31187,31220.7409086101,13698.0542991745
9446,36596,36366.0803202821,15074.9726696294
9454,40913,41089.539932451,13874.9381759945
9464,17122,16965.7851386165,6840.53034898919
9465,30009,29907.9300592533,8832.84926625958
9466,29044,29268.3877584369,7507.15516122128
9477,47132,47028.1504683911,19157.8353080189
9497,32783,32702.1764254241,10865.0171490526
9503,23387,23504.6541506187,9639.68283265689
9506,54607,54306.8460938775,14409.1162866518
9510,46014,45923.8378528235,14691.4581881108
9515,27786,27960.0046384463,11419.8241914013
9516,29388,29215.736694399,10837.8791196485
9522,36604,36822.5621624931,11668.0249341956
9528,37163,37183.7254278264,12094.1427083509
9530,55549,55593.7927843387,18723.1298450527
9533,20101,20405.0463909576,8570.75130193896
9537,33095,32993.686814611,12356.3534336021
9542,21804,21687.9592929873,6851.82002803893
9543,35002,35016.3471091904,12820.9093155642
9555,46230,46282.9668212442,14779.276245926
9564,27553,27418.4779628182,10283.8218471569
9570,18997,18956.8235853756,7088.899641559
9573,39771,39966.7691042431,14105.4887843975
9583,30215,30110.3681587006,9134.62621849815
9593,39673,39802.0743445318,12367.187068237
9600,56680,56743.987145068,16102.7497121733
9604,21602,21315.664130171,9438.01543814682
9605,19877,20026.5769878818,6833.83479936478
9614,19631,19395.0188537376,5047.16383870959
9616,14555,14540.0943226141,7077.10725244707
9619,45078,44635.8209226453,14145.9203947015
9631,44922,44705.5956699155,18873.1250617972
9635,22383,22104.6834435003,6937.36549931457
9637,37290,37705.9208344332,13751.001395719
9638,35081,34652.5750762567,10349.4791275008
9642,38010,38033.1142769178,14671.7626475205
9644,16947,16660.0133022692,5945.72483078296
9652,22839,22830.8645161471,8445.85837277446
9657,30120,30376.8863123154,10271.7540562857
9664,70714,70627.362548319,20129.3915250219
9665,25702,25721.1458103436,8202.26226330287
9668,23106,23323.6350271927,8571.23772872363
9673,35471,35598.6733753683,13221.3376248719
9679,44481,44724.6045616047,14853.9516507133
9682,33592,33766.4411909254,10806.9641879783
9683,11718,11779.3594852593,4981.92397138668
9689,16914,16957.8244785091,6521.92041720392
9690,30138,29966.2843131298,10334.9944511282
9693,37372,37473.677970406,15036.2508836984
9702,52552,52042.9242035652,20301.7916497761
9706,35094,34761.7976517251,11677.9644979517
9717,31927,32017.1336722556,11112.2087194122
9718,41417,41540.2289470397,14934.8966825072
9721,20859,20775.8769900676,5447.49435855645
9728,20849,20715.1332635079,8165.07310283981
9732,38289,38054.3977917246,11293.6872483161
9733,29540,29547.6742820941,11385.4643938867
9735,57547,57517.1737441533,14421.4775872122
9736,44444,44410.4912657027,16189.0806228037
9738,41223,41376.7545247757,12012.3469548057
9743,33034,33379.4068149627,13003.8552671219
9751,29994,29982.9136177309,12436.8361646735
9752,32909,32958.4094558627,11840.2338184456
9759,21835,21658.0614607606,6854.46859462921
9773,31015,31015.4124138593,9791.17020429403
9781,69161,69031.4741137984,19460.3531226881
9787,50511,50259.4401508453,16439.1119536989
9794,18664,18640.3334583991,5358.57467964562
9795,63148,63101.0294868642,22043.672941768
9798,41011,40790.0984889803,11923.9866339588
9802,35880,35640.3375622874,13085.3046592461
9805,34487,34549.4494504622,10965.8277761163
9807,25634,25562.0004940182,12416.7689386913
9819,37542,37829.5773896278,12193.7356048044
9822,27310,27137.7409089194,9857.42462281143
9833,33207,32888.1161162982,10134.5967547729
9837,24294,24123.0650584721,8876.63103725792
9842,33441,33610.5037987432,10979.8665630007
9846,46230,46397.0507576748,17236.109122467
9847,23883,23685.1649062536,8847.10988356193
9849,21783,21790.6304026025,7814.53714765354
9854,40233,40715.1265384974,13044.9459015466
9858,20229,20222.2426640063,7693.92717294657
9861,13139,13076.3877298711,4993.27575466991
9867,38446,38775.4588577589,13086.0968423896
9873,31582,32008.8317007773,10557.8178542494
9881,39881,39994.5952827565,17579.4028967949
9882,37033,37110.7920942371,13020.773523634
9886,34312,34442.4023092567,11831.272047738
9889,53089,52923.2034342635,17944.0529339816
9894,23807,23860.805989207,9189.69289745033
9902,36661,36665.3314897649,14466.4825346296
9907,69363,69182.8945428037,19586.8040245343
9909,34575,34714.4468733021,11128.4459195806
9910,24162,24131.2347567297,8939.26276623285
9911,24203,24111.498175743,8132.54801321668
9913,24585,24529.7273185356,8738.85008810455
9915,24964,25030.2461595083,8539.96285565395
9917,44078,44047.7839675776,15331.2433856269
9924,17637,17465.6126601123,6348.34276895769
9925,42151,42004.1745853346,12284.6646848683
9926,34357,34461.9690443288,10664.0959159161
9931,47157,47127.6367716571,14988.7016057278
9936,39940,39749.6414474826,16216.5959070281
9946,22591,22508.0493042419,7539.919247422
9950,22862,22840.4250775149,7302.82190343721
9955,13303,13173.141281392,6594.70261743952
9956,29268,29091.3108356687,10283.9768807444
9962,37419,37376.8317413415,13664.0534528464
9968,8869,8861.97098170483,3736.78112948248
9973,21370,21354.4926606801,9230.90493433108
9974,34235,34260.8206434922,8068.50796739397
9979,36111,36377.8840137638,12486.8870492906
9986,29724,30033.9301915434,10026.8252975638
9992,60466,60371.7296456818,21807.1738699984
9994,21728,21776.295445862,6718.95656947853
9995,39962,40450.5381931481,14868.0615260796
9998,32896,32620.0383245379,10078.8610292791
9999,36785,37113.4660889906,12039.4896573324
