"period","date_start","date_end","n_days","omega_E_median","omega_E_lo95","omega_E_hi95","omega_C_median","omega_C_lo95","omega_C_hi95"
1,"2024-12-01","2024-12-01",1,0.428003763237937,-0.0659240004040748,0.936981062332718,0.475712778167394,0.0851010614225225,0.887947656881964
2,"2024-12-02","2024-12-02",1,0.162970301101044,-0.941836050593214,1.25147675279139,0.455149636667032,-0.0730526222271841,0.97542540032989
3,"2024-12-03","2024-12-03",1,-0.00549403847438013,-0.55958382219509,0.550881082296863,0.509833470785467,0.0575676736433157,0.986867675270777
4,"2024-12-04","2024-12-04",1,0.0275204137429395,-0.509586568342985,0.569343340994346,0.530623628993169,0.09849101180792,0.978640058557726
5,"2024-12-05","2024-12-05",1,-0.299004490890417,-0.861295438206521,0.297294605721134,0.447379080464414,-0.0365465179828777,0.920172889612246
6,"2024-12-06","2024-12-06",1,-0.447046362237642,-1.00782892280843,0.110716588269204,0.569837522788948,0.119460636969814,1.057049920139
7,"2024-12-07","2024-12-07",1,-0.36974784230362,-0.90358698972163,0.181598448974858,0.4700833163619,-0.0996752310121013,1.02278696433859
8,"2024-12-08","2024-12-08",1,-0.205226998808569,-1.3848569862114,0.962769670519854,0.394476744208364,-0.246178859234626,1.02256364308057
9,"2024-12-09","2024-12-09",1,-0.149718238767732,-1.34703215945111,1.0301513070288,0.34752167631915,-0.321682457314239,0.972712986916362
10,"2024-12-10","2024-12-10",1,-0.186878462233038,-0.760873438089818,0.40051400552731,0.30597848640184,-0.268638354149991,0.842619497253711
11,"2024-12-11","2024-12-11",1,-0.241769053335257,-0.806578558963211,0.341453948497964,0.440957172983363,-0.0507493842843682,0.9528459253495
12,"2024-12-12","2024-12-12",1,0.189338545622506,-0.332742141748462,0.718126991819932,0.571506287668398,0.119405878362744,1.02164309404134
13,"2024-12-13","2024-12-13",1,-0.558746980836311,-1.1281962549075,0.0318102479927837,0.669465005168845,0.222312900575319,1.14770275970691
14,"2024-12-14","2024-12-14",1,-0.252755127559263,-0.778746195551524,0.300832698439553,0.684616882068922,0.214256595862896,1.20673972883197
15,"2024-12-15","2024-12-15",1,-0.295307064190628,-0.839473338736523,0.267857108715005,0.482356725359023,-0.145351424797991,1.03867173710768
16,"2024-12-16","2024-12-16",1,-0.118885630075502,-1.26388500428077,1.04120662574408,0.498094293308657,-0.1869018938707,1.12590453137294
17,"2024-12-17","2024-12-17",1,-0.0208502648629074,-1.19393540289753,1.17192512650343,0.532034674757876,-0.107402408649474,1.16154131000063
18,"2024-12-18","2024-12-18",1,0.0819184650388823,-0.46174742123679,0.635108968071106,0.588533708536336,0.0729405390863431,1.14527120420242
19,"2024-12-19","2024-12-19",1,-0.230054462338365,-1.29849831736854,0.878656151297115,0.51314955386868,-0.0707995158852228,1.12816397074636
20,"2024-12-20","2024-12-20",1,-0.652053522957669,-1.23337268659369,-0.0688504592052582,0.474181091220784,-0.0374439286996676,0.997773653781953
21,"2024-12-21","2024-12-21",1,-0.769445640700235,-1.35034391039194,-0.180794924225324,0.33728716149538,-0.203577344032348,0.868516743222915
22,"2024-12-22","2024-12-22",1,-0.729099443628987,-1.31197789162351,-0.155307704632684,0.185798764325796,-0.403527124773705,0.732437477492065
23,"2024-12-23","2024-12-23",1,-0.0418306329381719,-0.593692704963786,0.516614622813157,0.159538647583332,-0.374168645325826,0.674748364903461
24,"2024-12-24","2024-12-24",1,0.0815065811271121,-0.462861625261217,0.645571839153723,0.179357783122796,-0.356675943296316,0.707454442414938
25,"2024-12-25","2024-12-25",1,0.0721649333662185,-1.0030466844028,1.20158155631208,0.221666336906188,-0.376699996391776,0.794020403702285
26,"2024-12-26","2024-12-26",1,0.143929624935343,-0.390459870818641,0.698830621184311,0.268909011281637,-0.245199504769754,0.769777496084226
27,"2024-12-27","2024-12-27",1,0.089814469694755,-0.42212092831462,0.627872780059792,0.335058490929304,-0.0862803524850808,0.774588015879812
28,"2024-12-28","2024-12-28",1,0.198811476530956,-0.30267486907928,0.724586083787913,0.264415497345252,-0.245952196611145,0.760721318936918
29,"2024-12-29","2024-12-29",1,0.128170137764871,-1.01922384179752,1.23761021828106,0.334872841419025,-0.269404367364378,0.915980254859904
30,"2024-12-30","2024-12-30",1,0.107818817895077,-1.04236854837097,1.29959779011536,0.428760662232471,-0.159891922308107,1.00575830904742
31,"2024-12-31","2024-12-31",1,0.164074386936682,-0.528476644133059,0.896472712372112,0.540465789594614,0.0645367519737145,1.03322100650378
32,"2025-01-01","2025-01-01",1,-0.251766154502522,-0.951506130741862,0.464669859448241,0.402852944053218,-0.0915671944904413,0.919637619960257
33,"2025-01-02","2025-01-02",1,-0.0168739034322217,-0.548275427128009,0.537366169826073,0.148478967647798,-0.35505914700254,0.646364022163522
34,"2025-01-03","2025-01-03",1,0.122369903156828,-0.386435035906105,0.648753028253567,0.127216207818534,-0.345358352838064,0.622417190270224
35,"2025-01-04","2025-01-04",1,-0.137699573855234,-0.655514130426417,0.416863933884656,-0.0680732711868556,-0.635135514634839,0.469462170084751
36,"2025-01-05","2025-01-05",1,-0.115550504009165,-1.27029386757539,1.02018348034744,-0.153114965300551,-0.806674335426391,0.482165806372777
37,"2025-01-06","2025-01-06",1,-0.161236996302491,-1.33997563798775,0.984444851006625,-0.246272563453152,-0.940478364402714,0.430364265844455
38,"2025-01-07","2025-01-07",1,-0.304626808698186,-0.88359294902184,0.311615183194532,-0.347940899367275,-1.02033076760377,0.269242849026337
39,"2025-01-08","2025-01-08",1,0.0142702559197298,-0.528235999720522,0.561474652384042,-0.31108042790814,-0.883486488789764,0.254746154163743
40,"2025-01-09","2025-01-09",1,0.157993141132848,-0.383045935859708,0.705859643125645,-0.27602030366751,-0.789374433658597,0.279752047684771
41,"2025-01-10","2025-01-10",1,-0.125224280826768,-0.681440696038118,0.460438820874042,-0.334611215039629,-0.806946251500368,0.152485420320727
42,"2025-01-11","2025-01-11",1,0.996967755717018,0.527828319622394,1.50421956261307,-0.541668587429017,-0.945633413148071,-0.158304421741078
43,"2025-01-12","2025-01-12",1,0.547973952568872,-0.656090621056017,1.73982510420916,-0.443842695822841,-1.0032814130006,0.128195042685564
44,"2025-01-13","2025-01-13",1,0.412071025402766,-0.762056504889981,1.57139912583683,-0.378334333458117,-0.941899633756768,0.228576935256315
45,"2025-01-14","2025-01-14",1,0.499028283811033,-0.0147840210056091,1.03672834922399,-0.318266099060061,-0.804912452732464,0.176752141613332
46,"2025-01-15","2025-01-15",1,0.0388327618326399,-1.01692153967333,1.15527005456719,-0.279331168146302,-0.847874439839868,0.307136482973846
47,"2025-01-16","2025-01-16",1,-0.383381271357903,-0.980238359234048,0.240326851297908,-0.25287778215555,-0.791013877437589,0.313949670361539
48,"2025-01-17","2025-01-17",1,-0.00501096541647671,-0.522333351019981,0.545496040987815,-0.229665759822347,-0.728600589435748,0.276963942805934
49,"2025-01-18","2025-01-18",1,0.232251621833645,-0.261907710112257,0.760285864576111,-0.127525203776118,-0.613202948289187,0.35364002278452
50,"2025-01-19","2025-01-19",1,0.00507630998962599,-1.144956600067,1.21281713591568,-0.215363175562302,-0.813702280564518,0.430512668867657
51,"2025-01-20","2025-01-20",1,-0.207206091565576,-1.37000246914499,1.00812739639412,-0.300780229390072,-0.958524582403522,0.357048883047091
52,"2025-01-21","2025-01-21",1,-0.52714120287396,-1.15370067392079,0.0976528431918427,-0.401328032866807,-1.05429948201192,0.247703118112778
53,"2025-01-22","2025-01-22",1,-0.912541890972587,-1.55758271252883,-0.281164203489172,-0.513695749102656,-1.11957074633184,0.0662114628885831
54,"2025-01-23","2025-01-23",1,-0.633551175263122,-1.23555400612081,-0.0353090453234271,-0.595045032928724,-1.24358162024043,-0.00860853661709063
55,"2025-01-24","2025-01-24",1,-1.11435404185392,-1.76656960542339,-0.45529522968501,-0.528058171648801,-1.16068713422241,0.0583914051864295
56,"2025-01-25","2025-01-25",1,0.229773653191836,-0.271839304819068,0.741426392893969,-0.483951086285205,-1.02842430508696,0.0296447399473929
57,"2025-01-26","2025-01-26",1,0.118369284913372,-1.05353370064464,1.31068316969221,-0.442841346986437,-1.0842042440597,0.204747610375632
58,"2025-01-27","2025-01-27",1,0.0643837883759724,-1.1819788398405,1.33217073843919,-0.41752386036347,-1.09277274058662,0.28947047177361
59,"2025-01-28","2025-01-28",1,0.0762689193321882,-1.12844354881771,1.2620619936851,-0.415996230242746,-1.06387270035878,0.267044777135127
60,"2025-01-29","2025-01-29",1,0.0934927746060946,-0.456980604210719,0.644265732371304,-0.417700178114944,-0.973444061221168,0.132206796424665
61,"2025-01-30","2025-01-30",1,-0.190905269716246,-0.748198989559448,0.372075772485463,-0.329472112101924,-0.858301813606336,0.212913687922801
62,"2025-01-31","2025-01-31",1,-0.855544238768499,-1.47583410830996,-0.23973142027326,-0.308012897616659,-0.898029481752775,0.296858377164976
63,"2025-02-01","2025-02-01",1,-0.0657557168389324,-0.585362793294082,0.464329312481495,-0.346764552747825,-0.995191343327468,0.302785463769945
64,"2025-02-02","2025-02-02",1,-0.188302499068741,-1.36820730319498,0.996734843362655,-0.343213994886023,-1.06561765693281,0.377856380443701
65,"2025-02-03","2025-02-03",1,-0.391991385674843,-1.69864450690136,0.898250569331631,-0.352866418628874,-1.09989084052897,0.420774454861284
66,"2025-02-04","2025-02-04",1,-0.812045458079497,-2.08552559037335,0.442775476743639,-0.371367776514336,-1.13276083629213,0.388944760637837
67,"2025-02-05","2025-02-05",1,-1.66394168561744,-2.53151570743724,-0.878042713999107,-0.412652950569257,-1.13518985489269,0.312247095684765
68,"2025-02-06","2025-02-06",1,-1.53419295822638,-2.29438257617078,-0.778945215196596,-0.42183381102189,-1.10497521168597,0.250051372024737
69,"2025-02-07","2025-02-07",1,-1.09139580263192,-1.74398644291299,-0.465446689105639,-0.37473575905311,-0.980956102253875,0.2412648629646
70,"2025-02-08","2025-02-08",1,-0.244523125911676,-0.938569383301796,0.477193984068423,-0.479335609532493,-1.04560050940064,0.0687972563429227
71,"2025-02-09","2025-02-09",1,-0.171321425942919,-1.35244569182643,1.02272086328007,-0.498154257416222,-1.15165349167917,0.161288928853031
72,"2025-02-10","2025-02-10",1,-0.209532646700872,-1.38371421004387,0.998240166591245,-0.541934582103174,-1.20972515700939,0.134594753263326
73,"2025-02-11","2025-02-11",1,-0.35112335681142,-0.960782280317957,0.237888800778683,-0.604889363596649,-1.23080442376305,-0.00531697632845034
74,"2025-02-12","2025-02-12",1,-0.733585897744965,-1.39415400723459,-0.0959296196150987,-0.588942082596693,-1.25842775493264,0.0386630124760168
75,"2025-02-13","2025-02-13",1,-0.484309922309722,-1.58277664148021,0.62856288997044,-0.567793394238766,-1.26078055918799,0.124038915965615
76,"2025-02-14","2025-02-14",1,-0.546009672506749,-1.1086434355611,0.0442995696156586,-0.569972389237757,-1.22711407758121,0.0858975663956071
77,"2025-02-15","2025-02-15",1,0.232524588372172,-0.272900492597953,0.740255850792616,-0.478801709816649,-1.12923971846481,0.166861709890507
78,"2025-02-16","2025-02-16",1,0.0602804641067655,-1.17359421170885,1.23597497132588,-0.442485932832101,-1.15571764693707,0.276175118406043
79,"2025-02-17","2025-02-17",1,-0.0947478402986853,-1.37115648865034,1.142554806879,-0.429020263236659,-1.16976163189393,0.339250146750331
80,"2025-02-18","2025-02-18",1,-0.278952485843564,-1.47118602110323,0.919695059919653,-0.433508409532085,-1.17464327993711,0.33039407570925
81,"2025-02-19","2025-02-19",1,-0.617452931762696,-1.25434320958963,0.0152390688009305,-0.452873260399403,-1.1508331540379,0.238724173555583
82,"2025-02-20","2025-02-20",1,-0.0746460271432552,-0.627003247805576,0.464238118841025,-0.417650624863233,-1.03510791604374,0.204518812517525
83,"2025-02-21","2025-02-21",1,-0.740004419183051,-1.33428085060365,-0.148042971632925,-0.3893729050561,-1.01780971379626,0.233682254276232
84,"2025-02-22","2025-02-22",1,-0.49018843881666,-1.0436348477406,0.0793589294679416,-0.405700448701964,-1.04564515315299,0.214214030185977
85,"2025-02-23","2025-02-23",1,-0.344251875545939,-1.50691393845033,0.826809225942801,-0.352574630558422,-1.0398662341552,0.345280495399201
86,"2025-02-24","2025-02-24",1,-0.404169090126522,-1.55781819497532,0.78468456934947,-0.310581941205687,-0.985925441987555,0.362713935658194
87,"2025-02-25","2025-02-25",1,-0.669285088384456,-1.34621035568199,-0.0302002309639627,-0.280454965149618,-0.907979320360873,0.320227121509701
88,"2025-02-26","2025-02-26",1,0.0447126171945649,-0.495054086240549,0.588993137953982,-0.197906577568147,-0.687633339741463,0.30206510452649
89,"2025-02-27","2025-02-27",1,0.0531887991301411,-0.47235388326164,0.609599627864307,-0.11380435725779,-0.580742919152844,0.402091953947412
90,"2025-02-28","2025-02-28",1,-0.513298630445708,-1.11452631059058,0.106351903337822,-0.232870415290942,-0.616598004388647,0.159559902574439
91,"2025-03-01","2025-03-01",1,0.637914941082028,0.162722974454484,1.12162965547756,-0.44330262655677,-0.928129585766221,0.0186461752970613
92,"2025-03-02","2025-03-02",1,-0.00606487562993471,-1.1773525881296,1.15804967668264,-0.431499884506524,-1.05535853695117,0.174503524546063
93,"2025-03-03","2025-03-03",1,-0.647805558768794,-1.82179164603653,0.542648764241768,-0.441302303808189,-1.12911088233129,0.201867273604364
94,"2025-03-04","2025-03-04",1,-1.66005296796104,-2.2354985393612,-1.12881539805644,-0.4732868020678,-1.17072366931588,0.184668743407427
95,"2025-03-05","2025-03-05",1,-1.87551758161408,-2.51352052071257,-1.31416532136044,-0.487748735791144,-1.18422155036157,0.15639440653124
96,"2025-03-06","2025-03-06",1,-0.270634200480279,-0.66235914237097,0.118157674356999,-0.502372898573153,-1.14515512919484,0.102155987918857
97,"2025-03-07","2025-03-07",1,-1.28227260751279,-1.7472351447839,-0.840675526652448,-0.378586329908618,-0.945730182454297,0.212399922093855
98,"2025-03-08","2025-03-08",1,0.195920688728445,-0.158329296031256,0.552727137777738,-0.345561808465462,-0.85544850102,0.176332107930728
99,"2025-03-09","2025-03-09",1,-0.0334602632754139,-1.18310354870673,1.13663274841468,-0.286832725627057,-0.893005073807341,0.340986792531399
100,"2025-03-10","2025-03-10",1,-0.264412734838152,-1.4083390146553,0.885592917182288,-0.238764712923448,-0.846860913210804,0.413153144359934
101,"2025-03-11","2025-03-11",1,-0.625644241429547,-1.0566137691862,-0.202256091906969,-0.201385762716373,-0.750728124531723,0.369180394291467
102,"2025-03-12","2025-03-12",1,-0.481319776128755,-0.894699137564805,-0.0772213822510902,-0.308650078046014,-0.898327300205212,0.312098127210504
103,"2025-03-13","2025-03-13",1,-0.502307956797122,-1.55031799811442,0.612413226761236,-0.337740476244752,-0.973325090748654,0.323413984213368
104,"2025-03-14","2025-03-14",1,-0.763910768706113,-1.16282081220987,-0.352285491114931,-0.380999354351248,-0.968690121965839,0.211136689748102
105,"2025-03-15","2025-03-15",1,-0.988441651296827,-1.39219496644844,-0.571632397170739,-0.431069382335766,-0.95928929655246,0.0710611523654609
106,"2025-03-16","2025-03-16",1,-0.554156570828444,-1.72838438398914,0.621449930023886,-0.401560524575406,-1.03016798744048,0.238819179236558
107,"2025-03-17","2025-03-17",1,-0.449225170188194,-1.60463871810503,0.692358639883673,-0.380169838923861,-1.04068737709661,0.261523250326705
108,"2025-03-18","2025-03-18",1,-0.61286770513136,-1.02578317426766,-0.194823547848955,-0.388493801098313,-0.973721144832615,0.183576531775041
109,"2025-03-19","2025-03-19",1,-0.689840302093324,-1.12736041866629,-0.278120337911616,-0.371968345577047,-1.00347479647294,0.231122849832378
110,"2025-03-20","2025-03-20",1,-1.83388141611537,-2.42156151111664,-1.29368454817298,-0.23407148510948,-0.833966745662535,0.389884296641694
111,"2025-03-21","2025-03-21",1,-1.3844219523088,-1.82286815832553,-0.946165774327738,-0.104415208854236,-0.676143188095876,0.498613964767196
112,"2025-03-22","2025-03-22",1,0.210421780928924,-0.150360870941035,0.566881356515926,-0.101858765886182,-0.670792034319481,0.480006379518064
113,"2025-03-23","2025-03-23",1,0.0660290543461031,-1.08351073353407,1.22922470221642,-0.0623067943990392,-0.677484674759379,0.579174889844408
114,"2025-03-24","2025-03-24",1,-0.0259962313499897,-1.17158507850739,1.11480780187716,-0.00902784697560106,-0.642394311347291,0.636180319726482
115,"2025-03-25","2025-03-25",1,-0.116264042879429,-0.496357410348799,0.271366736245173,0.0391130164812142,-0.508470601290098,0.605771057122303
116,"2025-03-26","2025-03-26",1,-0.252235569838367,-1.29100542827067,0.825610189973751,-0.0475370305003651,-0.635902468811227,0.561800048548944
117,"2025-03-27","2025-03-27",1,-0.525835036860473,-0.947684024145072,-0.103726365420855,-0.129576347017738,-0.689086473753352,0.401564995582229
118,"2025-03-28","2025-03-28",1,-0.474174942612767,-0.855030280169747,-0.0831949180017989,-0.0260839815234747,-0.498128151955949,0.4649329935811
119,"2025-03-29","2025-03-29",1,0.989493676792626,0.652727098585543,1.33331657294587,-0.0694302489930618,-0.532982857296608,0.430983168261524
120,"2025-03-30","2025-03-30",1,0.579625181204904,-0.607444672052516,1.7307651404234,-0.127453822655965,-0.700058950117076,0.476947762891455
121,"2025-03-31","2025-03-31",1,0.522797695041851,-0.65164530266084,1.6872703832215,-0.197114997515699,-0.820558892601565,0.439683303157339
122,"2025-04-01","2025-04-01",1,0.734733802280032,0.384128611523122,1.07681171211626,-0.271220542828348,-0.83270194860886,0.303561640827774
123,"2025-04-02","2025-04-02",1,-0.178434241399752,-0.570790579719415,0.206757228440355,-0.303717666463889,-0.838580151674784,0.269795301607279
124,"2025-04-03","2025-04-03",1,0.186450394298061,-0.195350396395379,0.561496028711452,-0.510638479293796,-1.02898906984816,-0.0187121174819399
125,"2025-04-04","2025-04-04",1,-0.0562741070991905,-0.428664065117325,0.313570600883231,-0.508720226505123,-0.991286508274021,-0.039202605291736
126,"2025-04-05","2025-04-05",1,0.672844558620525,0.325300142291988,1.01416585937308,-0.625412404175193,-1.12290399648783,-0.13300946833376
127,"2025-04-06","2025-04-06",1,0.326636639491032,-0.818430228203291,1.49680094220794,-0.493889469928935,-1.12446900394553,0.121820483731295
128,"2025-04-07","2025-04-07",1,0.168306492767538,-1.10924851188309,1.46306630732653,-0.390952030684907,-1.07594584589879,0.277110751911111
129,"2025-04-08","2025-04-08",1,0.0948661641517898,-1.18626061950246,1.40700726395427,-0.312626012980498,-0.992444773895271,0.386072180057229
130,"2025-04-09","2025-04-09",1,0.0798277235028879,-1.10210317153739,1.24751692519768,-0.245249262188155,-0.874260028270147,0.407732813709421
131,"2025-04-10","2025-04-10",1,0.0789639999100676,-0.303414634547573,0.454279310257656,-0.178865214954946,-0.693460977998057,0.333969290716909
132,"2025-04-11","2025-04-11",1,-0.0581642991215645,-0.415388211085632,0.292959020134586,-0.153910473676841,-0.703077672647188,0.375980922297127
133,"2025-04-12","2025-04-12",1,-0.0403076428432146,-1.19772199363679,1.14071937018533,-0.136374259730638,-0.789029027741091,0.520072271978007
134,"2025-04-13","2025-04-13",1,-0.0207500915793634,-1.29550072530948,1.22167851761752,-0.119664843106046,-0.794757031993205,0.564557402640982
135,"2025-04-14","2025-04-14",1,-0.0102142765811406,-1.17313614609235,1.14859484532817,-0.109401989797933,-0.800840882727742,0.566708360156428
136,"2025-04-15","2025-04-15",1,-0.0185282788322217,-0.403345771870787,0.373565135743654,-0.107451025937485,-0.725571850898742,0.514362180685594
137,"2025-04-16","2025-04-16",1,0.100323037486559,-1.07320456774365,1.28192171411125,-0.0442201954400873,-0.713984820942909,0.604296008135173
138,"2025-04-17","2025-04-17",1,0.274861934720034,-0.976977587334957,1.55466491684161,0.0148130771033013,-0.620784234672876,0.638131634336992
139,"2025-04-18","2025-04-18",1,0.609237500759606,-0.595866984629417,1.7916353885583,0.0679005437790712,-0.508504327043908,0.637002341186621
140,"2025-04-19","2025-04-19",1,1.27936554480894,0.81015650725103,1.76897939558937,0.133069073527678,-0.21285050744082,0.468686970879845
141,"2025-04-20","2025-04-20",1,0.558332026575667,-0.619901378467313,1.75371511166457,0.169606316033605,-0.390473292570203,0.714760331297461
142,"2025-04-21","2025-04-21",1,0.171749570887175,-1.12278224771749,1.43537886234746,0.212604289684362,-0.420901475177379,0.853956543037953
143,"2025-04-22","2025-04-22",1,-0.157407133354747,-1.32028128332142,1.03066550963334,0.273446153320404,-0.344871645800354,0.933342545641005
144,"2025-04-23","2025-04-23",1,-0.538038462595714,-0.956664380235609,-0.11994912546392,0.350043450653012,-0.178689986859969,0.908086099736583
145,"2025-04-24","2025-04-24",1,0.0259032357047513,-0.349890466264802,0.398156464296132,0.426162193066352,-0.0298584049691638,0.941034873293868
146,"2025-04-25","2025-04-25",1,-0.312455435155865,-0.681283251517175,0.069345575403038,0.393573726521415,-0.0887782958671395,0.931014401477482
147,"2025-04-26","2025-04-26",1,-0.117286154398523,-1.24708625778467,1.0622033624335,0.275009995026574,-0.333307014206822,0.910095132831888
148,"2025-04-27","2025-04-27",1,0.00976015363181678,-1.21092577172494,1.26967693131308,0.176940129701843,-0.457939953136724,0.840381971990054
149,"2025-04-28","2025-04-28",1,0.148065437489417,-1.03023082658242,1.3047462679615,0.0871496556868476,-0.520438858011306,0.70038028245229
150,"2025-04-29","2025-04-29",1,0.366259569270844,-0.00510987665669386,0.743206048827478,-0.00718612110571085,-0.500276027612985,0.505601188024739
151,"2025-04-30","2025-04-30",1,0.63271895121228,0.283719601752105,0.992984216185279,-0.0143611583104715,-0.461384007120247,0.44775350063818
152,"2025-05-01","2025-05-01",1,0.33198260242282,-0.0388815642252187,0.689354395667489,-0.174410618294106,-0.65572402852047,0.311740259837989
153,"2025-05-02","2025-05-02",1,-0.117348973079836,-0.480495873953649,0.256111342417387,-0.213846503056965,-0.675332686274596,0.260888183548901
154,"2025-05-03","2025-05-03",1,0.551466185967529,0.196705138272931,0.906974309004638,-0.389924539287533,-0.865628870440123,0.0788995783871865
155,"2025-05-04","2025-05-04",1,0.476970136814717,0.127523442783057,0.822945159241853,-0.356780370870187,-0.908188740246459,0.161685954507448
156,"2025-05-05","2025-05-05",1,0.0296533964773608,-1.09346728320883,1.14448446528516,-0.167530575697731,-0.806074182733922,0.429096944611383
157,"2025-05-06","2025-05-06",1,-0.400499680947448,-1.54652152613319,0.758183962009528,0.00105376208609402,-0.656834106296097,0.669196048041869
158,"2025-05-07","2025-05-07",1,-1.06957604258209,-1.5661013523533,-0.618997467689451,0.162284228913075,-0.431375943622856,0.815633162323412
159,"2025-05-08","2025-05-08",1,-0.51118168030311,-1.68489175742144,0.693262406754734,0.180317065806197,-0.487070658997523,0.910558200298474
160,"2025-05-09","2025-05-09",1,-0.241698658620217,-1.54306353808089,1.03211382726857,0.215132315170571,-0.487348875512737,0.933751160402503
161,"2025-05-10","2025-05-10",1,-0.0956533873386199,-1.40342709930569,1.21261540373839,0.264540939650678,-0.470891321586838,0.996012511654008
162,"2025-05-11","2025-05-11",1,-0.0026614238723693,-1.31482144195906,1.29212274365546,0.309980635651413,-0.385928470912537,1.00129614088485
163,"2025-05-12","2025-05-12",1,0.121251401640229,-1.10498021727431,1.29340383318569,0.383658903014951,-0.238967587453183,1.01203952186394
164,"2025-05-13","2025-05-13",1,0.338288225594168,-0.0190694254766902,0.693179187424537,0.469180608396291,0.0184519117975338,0.940746075745
165,"2025-05-14","2025-05-14",1,0.407273267122925,0.0463882366276888,0.773021555859532,0.541477693015639,0.110356819830992,0.985619874044355
166,"2025-05-15","2025-05-15",1,0.150023550881009,-0.217100626148208,0.516737714085319,0.391709263458395,-0.0890304091582964,0.882002095746007
167,"2025-05-16","2025-05-16",1,-1.07595205819025,-1.51123467153787,-0.637137182680052,0.318013437562824,-0.196322433780629,0.828458113808437
168,"2025-05-17","2025-05-17",1,0.370980332771507,0.0233502488975007,0.729341333644694,0.186891422847326,-0.347482208668554,0.687924699741653
169,"2025-05-18","2025-05-18",1,0.118147041615419,-1.04131761893673,1.29815402571611,0.226068540964042,-0.439937642222829,0.884085097080526
170,"2025-05-19","2025-05-19",1,-0.0640363563680759,-1.30885755365599,1.23246938008369,0.268178420547754,-0.417912117087644,0.923103994910215
171,"2025-05-20","2025-05-20",1,-0.278936314310769,-1.45178565327938,0.913418957463902,0.324603817760801,-0.32601567297872,0.984559097875778
172,"2025-05-21","2025-05-21",1,-0.646148120000188,-1.07640519446127,-0.226938324609468,0.396767481134302,-0.155261649383025,1.00381333987991
173,"2025-05-22","2025-05-22",1,-0.476342545220158,-0.901017275279447,-0.0752464243140054,0.402004946169321,-0.0975397295098879,0.930629747669748
174,"2025-05-23","2025-05-23",1,0.240760386767996,-0.103976679258918,0.604077503895488,0.312768784267675,-0.124637181703354,0.776751931175736
175,"2025-05-24","2025-05-24",1,0.402641888967508,-0.216341367539692,1.02920031846609,0.0532404594715223,-0.449573583312158,0.537399264862088
176,"2025-05-25","2025-05-25",1,0.177076935296589,-1.02557094414918,1.40154020661109,0.0497106655693696,-0.601638618977598,0.664498585748162
177,"2025-05-26","2025-05-26",1,0.0972878475105823,-1.20899548728802,1.3753347438412,0.0539797632364919,-0.687849662000519,0.747195245621022
178,"2025-05-27","2025-05-27",1,0.0410188099779897,-1.27194751684807,1.35616034640758,0.0498347095183515,-0.744451140312415,0.79761551487628
179,"2025-05-28","2025-05-28",1,0.0181372354398367,-1.28191267808074,1.34623901167931,0.0516026100596386,-0.75066169756225,0.834907651505244
180,"2025-05-29","2025-05-29",1,0.0055764803839271,-1.30383012687191,1.32568816685023,0.0537297231340472,-0.753197459324358,0.856881490457513
181,"2025-05-30","2025-05-30",1,-0.0176599683569204,-1.34255254410304,1.33343858006893,0.0573146590480024,-0.721226252241257,0.84650721583024
182,"2025-05-31","2025-05-31",1,-0.0424291827576666,-1.41589904554061,1.2991247859452,0.0691435305455405,-0.724844107570286,0.866266488214145
183,"2025-06-01","2025-06-01",1,-0.068323792870942,-1.38420605901263,1.21582411997802,0.0821973803911433,-0.705986984603465,0.875596213804658
184,"2025-06-02","2025-06-02",1,-0.146687344626134,-1.42816950600387,1.1253900700059,0.0961022288600015,-0.656891725024921,0.851460198214473
185,"2025-06-03","2025-06-03",1,-0.291378070027344,-1.49158352509374,0.869404907899722,0.103145448275656,-0.596738408204166,0.822676532171541
186,"2025-06-04","2025-06-04",1,-0.614626884396516,-1.04856382368466,-0.190258971566955,0.128341481525838,-0.470244721881844,0.755302379107811
187,"2025-06-05","2025-06-05",1,-0.599366497717503,-1.03280206046851,-0.189951747252455,0.195603692453097,-0.300468424182604,0.727112566585401
188,"2025-06-06","2025-06-06",1,-0.442452577338469,-0.819298916691265,-0.0613875985760653,0.0127882564070678,-0.469831557507354,0.52028798244762
189,"2025-06-07","2025-06-07",1,0.727065131250426,0.38260201763928,1.07524984303513,-0.341112592547249,-0.833532491573337,0.150132170667216
190,"2025-06-08","2025-06-08",1,0.354641150646442,-0.807178560772467,1.51430711483849,-0.24977266160835,-0.901444594819133,0.364677070611503
191,"2025-06-09","2025-06-09",1,0.164052676710448,-1.10198059657195,1.46710095068375,-0.187449176073551,-0.917582582942857,0.499771409758789
192,"2025-06-10","2025-06-10",1,0.0840387816560142,-1.21453516140482,1.4419326427079,-0.124889592595693,-0.919237287493036,0.616510005272756
193,"2025-06-11","2025-06-11",1,0.0452582552222903,-1.27007541582373,1.38274140704211,-0.0770855134199718,-0.883000662477355,0.678867379489133
194,"2025-06-12","2025-06-12",1,0.0317737039553021,-1.28207620573679,1.35063204172201,-0.0252339321955191,-0.832088375832144,0.748501715704039
195,"2025-06-13","2025-06-13",1,0.0236511736506146,-1.3240810358249,1.35533742594494,0.0141854115064672,-0.806960178757748,0.792294216916458
196,"2025-06-14","2025-06-14",1,0.00780684238106771,-1.32658667608096,1.35767756621149,0.0516828994991821,-0.767280106937181,0.856182133235179
197,"2025-06-15","2025-06-15",1,0.0155985375458392,-1.30962245806158,1.34525343376874,0.0987967511318782,-0.720039528617131,0.896660708513199
198,"2025-06-16","2025-06-16",1,0.0161157891519276,-1.35486881456094,1.36316857532217,0.147771338435054,-0.670697424448519,0.940571055952782
199,"2025-06-17","2025-06-17",1,0.0306528298053188,-1.29600324104858,1.37666563076504,0.194773130617631,-0.569484463314394,0.943691449958504
200,"2025-06-18","2025-06-18",1,0.0497006140874926,-1.2131102532719,1.3314312755675,0.259848313017373,-0.455211608928439,0.961534291649065
201,"2025-06-19","2025-06-19",1,0.0876602830821711,-1.0441661718563,1.24594271450693,0.32956245939238,-0.309171442619141,0.94746560510593
202,"2025-06-20","2025-06-20",1,0.194279220157787,-0.159565939580964,0.553392821686324,0.413402073320116,-0.0386987798019291,0.886160408351309
203,"2025-06-21","2025-06-21",1,0.314774435245327,-0.0316462298868627,0.669375307552527,0.5227124534615,0.0500304661348398,1.01981454210158
204,"2025-06-22","2025-06-22",1,0.148615590565413,-1.01996174064048,1.31460043951056,0.402767500160968,-0.232624989262082,1.05512334340984
205,"2025-06-23","2025-06-23",1,0.075234759691049,-1.21056230228336,1.37714083040194,0.312197474350823,-0.393298443989338,1.01941965767056
206,"2025-06-24","2025-06-24",1,0.0533035618445183,-1.28076167957592,1.36606551954772,0.231889912267448,-0.529023218782369,0.989412544950698
207,"2025-06-25","2025-06-25",1,0.0268508395373485,-1.3182636234364,1.3632383097929,0.163894746392414,-0.626020566824243,0.936122834745603
208,"2025-06-26","2025-06-26",1,0.0244470037865239,-1.29924934379724,1.37008090526977,0.102187681402417,-0.704173306898342,0.895633755169009
209,"2025-06-27","2025-06-27",1,0.0346252459387984,-1.27881918911522,1.38224123206481,0.0395519036870924,-0.785387658262359,0.841527366685345
210,"2025-06-28","2025-06-28",1,0.0549741380698368,-1.26262610090367,1.3746982198779,-0.0214188444058033,-0.860604011880496,0.784124867679759
211,"2025-06-29","2025-06-29",1,0.115819210969711,-1.21393105611782,1.43273908698442,-0.0759604063834043,-0.920264926365868,0.710498659307015
212,"2025-06-30","2025-06-30",1,0.20787597759738,-1.11658581928101,1.52482848286254,-0.144757130730951,-0.96107159286787,0.611202784237354
213,"2025-07-01","2025-07-01",1,0.405392754926667,-0.808047677751207,1.61422579912407,-0.22002414242812,-0.999915242333259,0.499144685593928
214,"2025-07-02","2025-07-02",1,0.835109578580329,0.485250560208875,1.18280617487066,-0.301936904367165,-1.01938649351426,0.358094121376767
215,"2025-07-03","2025-07-03",1,0.556811983608261,-0.639577591880559,1.70019690496653,-0.247133058894991,-0.93940841918312,0.426880329497435
216,"2025-07-04","2025-07-04",1,0.602920137604108,-0.588470339838118,1.75855594836345,-0.20382258147406,-0.816195433001276,0.415977220286627
217,"2025-07-05","2025-07-05",1,0.961748216040856,0.616117161788274,1.3076018312066,-0.166660950866814,-0.652213928189635,0.322549777132853
218,"2025-07-06","2025-07-06",1,0.461834622081988,-0.729026289296633,1.64645847079071,-0.142461180710475,-0.785067114612,0.51555325837082
219,"2025-07-07","2025-07-07",1,0.236149660487,-1.09697097151126,1.54819364225007,-0.122439982133528,-0.850609557794845,0.597137727736687
220,"2025-07-08","2025-07-08",1,0.119395666482385,-1.14693904854043,1.43071106850118,-0.113572179779464,-0.883041664002655,0.646636699473007
221,"2025-07-09","2025-07-09",1,0.0669305843727396,-1.20819112416199,1.39546368567685,-0.102902302809821,-0.88989534023593,0.671001791105848
222,"2025-07-10","2025-07-10",1,0.061690657502828,-1.28449124857304,1.36025429053653,-0.0974562168525302,-0.882561458099837,0.673869373034888
223,"2025-07-11","2025-07-11",1,0.0377303003559854,-1.27927246746094,1.38971025272816,-0.0952959102526808,-0.901860801770304,0.691082748149987
224,"2025-07-12","2025-07-12",1,0.047050655810418,-1.33031558253698,1.3861089952737,-0.088289244936316,-0.891484056439655,0.676909941580571
225,"2025-07-13","2025-07-13",1,0.0613677947791067,-1.26698638051844,1.38995253410979,-0.095031682181246,-0.89259859314914,0.655323567816319
226,"2025-07-14","2025-07-14",1,0.105968160212226,-1.16236642160002,1.37259955553188,-0.109776498970794,-0.884423688915679,0.630127253673786
227,"2025-07-15","2025-07-15",1,0.199239009191078,-0.984502282083651,1.34987450041768,-0.123633270656014,-0.878188855773868,0.566298123037348
228,"2025-07-16","2025-07-16",1,0.4077140644833,0.0474806243063763,0.764419659942106,-0.149420469521608,-0.821924824001115,0.473328196409831
229,"2025-07-17","2025-07-17",1,0.326837323544505,-0.0358841561578758,0.700238765379651,-0.0390298926540691,-0.592581180597737,0.526733403880843
230,"2025-07-18","2025-07-18",1,0.570720661124837,-0.495187203004707,1.60494765573379,0.122717347749273,-0.431388931921422,0.683216780401491
231,"2025-07-19","2025-07-19",1,1.13870816585874,0.806366926344423,1.48196852710061,0.28033174856312,-0.165880311111381,0.737934852933856
232,"2025-07-20","2025-07-20",1,0.620906375516634,-0.530626617155647,1.75889895286541,0.229778581425438,-0.351069666720468,0.846379198319986
233,"2025-07-21","2025-07-21",1,0.478841554681262,-0.747145287463346,1.6112473665463,0.198511766060055,-0.432811658923945,0.826239639804614
234,"2025-07-22","2025-07-22",1,0.569180816825205,0.222732971009015,0.923357168856083,0.170060485810589,-0.416088475715627,0.755782411337311
235,"2025-07-23","2025-07-23",1,0.280233635809073,-0.893614523527998,1.44687210400786,0.159940562451748,-0.53433326941523,0.82169687255525
236,"2025-07-24","2025-07-24",1,0.142530430258751,-1.12720109749923,1.46343120390423,0.153836441112318,-0.5613456070576,0.875854037602708
237,"2025-07-25","2025-07-25",1,0.0933580084395464,-1.19950038898283,1.42387348217915,0.154178604387285,-0.584655283512129,0.896722662598668
238,"2025-07-26","2025-07-26",1,0.0920917238203855,-1.21419574564558,1.44479293846519,0.162199487905171,-0.587097628572217,0.921867870813968
239,"2025-07-27","2025-07-27",1,0.130136641243159,-1.10080507463392,1.41689092516133,0.173550113893297,-0.538299031265439,0.88641334011512
240,"2025-07-28","2025-07-28",1,0.23689953290439,-0.920516501693091,1.4586844458009,0.196220501676004,-0.429846381222941,0.847179113924121
241,"2025-07-29","2025-07-29",1,0.513822712500622,0.158711303640864,0.865871053214595,0.236091475345619,-0.259259082427388,0.756199178264554
242,"2025-07-30","2025-07-30",1,0.189070786603928,-0.178765919908745,0.565838072127984,0.0392378245066772,-0.479418753135097,0.548288916963256
243,"2025-07-31","2025-07-31",1,0.444898945195576,0.0850423545821234,0.806595197370243,-0.00373355525938291,-0.508656253737269,0.497557691303372
244,"2025-08-01","2025-08-01",1,0.408541008579285,0.0625261099145182,0.758598608097034,0.0498797840545729,-0.425090017586889,0.517061609481236
245,"2025-08-02","2025-08-02",1,0.806913607833155,0.459271095569419,1.15113712945585,0.12847150087748,-0.27518934631111,0.538810971394422
246,"2025-08-03","2025-08-03",1,0.481372281009884,-0.694608183544453,1.62208936800601,0.189088912907288,-0.372493237732772,0.742550040329374
247,"2025-08-04","2025-08-04",1,0.413063326835765,-0.7624197349552,1.57015437909049,0.258425713938515,-0.30413030381476,0.817659282985136
248,"2025-08-05","2025-08-05",1,0.588105020550317,0.228643271919005,0.949171628561526,0.340032770224504,-0.0875490014754547,0.787950427969358
249,"2025-08-06","2025-08-06",1,0.563343432736122,0.222760090718187,0.928292313483899,0.384673733552408,-0.0967381758103993,0.891386943364035
250,"2025-08-07","2025-08-07",1,0.294931967396662,-0.861426905936691,1.45737143308013,0.320758425511063,-0.311852152190401,0.978111666033751
251,"2025-08-08","2025-08-08",1,0.151210257694382,-1.12645962485344,1.4757576503134,0.276172982473805,-0.429795022769224,0.965155258170524
252,"2025-08-09","2025-08-09",1,0.106154676039011,-1.1972884063235,1.46626361257519,0.250475893749149,-0.491598379979551,0.976301376006075
253,"2025-08-10","2025-08-10",1,0.120698424040166,-1.19445792991916,1.42777071384004,0.22717562167777,-0.54519198099616,0.943902060142445
254,"2025-08-11","2025-08-11",1,0.182381777496606,-1.12996569311002,1.48102638492677,0.20845117713302,-0.504934614511747,0.899177202507281
255,"2025-08-12","2025-08-12",1,0.3250666578285,-0.850098931149683,1.49657010414719,0.20162251288173,-0.421600269837902,0.837223031376528
256,"2025-08-13","2025-08-13",1,0.663550833991458,0.306219303059497,1.02538531478609,0.204113347290583,-0.25770695930003,0.684280314602461
257,"2025-08-14","2025-08-14",1,0.346948544128875,-0.0178748944915269,0.701458187190274,0.123330083601781,-0.348067940030543,0.592196896466881
258,"2025-08-15","2025-08-15",1,-0.310396417910324,-0.69033153838604,0.0726564439862267,-0.0132803795691938,-0.523606278127931,0.473186624929981
259,"2025-08-16","2025-08-16",1,0.392577136619992,0.0413367929750243,0.742977019368809,0.290405312926287,-0.157731857287474,0.758395323653269
260,"2025-08-17","2025-08-17",1,0.335579384233246,-0.808970766825833,1.48224237706809,0.180103349594988,-0.372442062936918,0.769918262861597
261,"2025-08-18","2025-08-18",1,0.453429449666193,-0.732890934097489,1.58465957221738,0.0819827106214719,-0.493627495792851,0.656067743682319
262,"2025-08-19","2025-08-19",1,0.838750381757032,0.488538989999338,1.18900385370821,-0.00894947080968194,-0.478555648880921,0.466465701946438
263,"2025-08-20","2025-08-20",1,0.995180998447012,0.656164989475708,1.34571373089506,-0.125569529975255,-0.584017258790936,0.349681794605931
264,"2025-08-21","2025-08-21",1,0.485026323174119,-0.766320109874988,1.64831199945807,-0.113716958924787,-0.730221030955935,0.50778599579373
265,"2025-08-22","2025-08-22",1,0.245961924595479,-1.11411697897131,1.5509825049028,-0.103565733302604,-0.786956854689669,0.593550059189509
266,"2025-08-23","2025-08-23",1,0.135342410265224,-1.17892084004924,1.44055044483063,-0.10430351887427,-0.789184894821251,0.60263166247708
267,"2025-08-24","2025-08-24",1,0.079936040490102,-1.21727404816092,1.39985775498435,-0.105677098425463,-0.777660057004844,0.586047557969778
268,"2025-08-25","2025-08-25",1,0.0722966418823842,-1.11556425923449,1.29624193283622,-0.113937083485329,-0.704766309070981,0.492492231755574
269,"2025-08-26","2025-08-26",1,0.0931710016119237,-0.291551457888205,0.475750717572011,-0.125098199007405,-0.541564979326467,0.296190951657391
270,"2025-08-27","2025-08-27",1,0.225983694972739,-0.861126540261874,1.2911531101952,-0.155404947618307,-0.685492323194379,0.412599862339936
271,"2025-08-28","2025-08-28",1,0.480235579473148,0.127036021132333,0.837185349531335,-0.191033090120267,-0.676970520981645,0.335071753095968
272,"2025-08-29","2025-08-29",1,0.205663713178016,-0.150497296680476,0.579368252734934,-0.444593676469959,-0.973869736812942,0.0409514875176351
273,"2025-08-30","2025-08-30",1,0.851239091081211,0.522248742129851,1.20269927660133,-0.497385447693295,-1.01294499122895,-0.0121353464629963
274,"2025-08-31","2025-08-31",1,0.275097855005683,-0.839655383041245,1.36754772527191,-0.333126321683784,-0.929436749924259,0.220278520406573
275,"2025-09-01","2025-09-01",1,-0.125067997304701,-0.750722509617611,0.524636164888827,-0.200221102886535,-0.711575725191607,0.309054763144304
276,"2025-09-02","2025-09-02",1,-0.0112484516004183,-1.07669505551022,1.08366791006582,-0.0109473715804241,-0.566237059927496,0.573436158837838
277,"2025-09-03","2025-09-03",1,0.138110762066591,-0.227238837194749,0.508981428032376,0.181055181156442,-0.292438930891309,0.686557999322166
278,"2025-09-04","2025-09-04",1,0.387271081122115,0.0365358073848652,0.752008691052186,0.168058740492554,-0.276970839602065,0.639595981505235
279,"2025-09-05","2025-09-05",1,0.444477505518095,-0.662555635110646,1.51789059890954,0.196724551016786,-0.345675096302425,0.729575504542882
280,"2025-09-06","2025-09-06",1,0.741244274244157,0.401790487820264,1.08477229061974,0.225980380187993,-0.217896606499045,0.671601024446453
281,"2025-09-07","2025-09-07",1,0.408210920226349,-0.758731187518429,1.56539465422889,0.33567328154036,-0.253991167585616,0.90683417853091
282,"2025-09-08","2025-09-08",1,0.301648436472935,-0.824158354253443,1.44098542069909,0.449170803865513,-0.121954203175866,1.042420098811
283,"2025-09-09","2025-09-09",1,0.376312851801173,0.011415004155163,0.735902153155036,0.600667579809693,0.144231050073495,1.08862275459369
284,"2025-09-10","2025-09-10",1,0.320155969079734,-0.0473979107316259,0.679070378516665,0.535206196797792,0.0457774723500775,1.041794380083
285,"2025-09-11","2025-09-11",1,-0.113868785640016,-0.502782828086406,0.272837510182374,0.566486004811465,0.102165714663225,1.06371296253626
286,"2025-09-12","2025-09-12",1,-0.0392459611773491,-0.401345395333634,0.333642986436923,0.534552399466826,0.080902224560341,1.01616875222334
287,"2025-09-13","2025-09-13",1,0.711370701606387,0.376924884213129,1.07721270451828,0.417299000381358,-0.0118734090966058,0.865700018628331
288,"2025-09-14","2025-09-14",1,0.351210671561234,-0.866520218444365,1.55014538812718,0.351647157496003,-0.275511415782957,0.964482076083719
289,"2025-09-15","2025-09-15",1,0.16054516244063,-1.10963221071838,1.48873211906196,0.292530925953642,-0.42057920907144,0.989083555088406
