"draw","C_sum","C_expected_sum","E_sum"
3,6485,6536.10173776016,15139.8415475914
4,6395,6408.13470601006,15048.9257282842
7,5642,5609.85758167949,12615.8291456491
10,7090,6990.78224669771,16602.6261408136
14,6178,6164.83858934632,13659.6057564649
16,6533,6558.47670363621,16375.7141030646
19,5508,5551.68817867762,12777.9410766088
21,6108,6078.63319206302,14671.0051038761
25,6883,6740.53277234458,16648.3060195491
28,6482,6275.33678956707,14211.2056482964
30,6287,6248.73077335489,14166.18751767
31,6097,6139.33252472818,15277.2432850704
35,6351,6280.84438723576,15389.0158141165
36,5833,5702.08684164669,13569.6962238957
37,6017,6002.94166205961,14009.0769782866
53,6242,6328.37143569911,14476.868540678
58,7161,7088.53081742815,15508.7708909337
60,6156,6242.56227704125,14040.4010645841
74,6755,6826.74790270081,15890.1602921125
83,5775,5799.05537807274,14171.8456487036
87,5783,5848.87043421438,13521.8564385347
99,5552,5499.59571319608,14013.7605038145
100,7058,7109.68671921151,15653.3970251348
107,6178,6189.53922846746,13258.0516900168
108,6047,6207.17046034585,15577.7989982406
113,6542,6459.7922823258,14572.6762748067
116,5850,5908.89121388767,14188.8385457156
119,6523,6662.5494886554,16077.4644499074
120,7571,7556.90189614791,17524.4320857128
121,5967,5858.78417420897,14262.1266424933
123,6396,6370.25517756211,15313.3298178387
133,6411,6370.49091719127,15133.2514075396
136,5650,5651.9316005477,14196.7726917918
140,6476,6535.10675409132,14299.7466230192
142,5736,5779.49730295028,13758.3664124316
149,7015,7025.64930191436,16424.3782033607
152,6426,6390.08081903012,14726.4042901964
155,6443,6514.92823705641,15701.1355405415
158,5959,5950.23798082296,15052.4841642443
159,6476,6514.60056649257,15273.7606774596
160,6561,6474.66339945496,14580.1911996558
161,6820,6745.00734785566,15121.376647666
163,6989,7154.86290011702,16364.9268439527
165,6545,6530.37914787722,15426.8915078395
167,5826,5711.83456112562,13043.1361881915
170,5647,5560.53794767251,13946.2118375126
171,6369,6361.39632640011,14452.6213800256
182,6754,6755.65841389882,15461.3553855818
185,5962,6057.90747411898,14805.7100398877
186,6026,5940.30777897275,14285.9655092439
189,6831,6839.79372098091,15999.1725101428
190,5812,5829.02511990586,13733.75073536
194,6263,6277.61964021088,13856.599664927
196,5764,5576.41847205917,13901.4083443084
200,6179,6328.69155217485,16052.1842500292
205,7131,7056.17384793144,15883.5184227872
212,5129,5106.60893506283,12734.2481069265
213,7269,7297.56896928486,17665.2663732799
214,6532,6569.12715638374,14634.758509678
218,7404,7460.75363267341,17195.0986438859
223,5553,5626.38067362108,13284.4862829414
226,5599,5623.56201301403,14018.7029848849
240,6902,6874.51946850727,16235.522060197
243,5883,5865.57106689103,13875.5704278
247,6517,6414.4636116036,14957.0289080516
249,7165,7112.3191564487,16210.4312299011
251,6468,6581.55792337343,15361.1194990779
252,7431,7451.94135073439,16617.7409988586
254,6603,6599.92909501115,15236.4369613002
255,7312,7236.98826767001,16319.9584652961
256,6929,6925.31140096639,15909.9605935436
258,7063,6943.0717650997,16396.693498224
259,5936,5929.80943668457,14559.7446323452
262,7189,7170.62883640198,15894.9700478503
269,6057,5965.52801080475,14551.3876518937
274,7548,7382.58616793634,16053.8594537261
285,5874,5888.58616251012,14067.0614282119
287,6189,6123.45495950703,15154.9632939527
291,5406,5422.52908221245,12409.3305659265
293,6257,6374.10933737607,15057.2073605777
294,5836,5999.32664340107,13963.5503997583
296,6900,6936.84045820279,15164.9034364575
299,7515,7397.66549826916,15478.565251633
305,6671,6618.28952899947,15600.8220274097
308,5634,5711.09129041441,14005.5233628648
313,5769,5903.04741924247,14268.2467077097
315,6356,6384.21658226778,15805.6962890354
326,7241,7096.88432390632,16780.6534473858
335,6783,6736.69972617025,15640.473431685
338,6156,6244.70749211426,14533.0581825037
343,5669,5620.00082237632,13636.1915409842
351,6108,6118.33153594945,14791.9865884746
352,5065,5086.94984907821,12335.0133894374
356,6527,6426.82838000568,14036.1767691375
361,7009,7151.16150738912,16070.0699262224
362,6095,6234.3364643113,13717.8463655585
369,6564,6543.46316490089,14588.7526808681
373,6691,6658.19999313448,15398.817413848
376,6429,6589.80753858006,16428.86844454
378,4885,4903.9324360133,13008.5442232613
381,6831,6785.98277433207,15296.8512323502
385,6953,6962.86059462939,15501.8590475838
386,6462,6393.36173873416,15865.4948282189
388,6037,5974.73153557639,15029.444792476
389,6146,6346.55832226633,15270.5791729006
403,5790,5745.03072947504,13937.8152957547
404,5917,5908.0974867915,13451.0081306154
407,5815,5796.37211653407,14365.8595466107
410,5769,5846.89990181006,14448.5181570709
411,6197,6234.62822636906,14692.0562451671
412,6283,6240.373466326,14500.952431188
416,6452,6570.12148131908,14824.4993444094
422,5858,5697.40565679391,13439.8551345364
427,6390,6328.28664625894,15788.9294329635
438,6454,6508.6139754659,14649.4808061398
441,5499,5517.04997601623,12773.4590211248
443,6202,6137.41235524471,14135.9886325437
446,6371,6470.28390806201,14444.6651728693
448,5951,6005.76018082639,13991.5009488871
453,6187,6154.75596524892,13562.2971238826
454,6178,6298.1709626684,15000.4638518013
458,7191,7008.5670971949,16659.4087803632
460,6064,5998.72019212213,14139.9927606961
461,6460,6493.32688233004,14677.5235730223
462,6347,6341.5957180612,14355.1071559606
465,5790,5809.12103101676,13861.8433464572
467,6223,6261.98420274054,14463.5226464536
468,6682,6696.60352846041,15349.768602482
476,6359,6196.06373368337,14164.9538636913
482,5777,5759.75547148996,13654.4573776181
483,5853,5910.27523739377,14817.4967108003
484,6231,6423.99994199245,14595.1510038014
488,6400,6576.34655497146,15870.1750790127
493,7259,7204.75289582227,16741.0668276195
495,6078,6149.49406217359,13561.9034559498
507,5556,5494.66993770114,14531.8233952793
510,6520,6551.66827856142,14364.5682593807
515,6074,6093.64436178749,14027.3949429569
523,7215,7127.89388698595,16359.3857864644
529,6281,6240.23095786325,15425.5924460591
532,6721,6711.0089522349,14930.1809361703
535,6129,6185.75182528799,14708.2398876234
538,6309,6314.16283542643,14591.6095776204
544,5986,5990.90711381137,14353.9907635209
545,5433,5391.50635945609,12315.3174927083
551,7197,7248.53730092451,16486.453373605
561,6539,6426.71929254449,15050.8540720684
562,6693,6838.72933008967,15535.3956310553
566,5886,5981.12403120627,13463.6814757864
568,6245,6130.39727733292,14818.600796932
569,6669,6699.47272240105,14759.6281193564
571,6774,6704.88735810203,15895.5681761029
578,6353,6391.06239759242,13603.8401315248
579,6591,6565.96412256709,15258.9374562256
583,5767,5684.51436103677,13917.9841004822
587,5937,5888.03775705171,13393.5745906421
591,5955,5924.27609205301,14805.1115474871
595,6268,6245.13749120004,13237.7357732063
596,6358,6349.21543057851,14598.355215538
598,5810,5894.64230432688,13181.0883668421
608,6258,6244.55693625625,14724.7896565794
609,6234,6161.02766189424,14519.090077927
612,6455,6303.13696433717,15311.1796004244
615,6588,6627.90354467624,15334.3742964492
616,7199,7136.67958396057,15655.2380475085
619,7019,6884.68757679335,16665.838946147
624,6175,6103.48045373201,15228.1245687773
625,7163,7011.52641583657,16681.4831345537
628,6074,6179.73477161782,13671.1544579296
630,6334,6401.77508038263,15005.2874268524
635,5990,5868.83730401525,14708.3765972711
637,6649,6778.25882025583,15477.3649949558
638,6954,6990.98939437644,15767.1807124947
641,7436,7178.90268492462,15590.0413572678
653,6974,6882.83067803071,15201.2099460961
656,5945,5951.34145879501,15008.2029049294
663,6019,6191.08251939273,14765.1368779798
672,5631,5580.91022311093,13483.6546761931
674,6256,6212.99449387412,14417.1123303496
675,6362,6256.09969643414,14910.6677848966
682,5377,5427.04225562838,13833.9557508517
685,6845,6674.80880727122,14841.4455030119
691,6339,6250.41907371979,14344.6067696915
696,6343,6352.75154453839,15150.2900415631
697,6642,6665.12204529721,15476.5621571375
706,6383,6418.1863394973,15910.8115682528
712,8374,8530.25748467759,19217.0498696142
713,5823,5792.41056601652,13608.8194112919
718,6780,6865.02431754634,16725.9686886806
721,6583,6597.96803638122,14466.0157277795
722,5860,5751.36678109667,13544.2576176464
729,6828,6838.05102665435,17728.4951233792
733,5809,5872.57058749106,13956.0505135598
735,5469,5360.55482025511,13257.7998542251
743,6885,6985.60273152961,15289.0066413075
746,6515,6539.17645843331,15099.5201906596
749,7176,7115.15770779031,16226.1575507208
756,6457,6390.24720200823,15126.6696322838
762,6261,6232.99412141894,15653.0720260539
767,6830,6965.71996368858,16445.8772672505
781,5879,5922.67610533545,13521.3335458435
783,5856,5841.05729077468,14030.0031783007
792,6073,6099.9631439043,14139.0748061904
797,5540,5558.40047750277,14199.9413704258
800,6274,6263.83583614836,14692.6812681066
801,7465,7427.05572344475,15809.0406331797
802,6592,6524.87414884746,14546.4617749444
806,6595,6528.43895694392,15797.2656255568
819,6134,5984.94414830211,14453.9254326734
820,5814,5789.035999626,13599.9867619848
829,5902,5808.93169159196,14207.2210585116
836,4665,4670.3509124687,10653.051832222
844,5924,5905.83646191309,13691.0305448237
852,6088,6129.18549769302,14072.5173471194
853,5275,5336.9338037931,12978.0001475098
854,5672,5749.31275055475,13973.6068681306
857,6127,6124.62573039288,14561.3638097625
858,5437,5590.74089640861,12570.8562196702
864,5507,5552.20387097261,12268.8378525047
872,6455,6330.81737551254,15175.1674923386
875,6220,6252.66689297198,15124.770931088
876,6203,6115.53917848169,14377.6691717785
881,5886,5865.53953271774,13760.5622637776
892,7082,6984.44502828854,16151.4542817735
895,7266,7326.52069105325,16820.522859712
896,6079,6057.04274601049,14828.7727149091
906,5628,5482.12633052746,12300.8404098061
911,6650,6689.26426361582,14417.9270930354
926,6200,6238.11389689639,14191.4225949179
930,6483,6512.88504890989,15027.9990593164
936,7014,6978.7362710109,15450.4452140297
940,6960,7100.43661714103,16514.5817979588
944,6657,6844.40571338863,15521.0539667897
952,6394,6495.20936898769,14959.5129764075
953,7530,7652.79425811715,18069.0427437793
955,5808,5811.44252340531,13329.0385829758
966,6809,6759.7792397451,16365.6049652084
976,5960,6049.99255809374,13557.5372132524
977,6443,6354.06474618754,14305.0250260818
978,6573,6675.28651833133,15819.3011200374
979,6100,6092.35300586005,14867.2727705137
981,6503,6492.9180738881,15007.4638645079
986,5236,5217.64420684551,11823.3969977323
988,6614,6519.81684878728,15036.9450055827
992,5657,5828.35632288582,13604.4924494404
993,6140,6001.66908639593,14267.3228356359
996,6477,6449.45847361988,14869.4021648887
1000,6701,6595.3814795642,14669.9484587792
1001,7235,7220.38134046837,16539.7877878053
1002,5639,5606.61521764434,13046.4111464721
1007,7169,7107.45049877335,16018.8850675714
1009,6232,6295.89615761252,14037.838414899
1013,6634,6518.20852994671,14817.2328531967
1017,5671,5701.31876283529,14684.1654227423
1019,5610,5401.80476522855,12679.8611580506
1030,6526,6474.675305951,15062.3591366535
1036,7295,7184.42699890968,16594.3333463513
1040,6358,6380.04023666784,14150.1015490402
1041,7221,7207.91849499905,15429.4707994752
1049,5814,5878.6637724142,14098.5049479301
1051,5888,5850.92686592656,14062.7986144896
1052,6991,7003.49608334332,15616.53704758
1056,5713,5731.072692681,13997.0515690769
1057,7110,7066.17262293185,15562.3471094447
1062,6370,6470.78843101321,15051.692947676
1066,5579,5557.35342600688,12004.5628647809
1069,7107,7094.18964606491,16855.6295000624
1072,5870,5784.08798498779,13783.5657077418
1074,6726,6740.24106772939,14710.0171364294
1081,6555,6659.47083081422,15683.214041341
1084,6320,6331.63554348519,14624.7597395008
1085,5269,5109.14858996295,12305.7650917279
1088,7413,7376.81585914675,16960.0396447953
1091,6529,6474.00617457857,14181.4390826887
1096,5749,5715.17949195278,13404.2531879346
1101,6521,6616.25157992183,14574.2747618281
1105,7036,7157.16970916416,15472.9648269584
1108,6209,6255.02456012498,14398.1942579873
1116,6506,6561.05419263777,15075.7559636214
1121,6257,6411.29917853843,14073.1414805984
1125,6349,6410.60027192589,14111.5044291249
1126,6834,6689.07890280682,15687.4251846862
1129,6363,6341.77559683911,14468.9237797807
1135,6726,6716.70691109089,15379.8037620487
1138,6397,6393.06165587957,14296.0447693004
1141,6747,6660.04007724124,15012.4556577081
1143,6654,6564.79394172036,14693.774436943
1144,7783,7855.49815199942,18530.5043124305
1146,5871,5821.90284166493,14281.5665777968
1148,6144,6204.97644211435,13617.8076699723
1152,6246,6249.18571558798,15236.2229109564
1158,6346,6280.33644755693,13694.6545318655
1166,6156,6139.22137438387,13784.7761102044
1167,7036,6942.7454754348,15305.0994512475
1168,5900,5962.81260093442,13632.727907578
1172,7075,7041.13975245922,15904.9630878605
1174,6003,6009.87232901963,15757.6100280171
1177,6766,6672.72058565957,14943.711333934
1182,8214,8224.93591749638,17913.3808979948
1187,5440,5490.02212074796,14157.6059745092
1189,6013,6028.35215340529,13684.6059424848
1191,6537,6446.18813261403,15645.2569337679
1210,5960,5995.42746472861,13227.6887173906
1212,4845,4872.29525575791,11824.0237368041
1213,6088,6113.74208995876,14589.9439307329
1222,7037,6979.3113044355,16209.2520646915
1227,5933,5981.41704616737,13809.6640820816
1231,6813,6748.21376565721,14815.8177353761
1241,6612,6562.9284708168,14564.1725965461
1242,6164,6165.10163750622,14209.9142639799
1249,6746,6696.57566009586,14811.775605983
1250,6843,6920.04183788466,15458.6064489204
1255,5686,5689.1932884788,13999.3249661866
1256,5535,5561.12208830095,13010.5685014415
1267,5987,6023.44317405688,14127.3567470732
1276,6310,6312.84227158175,14353.9391702542
1279,7398,7315.90074849523,17477.6168663571
1283,6573,6558.75747537388,15190.023082025
1288,7534,7469.05593905671,17433.4150750831
1289,6195,6170.72980677172,14346.2215678549
1293,6040,5997.44419077439,13305.2290796437
1296,6856,6875.23417294575,16024.8857966735
1302,6034,6099.07897691057,13921.1166375726
1306,6297,6395.05765686648,16382.1616772438
1308,5854,5966.47623015417,14084.460733783
1311,6645,6717.36653350429,16396.9545795001
1316,5549,5513.3374620888,13754.7975827217
1322,5883,5871.55502515271,14592.325725532
1324,6243,6344.67273805157,14585.187945814
1330,5359,5396.04120524353,12954.629532064
1335,5901,5860.6617179169,14064.1537279796
1340,6873,6924.72595252677,15586.217041082
1342,6325,6324.52719129614,15356.6694340736
1343,7072,7055.4789533468,16005.8180991606
1346,5738,5811.21906524799,14269.1661032487
1350,6376,6259.59049798816,14314.4819370486
1356,6169,6051.48398547921,14892.5236322125
1362,6911,6809.62213692205,15560.1798398461
1373,7424,7332.12074169433,16682.153655441
1374,5702,5700.8639222235,13114.5842185151
1376,6162,6129.95563377441,13726.5376521187
1378,6121,6292.8043215053,14942.2481520674
1386,6442,6437.6530417259,15224.6267316555
1388,6474,6564.47930759127,15260.1170252234
1392,5905,5882.34657221083,13811.3516601381
1396,6646,6668.95313534581,14939.6363407361
1397,6455,6538.30648413502,15547.5924937061
1399,6341,6373.826128184,15709.0153781699
1400,5860,5920.20945567352,13580.5344154959
1402,5772,5802.25814305814,13293.5431254802
1403,5783,5962.39094708473,14521.9285419279
1404,5732,5707.73701439022,13356.7359836441
1410,6605,6729.79629210992,15805.5511426985
1418,6866,6849.72820364869,15344.2115613797
1421,5445,5602.29076390577,14157.2758453898
1423,6461,6414.10830309507,14999.3563625317
1424,5731,5566.94323027437,13832.8018338546
1425,5913,5952.35850612721,14853.4479496138
1432,7061,7107.74999148526,16469.8657226143
1436,5994,6119.08477214583,14299.5633141206
1438,6726,6780.60133208953,14304.8610197559
1439,5791,5761.78542733023,13823.1986434927
1440,6296,6349.50193726179,14347.8063207289
1444,5514,5473.20870768187,13257.2299694582
1447,5910,5943.2022971375,13600.7998667288
1450,6908,7003.10006494601,16549.0533917451
1451,7134,7156.34033727765,15487.8055917546
1454,5523,5786.96613413672,13272.8759568844
1455,6334,6347.11683353377,14594.4897224065
1463,6497,6509.5582297702,15293.4191289582
1465,5944,6043.61200622056,15062.3575976137
1468,6843,6896.64221210245,14336.3590649864
1469,6381,6455.87289196984,15394.5183026364
1470,5651,5778.66457325215,13155.5689482717
1480,5474,5519.72226535872,13368.8781163347
1484,6505,6394.18499439552,15176.9534433987
1495,7011,6918.82629684786,15898.4884583164
1498,6000,5903.40764462149,13911.9883529392
1500,5777,5772.66335239682,14138.1795864555
1504,6251,6244.04859418334,14553.8029091882
1507,5703,5711.26268296794,13412.0575989781
1509,5367,5477.41128335231,12824.8752268053
1512,7106,7298.55874524472,16028.4491425025
1515,6550,6390.92997472157,15313.8838264836
1520,6823,6856.82746606074,15819.3103188946
1521,6324,6222.09865575645,14350.8877676643
1526,6685,6675.30219905649,15831.8903129584
1538,5529,5492.10373018699,13883.8669736074
1546,6364,6338.64616608458,14103.4778511102
1548,6541,6574.21962151012,14780.1492229845
1552,5808,5956.60029494934,14020.7833355505
1554,6027,5995.17494020527,13991.8937773056
1560,5443,5572.67793560623,13707.0077591976
1562,6670,6686.31208846483,15113.8238770035
1567,6561,6580.09483481484,15699.226289508
1571,6934,6959.42727949296,16521.0535434453
1583,5758,5690.71498058779,13052.4142899333
1584,5703,5689.71296754688,12989.4905118364
1587,7227,7177.97900000273,16765.8517830954
1588,5897,6000.54196972871,15068.9504637402
1600,5591,5434.65499041116,13170.3045282103
1603,7055,7073.74478582779,15538.7414926869
1604,6584,6601.78238303482,15805.4884793185
1606,6316,6232.85369444506,15927.5519247952
1608,6184,6110.51310446372,14536.3313174461
1616,5677,5630.97692872569,13466.1265075219
1618,6203,6144.49046019084,15401.4390565594
1620,6498,6438.15131439556,14634.3582208417
1622,6161,6150.04969831636,13556.6771591283
1636,7071,6998.81070014426,15898.4207931228
1641,6592,6499.98093415734,14556.6569394864
1642,6792,6715.72298708315,15149.85162815
1647,6992,7047.06855216602,15742.2659932556
1649,6788,6785.11891346291,16145.9867341873
1650,6095,6074.15061037479,14210.9462297514
1656,6100,5972.96751651324,13969.8316523207
1666,6027,6054.96324495078,13909.8006770154
1670,6396,6435.77695990311,15182.8259647766
1671,5815,5879.79297925944,14495.0616765838
1673,6228,6184.21298818471,13959.5004549881
1674,5621,5703.54400482704,14050.7005367532
1678,6368,6456.68986606617,15120.1742603138
1683,6636,6606.17445287404,15418.2280626271
1686,7556,7519.26491083299,15593.2249586626
1699,6158,6181.64066130126,13848.2406274397
1702,5968,6008.93819783492,14024.3120823742
1704,6337,6373.61113259193,15458.6873626635
1715,5911,5842.41479125828,14059.8372893116
1716,6957,7026.98044048326,15762.5742860432
1721,5989,5995.35460042405,13633.6158353272
1724,6215,6169.8643446353,14816.16216721
1733,4976,5104.94601108597,12762.582459198
1736,6449,6444.5619979634,15893.0990675469
1737,7112,7150.29020952221,15329.1524924946
1740,6244,6253.91441440031,14377.042885858
1747,7233,7249.01416126242,16190.8856335276
1752,6201,6233.51257123431,14453.1260814991
1756,5843,5844.96236827518,13933.0964267483
1763,5598,5559.18607502671,13384.3554059177
1768,6863,6844.10286325772,15873.8081561596
1770,4941,4914.78026470856,12122.5940531297
1780,6698,6627.39544263792,15428.2682970021
1781,7176,7201.58049940763,15800.4852065293
1784,5897,5879.73368517185,14541.9384499143
1785,5693,5649.86853466768,13695.1900347327
1793,6752,6643.05841112874,15468.421461998
1800,5532,5568.6551374232,12475.6265966991
1802,6277,6244.29177661242,13805.6245084055
1803,5711,5736.45970704179,14068.9924358415
1818,5901,5904.53919501373,13594.2281598733
1819,6678,6590.33770941205,15383.160804711
1823,7135,7246.78019768528,15858.3680018732
1830,5599,5577.15584154437,13497.0127973916
1834,6553,6496.11173696998,16272.6967487803
1835,6526,6658.18025785101,14693.39628216
1837,5268,5248.57952450904,12216.7177726819
1843,6427,6406.33411872743,14212.2740932627
1844,5443,5371.60429641827,13533.5244325158
1849,6921,7081.35606344564,15231.4598271258
1850,5787,5817.26426991489,13810.2931174428
1858,5837,5769.25788882237,13399.8164965718
1863,5975,6056.74151146141,14635.8483870549
1864,6625,6576.03306715699,15038.3816918521
1866,6723,6719.4747892237,16553.6106036995
1871,5301,5210.31454390264,12327.3292816085
1872,6100,6093.24031396176,13771.6231997953
1877,6541,6604.60187598396,15739.4347779802
1878,6877,6878.10984395676,15121.3006890574
1880,5506,5588.69091895714,13098.3608879204
1884,6336,6272.98164960136,14436.5973807048
1890,6010,6040.36434060014,14436.5527927778
1897,6869,6865.77810964594,15598.4028966843
1898,7333,7339.03312211965,16562.4060510184
1906,5836,5790.72170416941,14336.4196248349
1910,6971,7071.82948560771,17418.9408708497
1911,5993,5907.81960004667,14666.8776281152
1912,6814,6704.96010230329,15431.4535711202
1915,7258,7222.61560032502,16527.4330524063
1917,6733,6815.21863287734,16340.886481612
1924,7516,7421.13477301519,17630.6025493713
1931,6536,6464.11984396475,14471.2588907076
1935,6026,6042.06970579489,14403.3801731938
1943,6899,6811.2191935,16227.6020703706
1946,6251,6292.97253928835,14082.7298489762
1947,6282,6233.86966534782,15526.3439859284
1948,6579,6536.80565182075,15186.9672471279
1949,5773,5837.53513882891,13865.1852618919
1954,6408,6354.40560163019,14156.8962954705
1960,6515,6557.74594315318,15995.7370011203
1962,6700,6591.51294116193,15482.5753065932
1975,7107,7212.09885078331,16777.2645440334
1980,6496,6516.2026684038,14707.4498250589
1981,6621,6680.84893498487,14773.7850610397
1984,6959,6869.44078568428,15880.7687422061
1992,7588,7601.6259386229,17797.7192992389
1993,5979,5957.60467806777,14376.0074149914
2000,6316,6285.46469255549,15346.0672268571
2001,5995,5988.86006794232,14282.1805108784
2005,5561,5566.65962352923,12565.2201647497
2011,7295,7185.42780483537,14533.624234881
2012,6901,6933.8246417115,15357.8654171828
2016,5356,5412.2260516048,13803.3013042833
2017,6417,6470.65865159912,14971.4513336124
2018,6722,6686.07927873857,14539.7427847926
2024,5601,5546.21470773759,13005.3741775896
2028,6222,6236.15343558326,14838.1484423395
2036,6174,6193.87875978885,14541.4872315755
2038,6610,6699.72440395737,14514.648717162
2040,6485,6395.17684211718,13790.7350936176
2042,5598,5571.80958136867,12632.6224351343
2049,7229,7367.07900102769,16224.9368398219
2050,5337,5338.41955943492,13791.151172578
2058,6885,6890.68486802097,16202.6371880681
2061,7232,7131.02841787061,15762.1623555188
2065,6273,6217.95588474078,14220.3275626879
2068,6484,6417.10330278216,14747.6782017517
2075,6018,6052.1722133918,15180.9040782318
2079,5579,5562.09700099264,12727.1954639072
2087,7012,6975.51471483407,17219.3898914585
2091,7068,7094.91316230193,16812.2526539085
2093,6174,6191.95018844072,14703.8240542975
2099,6000,6095.1876095308,13928.0655065933
2108,5744,5831.10025295933,13944.4372961765
2119,7015,7061.20206770038,16247.8533564052
2121,6216,6019.07722697844,13983.3047060881
2122,5930,6058.65782672353,14002.6072880106
2129,6815,6874.78827088414,15699.9210732946
2133,6034,6041.80641168471,14436.8112391209
2139,6397,6329.77499581793,15049.8895069641
2141,6665,6791.68578249999,15106.6833108079
2142,7391,7440.98940523735,16834.5758046891
2157,7654,7679.26327252736,18765.397031939
2162,5893,5823.34502751117,13661.9485298144
2166,6448,6662.09691750443,16083.1205256862
2169,5924,6054.58810672005,13907.9970596732
2171,6586,6533.86406603718,15703.7561399582
2178,6062,6107.73490383428,15274.9204354846
2181,6460,6463.50981234556,15238.5994771323
2183,6227,6276.44836333792,15064.4076866823
2186,7113,7096.42463197337,16999.4566977731
2191,7466,7353.67244351101,15269.2858539264
2195,5891,5888.82688251493,14238.4293834102
2197,5528,5671.69564314348,12842.3558215394
2198,6027,6042.08309504533,14650.8336904886
2199,6539,6510.73239631592,14779.1681025523
2200,5819,6030.04735985805,13431.6803631668
2203,5570,5581.77114835639,12941.2974133416
2221,5554,5486.34852427547,12943.5065247809
2222,6490,6405.01682113423,14402.8194882692
2224,6526,6367.92089074131,14835.4793426034
2225,6512,6382.07850059545,14939.4863561943
2227,6530,6411.55311236096,14880.6013040758
2232,5778,5760.40756613035,14114.8512056622
2233,7326,7183.03117049875,16619.477649483
2248,6747,6901.46695997458,15318.2510458013
2249,7403,7389.58507928385,17431.3315049701
2252,6498,6351.57599263919,15389.0740414764
2254,6649,6650.83099761752,15354.1853329292
2255,6019,6086.69245076645,13753.3416938869
2257,6052,6063.35372416696,13920.3567346034
2259,6518,6611.8152523279,14982.7462043237
2276,6536,6507.98616697041,15662.6596000408
2280,6954,6943.89132289312,15807.0514247434
2292,6550,6435.0033407281,15144.2714202876
2295,6483,6545.02063899944,16467.7209707785
2297,6592,6626.57374212224,15746.5521455687
2302,6024,6110.6983958207,14155.5332718363
2314,7394,7268.96054924162,18223.0979170731
2315,6203,6304.58105658684,14464.1497468014
2326,5600,5662.36318342759,13024.7338364977
2328,6318,6339.22020564568,15095.2007213905
2329,6259,6175.50356694256,14353.3754272681
2330,6229,6050.17303967656,14678.4157475689
2333,6456,6452.15697417786,15229.0117266787
2337,6635,6555.23375885549,15107.7081126747
2338,6745,6799.3708911815,14895.455633577
2340,5928,5960.9572908997,12839.1315233213
2341,6126,6123.59615579325,13573.6264438404
2346,5655,5780.22443709449,13759.7703467257
2352,6266,6283.71630319828,15152.9313346426
2355,6564,6483.46548597665,15272.958869291
2357,6131,6296.90690126777,15341.0531187306
2358,6411,6315.29561536508,13367.7944386902
2371,5916,5751.13546572989,12879.182046619
2372,7459,7421.49272372339,17938.1853139766
2377,5536,5518.22824899619,13599.7142322253
2381,6974,6938.56017899128,16611.2409582979
2390,6450,6401.52853215206,16301.343066839
2392,5701,5708.21588632826,14153.6945566629
2396,5791,5669.92664345776,13595.4447760375
2399,5755,5768.4073597102,14106.4120919851
2402,6575,6602.6124921744,14682.7675734314
2403,5059,5123.62864066053,12717.5670582185
2405,6105,6075.57071579565,13573.9351454509
2406,5265,5194.21109839619,12762.664716152
2410,6153,6173.36202039086,14735.8655226262
2414,6301,6220.38500016704,14598.5475611951
2421,7000,7008.17729118232,16932.1885065801
2424,5959,5931.5682128103,13953.4466303497
2433,5301,5324.91519093188,13048.788341782
2434,6053,6133.29127714203,14910.8231991609
2437,5806,5907.08698384226,14292.1804759234
2442,5997,5988.11760968749,15193.8512012853
2445,6849,6890.07421891292,16332.5797376393
2453,7891,7967.4783764323,18693.3138531193
2454,6891,6897.60919961296,16528.0532633395
2455,5908,5934.9487146699,14025.1742045553
2464,5272,5287.88611359019,12270.0955272994
2465,5791,5760.46849302909,13600.6449986134
2470,5513,5603.92550420016,13209.022244461
2473,6575,6672.12737434875,15245.3812558268
2474,5788,5709.4658802648,14073.3132434924
2483,6618,6719.99697743151,15587.7274222093
2484,6145,6153.22537022597,14247.2485297298
2488,6806,6834.97665160028,16241.4143656865
2492,6564,6506.07504712539,15590.1074942843
2493,5983,6153.23079256996,14593.5276510505
2494,7224,7100.78332729461,17121.4147445699
2495,5620,5542.58361117689,13360.9349709557
2496,7636,7562.35469651033,16625.1578576918
2500,7734,7687.9022049089,16437.9184376836
2508,7142,7220.53037586696,16506.9215349381
2511,7041,7057.37966072966,15848.8049481332
2517,6174,6146.85327998838,13861.9562588386
2523,6589,6634.02211964047,15402.9843162747
2525,5634,5473.87434000706,14235.0401686929
2530,7084,7116.53924845699,15878.3360388316
2532,7242,7200.79843021475,16170.6056197413
2534,6418,6383.48888444232,14682.5055124686
2535,6868,6894.12192583643,14569.7824476837
2537,6625,6685.39474503285,16032.3851553658
2538,6845,6807.5411256146,17241.1929653198
2541,5447,5541.4162780732,13341.5416066928
2550,6243,6236.63897709537,14362.0631384277
2551,6175,6258.88599265756,14659.6736981207
2554,7488,7415.91513326876,17058.6177309761
2559,6471,6510.35315853548,15256.4717547647
2560,6878,6832.08315937015,15647.0850386855
2564,7142,7044.42705274696,15362.0287669677
2565,7059,6992.39000512608,17416.7160838728
2567,6578,6575.38056288616,15333.9456599183
2568,5899,5858.46212324682,13717.5323707889
2569,6138,6236.80672645327,15267.9701962565
2571,5246,5280.05700051474,13299.6008146114
2576,6144,6173.33755258172,14169.3634880126
2578,6441,6462.43624295796,14559.7812032966
2583,6229,6129.18374815429,14665.8005413008
2588,5362,5484.58413425423,13590.9879462433
2593,6258,6214.89678200928,14515.5757231661
2594,7721,7593.16290239921,17520.2477168502
2596,5700,5602.78300426852,13582.6490234127
2598,5017,5023.65196474177,12204.1542932414
2608,6182,6101.72966698492,13635.2732305839
2609,7482,7426.19458395353,17873.1645857669
2611,6864,7024.86723598954,15905.3325391308
2618,6139,6159.66728442494,15486.0550935299
2621,6309,6120.36436402693,14386.5431553325
2624,6138,6215.5033376621,15023.3750839987
2627,5769,5762.44172077391,14453.8899325295
2633,6355,6324.79836472198,14288.268995879
2641,6390,6383.37838349067,15393.0009554387
2642,6216,6274.1957861376,14937.0144383342
2643,7072,7166.64036105762,15609.7599723309
2655,5926,5976.20736661333,14202.255700965
2662,6501,6436.99383952601,14926.17268931
2666,7486,7467.39251287017,16503.0330908227
2676,5392,5415.46863813953,13450.8552067002
2680,6048,5909.66781549036,12814.4915839403
2682,5979,5965.38628797479,14425.1959221334
2685,6345,6342.11400404743,14526.2408183481
2691,5740,5729.75051211038,13667.9790813593
2694,7307,7363.91099592136,16635.6232844557
2696,5899,5966.90884170956,15296.7430651319
2705,4919,5032.24993609809,11909.7925474231
2707,5557,5601.00654769703,13059.061995556
2711,5873,5846.66688169883,13683.7932048201
2715,5777,5935.80827046609,14520.561831808
2716,6778,6651.77148015466,15890.7265944915
2717,6365,6411.59902181781,14980.1410603657
2728,6319,6440.87823450225,15647.4713496071
2731,8010,7969.91308971847,18082.3897620845
2735,6160,6104.50234729997,13690.7443792572
2747,7156,7226.32261151368,16178.2317863565
2751,6313,6331.64330378024,14958.4769649505
2761,5677,5644.78141607077,13639.4677238667
2763,6373,6303.4641319861,14441.5677467361
2767,6229,6210.74293791264,14482.5520621633
2777,7573,7649.28854280984,17692.7095048737
2787,5636,5681.27537082948,13729.8807850985
2790,5418,5310.24754844427,13398.2018219656
2797,7181,7103.56972416585,17325.906679455
2814,5675,5686.78527397572,13889.138212898
2823,6380,6309.65876325734,14379.0734205586
2827,6722,6806.33188943048,16114.1138400749
2828,6755,6852.01204559223,15325.7232004141
2834,6274,6248.27455159861,14624.9580828081
2840,6605,6564.81235526835,14701.8743589833
2850,6617,6670.84939482753,14869.7214162016
2862,6683,6721.87869789793,15025.8676299057
2863,5468,5502.20838118398,13672.7608770319
2865,6258,6334.20296472399,14388.0558760417
2867,5761,5857.11079856399,13862.8720989625
2869,6918,6854.98042534954,15022.1950033166
2875,6166,6301.95386176309,15274.4018363231
2882,6223,6259.58704307898,14287.5483832751
2883,6089,6137.23061726495,14545.9916395511
2884,5602,5540.70362253962,14336.2095165098
2887,5561,5557.20765595845,13022.2057072485
2896,6410,6391.05626975042,16044.3069795293
2897,7036,6897.83174383489,15890.8822613042
2898,5562,5556.24746091541,13666.3892064541
2900,6289,6301.14727699225,15471.1996399678
2902,7857,7864.35442172625,17396.5298639065
2906,6870,6936.46800191002,15485.5307114914
2909,6697,6657.74979023471,13920.8022412213
2913,6308,6296.19505018196,14143.3015196559
2916,6540,6603.28312917739,16334.0169518494
2927,6245,6376.00377894248,14233.4690996233
2928,5881,5751.16810024243,13480.4890934767
2930,6269,6287.82769607469,13765.3994580592
2931,6378,6491.85877421808,15704.3202959488
2937,6634,6717.13173725532,15867.7868815233
2938,6051,6075.85601005872,13522.9966711486
2940,5871,5723.50267612112,14295.6634108531
2943,6007,6176.06238065187,14301.1461597469
2944,7647,7542.83208177878,18020.3583654976
2950,6479,6436.4904804268,15058.6856178797
2954,6905,6919.42933903628,16622.297989804
2962,6748,6629.00326142211,15223.8391602898
2968,6273,6219.5361915823,14400.7597830144
2971,6090,6047.76390058964,14289.5632054626
2975,6367,6327.35952517439,14605.9828309809
2976,5487,5514.11924381058,13647.6203553842
2982,6375,6449.66605911644,15079.4897369548
2985,6543,6565.9295805318,16054.8484960318
2987,5973,6139.70712212778,14183.2201261163
2990,7179,7121.62623585619,15187.4347074089
2992,5611,5662.01115852665,13717.761917706
2995,6445,6459.54520724436,15085.4072748206
3003,7468,7308.72777918996,16682.6990125024
3006,6106,5956.15548256741,13346.276575316
3007,7429,7221.81596103748,16268.8989593629
3010,7023,7096.4611681689,16589.4452990909
3012,6409,6553.60422483138,15245.7043771884
3018,6061,5936.01700357397,15453.6487143312
3020,6208,6179.69204346194,15096.2141458103
3023,6971,7011.51021154996,16729.4667881779
3025,5708,5803.82085911669,13534.7028636506
3032,7157,7093.33008484346,15436.946002394
3033,7006,7184.24823494856,15328.4680194314
3034,6418,6471.34905595756,16043.776620056
3036,5974,5976.71607235094,14479.9381211248
3038,7338,7293.22816838582,15145.434430787
3039,6708,6740.09297104006,15709.7942184096
3042,6044,6097.44954934551,14854.8921673823
3047,6764,6836.06676169269,16269.946854835
3049,6512,6527.10671378556,14851.2459134357
3055,5411,5290.12113582425,12662.8550093887
3064,7977,8044.43595645168,18123.0281911069
3067,6116,6212.52945263158,14065.43936324
3068,6684,6653.78482558858,15686.2431453543
3072,6513,6515.44707083187,15146.506436928
3075,6653,6502.56499241996,14427.0051070532
3077,6170,6081.7726977485,14098.8959096086
3078,5225,5156.51234521046,12030.3997124183
3080,5714,5800.24125631784,14299.9727262063
3081,6614,6530.10084978469,15576.7848814309
3094,6067,6156.94320272338,14212.9226992508
3099,6413,6400.59155671786,14291.7061199254
3103,5953,5851.74131735094,13844.164504493
3104,6213,6426.12179274529,13993.3401629481
3114,6817,6739.4371164552,14756.2706541202
3117,6832,6807.20583271614,14666.6265285285
3119,6789,6861.72997837758,16228.5741068619
3120,5215,5244.03248519074,12699.2616423672
3122,6542,6508.1147945739,14925.4097190055
3126,6030,6075.36369293312,15083.6795073007
3132,5800,5960.30768839377,14091.1703515289
3138,6284,6433.25755573312,15002.8352515039
3139,5988,5884.20086253611,12973.1040192811
3143,5745,5844.44049812042,14232.4180864015
3153,6909,6932.64790483875,17052.6667143074
3155,6052,6174.38853511244,14479.8511197024
3156,7779,7748.2790395421,17415.6530983505
3157,6474,6460.7222217852,15704.3450619125
3158,6163,6209.84561763678,13776.3749292036
3165,6244,6204.13342237744,14968.1416428573
3167,6714,6692.71504412455,15531.8934520232
3168,5604,5620.82617963815,13044.6090198436
3170,6175,6208.46971584725,14910.0190278006
3172,5835,5919.09149728335,14389.3380314643
3174,6425,6405.83075346267,15651.3043843619
3175,5797,5718.89524732563,13904.6242580377
3177,5611,5716.90356154051,13696.723900645
3178,6125,6035.71320991241,13227.2242052111
3181,6399,6489.50118109669,15018.8091874443
3184,5832,5934.84830111656,14380.8268440017
3187,6646,6631.83683058505,15168.4675905131
3190,6010,6041.67160259365,14734.1001168823
3193,7516,7285.17074571351,16062.6785198684
3194,5877,5898.73396310887,14579.0667022294
3196,7056,7164.69945957614,15823.5622230683
3203,7550,7459.1831972504,16436.2105118852
3210,6638,6754.46372893333,15815.3506565402
3212,6301,6404.01641050478,15358.2274635488
3221,7267,7271.06870781358,17922.6854714323
3223,6983,7111.07887702863,16508.176964803
3224,6067,6110.87758784497,14246.8201691091
3228,6442,6435.16624601943,15937.3787033669
3229,5824,5787.68214963713,12899.7180707829
3235,6852,6914.15619576565,16485.5008434814
3236,6907,6876.72050749595,14609.849597538
3239,6280,6223.02963141935,14380.2480488359
3241,6033,6033.15926171853,14083.1805838609
3242,6416,6272.79541472083,14878.5174625106
3243,7039,7107.11399002266,15271.057608635
3244,7662,7584.28132719943,16908.0714521841
3253,5489,5531.41782357156,12617.2036479163
3257,8041,7971.69222709427,16786.2895403267
3269,6530,6543.60756359851,15341.2957960441
3270,7028,6982.40990591123,16411.6315285352
3272,6021,5950.47355519757,13964.7171232417
3275,6190,6162.55736163685,14367.6962152953
3279,6005,6058.5174053409,14458.4272623152
3282,7336,7309.78846953124,16425.4027668917
3285,6642,6744.42648531809,15113.054685745
3287,7520,7495.2936343719,16082.2920369743
3297,6366,6458.58078153776,15361.1273183786
3301,7956,7784.83663310013,18280.8167063835
3303,6306,6425.27507676534,14213.9165970323
3305,6397,6428.91432805511,14729.0870595272
3306,5587,5668.99583168056,12943.9625788301
3309,6627,6793.04590158752,15844.7781660865
3314,6184,6232.78428756634,13624.8632257267
3315,5508,5543.90906366853,13794.5841098136
3317,5424,5430.68252886734,15022.1767750291
3320,5548,5479.21968004701,13014.9002764893
3323,5762,5659.22407717863,13551.8525753839
3328,5821,5747.44589347571,13377.8629594359
3333,6394,6328.94684810421,14944.7050513727
3335,8133,7950.77980226104,17932.0978186972
3337,5963,6074.18880267806,15041.4609594267
3338,6050,5964.70858671126,13896.1766672712
3339,6867,6944.4600015617,16937.4106835682
3340,6163,6158.95533803473,14936.4854929308
3341,5956,5992.28915590774,14472.9923000311
3343,6336,6364.69725426463,15782.8807187344
3350,5638,5673.93744855551,14800.2946610765
3363,6443,6377.09176673034,15117.4937158775
3364,5599,5445.38606627813,13276.6881777343
3369,6901,6919.62208717484,16338.5980990929
3372,5871,5813.10904356347,13765.3028124589
3374,6545,6525.67588044264,15866.4323107097
3375,7352,7314.1928239059,16878.7973276585
3379,7099,7087.01597022485,16051.6163224554
3384,5792,5797.79426148756,14086.9228558
3400,5773,5802.87681456234,13826.032364571
3405,6516,6509.35650203015,15261.8078694108
3423,6053,5966.76710733233,13902.9334303275
3429,5487,5616.92181351204,12874.503536482
3431,5808,5809.48879667608,14800.7009952885
3434,6888,6945.42896158593,16422.446897407
3435,6060,6133.2036096806,15135.3519698829
3436,6060,6085.07958479294,14339.1888250785
3439,6864,6944.49989601357,16249.2507104812
3446,5686,5678.72491785397,13267.2034380692
3453,6835,6738.66441124191,16368.2898407403
3464,5628,5673.75381865919,14511.6751751684
3465,7287,7190.65269222006,16201.2579995011
3470,6097,6034.40704521735,14025.0895349568
3473,6083,6300.58722166226,15269.4126815285
3474,5967,5865.0360038714,13386.9086299862
3478,6381,6567.46204250139,14587.9080008019
3479,6534,6413.6896082508,15978.5339608862
3484,5639,5784.71341489462,13878.9605490786
3485,6955,6853.64114822364,15997.4289785277
3486,6217,6333.43033903263,15167.6037166708
3489,5910,5996.63404651923,13763.1037113352
3490,6711,6705.3195038564,15017.3098684219
3491,6601,6701.82506388545,16363.4430416346
3500,5847,5775.50345485703,12895.1820294452
3505,6158,6127.34533937067,13249.9196073062
3506,5774,5665.20272614139,13416.5259273783
3509,7046,7044.89135587308,15845.7414052408
3513,5915,5980.08459448533,14157.0067029097
3517,6464,6388.16722527068,14743.8101978762
3520,6621,6606.7145625006,14722.1588215731
3521,6968,6828.61475362908,15679.0118646097
3523,6379,6513.86974193606,16150.02158603
3525,6884,6918.00756168487,15335.646005754
3534,6536,6368.77462128942,15924.6460881922
3542,5837,5784.60755752068,13911.0380561657
3544,6582,6579.40298507028,15413.7218479885
3545,5575,5642.16759377468,14604.3068973915
3548,6392,6320.34216586096,14346.6432206915
3551,7039,7007.37959926758,16313.272818932
3553,7535,7464.81461105512,17405.4137779125
3555,7755,7933.04400359423,16603.0299799693
3556,7119,7186.6479135591,16167.4763742303
3562,6064,5989.69019337065,14229.8804667895
3568,6144,6169.46042249591,13865.8340471412
3569,5815,5876.11593310979,13588.6770187854
3572,6043,6053.81777437496,14118.0091310385
3574,5599,5597.83575777875,13117.0802554227
3576,7029,6854.42904662247,14974.9143104097
3577,5977,6003.46639764225,14765.8573892168
3586,7839,7735.67042187313,17456.192833398
3600,6510,6468.91220080084,15094.3133537319
3606,6309,6359.52066012883,15154.4842967301
3609,5682,5827.58555668944,14010.9453332567
3616,6202,6205.64638121354,14439.0214403757
3618,5517,5568.13979835367,13667.4247151102
3626,5932,5882.73035043959,14002.0141325978
3627,5878,5805.62030866688,13881.3461922743
3630,6987,6963.71581050256,16385.474725812
3631,6744,6659.81825356782,14582.0129349519
3640,6686,6657.6864727032,15212.8586908793
3649,6447,6658.71741264173,15599.129593519
3651,5906,5822.26079444041,13980.4288836973
3652,5872,5870.27004510348,14737.673650521
3655,6122,6056.27395026052,13761.6030205238
3656,6942,7093.29370303992,15641.3487260308
3665,5437,5502.25845836871,13859.5692272536
3667,6155,6148.07857316208,14739.718341278
3668,6151,6110.19332065864,13835.740606221
3671,6851,6876.71448574839,15734.9050543935
3677,7139,7049.77197680397,15687.4163418128
3679,6092,6073.35363213551,14375.8104962558
3680,6179,6017.66441119858,13815.3059733461
3683,5402,5510.04877009504,13061.2004650264
3690,5829,5799.78864548388,14252.107496994
3691,6341,6274.14615252835,14672.9443357574
3700,6810,6721.8442371576,15833.8338847559
3701,5428,5359.35902437865,12789.1347557989
3707,5035,5003.30968819322,12666.0208643688
3708,6559,6531.77818135923,15309.8819565077
3714,5898,5918.02645079908,13949.5908289659
3716,6266,6261.84149955518,15239.6923069661
3718,5573,5516.91348146545,14281.5313828047
3720,6538,6471.59405017247,13955.9331239854
3722,6548,6463.20308741358,14551.0875115765
3724,6064,6028.36137486414,15636.2399213549
3734,5696,5745.70939038032,14130.5323448276
3744,6778,6634.90543545961,14800.9696099477
3746,6908,6897.89447034069,15741.569723584
3747,6437,6421.35464953406,15952.915873458
3748,6097,6096.84916842941,13625.6036423259
3752,6271,6354.56990198716,15574.9540395232
3755,5875,5987.05508293556,14063.3371200388
3761,6217,6099.86987228573,14259.0344916963
3764,6368,6464.41972380697,16415.6411858077
3766,6215,6385.22250000912,15345.055651799
3767,6814,6903.89836324195,15620.2458186972
3768,6240,6207.99542660976,14787.6927071402
3770,6671,6701.00871511291,16093.5532211466
3771,6005,6124.71310373871,13891.5221297181
3774,5254,5413.36770225757,12380.6610558576
3775,6200,6184.17378488721,14624.5279224072
3781,5625,5631.66651807993,12999.3187712008
3794,6495,6380.43937787616,14907.8824356886
3795,5792,5739.19744435175,13264.9479369937
3798,5389,5377.14977901466,12487.6184452649
3801,6937,6928.00904333146,15671.7946005496
3807,6170,6325.62599432374,14310.9562328982
3811,6556,6655.59695312911,15973.2992942282
3815,5841,5830.51474608768,14917.7349656545
3816,5581,5571.63463616185,14525.1541330822
3819,5410,5446.82744330509,13193.4442570818
3825,6393,6426.90684319996,14073.0967329295
3827,6102,6135.50036913432,14427.8048421541
3828,5925,5916.91224796202,13953.6014134028
3830,5661,5613.2955741562,14052.1523562745
3834,6100,6042.15068995689,13398.3560612995
3835,5765,5840.50291938171,12803.4268637727
3836,5998,6033.88016759009,14199.8639424749
3837,6272,6263.72224790948,14118.1093233346
3839,6290,6371.805535999,14567.939980731
3841,6047,5929.79434582066,13096.4045579871
3846,7417,7444.6833469797,16916.4257766859
3855,5367,5246.30526866834,12684.3581799133
3860,7046,7297.80415684697,17605.7412751584
3865,5821,5720.30697218773,13073.9520683212
3870,6056,6098.04580115138,13877.4293996335
3871,5562,5648.88063837243,13212.5703358384
3880,6111,6157.54034019586,14451.3178996367
3882,6571,6598.62678980545,14631.7658152917
3892,6165,6076.44876453019,14489.7849297557
3893,6664,6540.43166278834,14697.7512358087
3895,7672,7534.58861817702,17282.4870864329
3896,6061,6093.84895190967,14328.6123942057
3901,6238,6355.27820643543,15227.5792444484
3907,5918,5850.29528561609,13608.9470551049
3910,7000,7015.66522285356,15981.9252149844
3915,7158,7130.6284381528,15969.3147250548
3922,6382,6479.3864743174,14554.2522293612
3923,6280,6207.06080837151,14049.2655349343
3925,5974,5932.73023464635,14513.3930841056
3927,6021,6061.78312068289,13874.5871000945
3930,5839,5855.39486357181,13662.3452344745
3934,5834,5860.91317213352,13237.9226495753
3937,6833,6821.35563751989,15215.2835062158
3942,5545,5499.07978752888,13650.6935785397
3950,6707,6574.00044862151,15133.5182202632
3952,5221,5275.14052459384,13640.4662055448
3953,6882,6708.5462661683,15503.2209790979
3957,6542,6479.32701355819,15640.1807391892
3965,6731,6714.62808246287,16386.9822704416
3966,7323,7179.08576213664,15802.7934679485
3967,6571,6670.56018420019,16775.7570940559
3968,5940,5980.95994850097,14068.2406234938
3969,5893,5862.32367664549,13884.4155759076
3972,6109,6013.31824848922,14021.4681507848
3980,7642,7507.11431545593,17097.7143238188
3982,6085,6124.49885125084,14605.4923435903
3990,6078,6147.11831572881,14336.7938215252
3991,6229,6243.87383609957,14948.8657210755
3994,6900,6709.98836547601,15210.4500074421
3996,7800,7719.27345149745,16748.6836935196
4000,6646,6678.93478074561,16069.3856960199
4001,5516,5423.69265081024,13736.3434044227
4003,5814,5812.93437569593,13531.547802984
4011,5939,5886.8870951056,13189.6770285793
4013,6106,6022.71111632057,15089.9744198077
4020,7087,6992.38503859112,15268.7596891345
4023,6113,6237.95598886461,15132.9558742157
4026,6517,6531.76757756766,13642.573487651
4028,6340,6432.53864968209,14763.8264060146
4029,6884,6821.37872481556,14852.5984457806
4030,6125,6125.27569915647,14455.4052990299
4036,5377,5453.21835904342,13256.7006090496
4038,5978,6014.07074731285,14671.2202031155
4040,7103,7067.51738238101,15967.4246675723
4046,7797,7709.02324099049,16713.6412943474
4060,6414,6275.39105713471,14124.4375724583
4070,6681,6699.46426542741,15524.0697541034
4071,6450,6557.7146606239,14196.0737808248
4072,6413,6364.70648826347,14527.5672823187
4085,4636,4740.55353268824,11856.2157338873
4092,6021,6082.55990501595,13921.0531020022
4096,6221,6105.36520440321,14694.6978963278
4097,5614,5606.6357001282,13134.0929588012
4105,7130,7114.22851232267,16159.8414089726
4107,6719,6865.0624866095,15414.9337664555
4109,6626,6662.59163336588,16645.8469448698
4112,5323,5226.6599126618,12220.5550694061
4115,6234,6220.97557310852,14943.3166353077
4116,7098,7060.82078001525,16504.1890290632
4117,6364,6439.22461550576,13655.9571852858
4141,6316,6330.75262820135,14478.9146024386
4147,5565,5595.29567831115,12797.1316279737
4150,5840,5895.1829302754,14665.3294918825
4152,5254,5165.90702713582,12721.9422212685
4160,5907,6043.3702866366,14221.7953320726
4161,6859,6777.76466969503,16745.3128292368
4168,5459,5561.61011077914,13996.8413072605
4169,6166,6147.76009986311,14479.0607396066
4171,6457,6430.4219415334,14972.6672532813
4176,6664,6564.33133913681,15465.5806221895
4179,6251,6282.32923575014,14489.2231147436
4186,7093,7246.93408542095,16322.6871972901
4190,5153,5066.11586172234,12245.0363553002
4191,5875,5975.19649143497,14323.5304667231
4198,5474,5319.73734285649,14028.1062668174
4200,6724,6882.92955344618,15796.77442851
4203,5672,5594.7873324796,12649.5412050916
4205,5594,5631.31381664089,14127.1250779174
4208,7033,6921.46380392828,15576.8385326101
4217,6520,6464.13754013576,15027.2142967578
4221,6590,6634.06487349032,16297.8883590543
4222,6288,6302.97553427443,14062.3262349743
4223,7077,7184.30914151371,16538.6789417051
4227,5290,5382.38548357703,13252.539473563
4229,5737,5806.64720644118,13514.7948932581
4236,5447,5551.64643877964,13518.4795651195
4241,7374,7368.62006431153,17146.5638611737
4255,6692,6653.45073206543,15009.0020533685
4256,6287,6288.75586098463,15641.2476608902
4268,8154,8093.91010727141,18225.7909194163
4270,6436,6404.97139698431,14703.7254737129
4271,6437,6385.68433753899,15353.0914804344
4272,8339,8271.56894409239,19562.2005020911
4279,5544,5584.62044213259,13262.5445970736
4284,7604,7606.29699446832,17180.914054575
4287,5769,5750.02552120183,13994.1054201328
4288,6290,6364.26414157354,13791.8741206282
4291,6872,6704.25261370245,15334.6213594539
4293,6229,6253.52600571598,15129.4713563454
4295,7274,7135.21405572885,16136.6756902694
4296,7125,7180.44534122042,16359.7403744696
4298,6137,6155.68431803784,14866.1613248894
4313,5559,5534.73631401704,12773.8283605624
4326,5898,5969.97147652438,13983.2723055754
4339,6189,6153.56469921387,13541.6250022539
4343,5168,5189.34531280787,13119.6446982795
4347,6536,6567.78238872309,14481.2144021869
4350,5758,5764.59336284148,14518.8351595861
4354,6143,6018.51971055255,13820.5967753492
4364,5848,5934.18059634458,13645.9158360477
4368,7085,7051.99623584546,15623.0263407415
4386,6523,6480.48918967825,14204.9849834385
4387,8556,8461.45834378893,19077.8411305135
4388,5685,5558.18757389985,13969.3277333763
4391,8011,7906.64210271083,16704.3177738062
4393,5759,5769.28664418877,13707.233659459
4396,6032,6036.98714697704,14481.8652117932
4401,6300,6292.6392365581,15111.4105648524
4404,6912,6818.85180833361,15147.6854141946
4405,6550,6554.87136093016,15408.6601751251
4406,5600,5624.92440529046,13007.8753230285
4407,6398,6395.63796719724,15975.1140878363
4412,6756,6696.41019305229,16065.4033976239
4414,5535,5764.49744603324,13213.5348975918
4422,6795,6706.62158976091,15685.0128953523
4425,5795,5720.67826303472,13949.1389532246
4428,6231,6167.82410591249,14328.8008759892
4429,6516,6711.60332751251,15811.0324885052
4440,6886,6736.47372865585,14598.1551187131
4444,7135,7118.31199443189,15879.6997392989
4446,6255,6341.8594892864,14375.8014061646
4454,5953,5951.69236698851,14945.3402742963
4457,6007,5948.3489339875,13790.2561336794
4460,7009,6959.06760808036,16082.6044898567
4464,6773,6747.52127582705,15418.1775287935
4470,6978,7081.9331842934,15722.1442717023
4476,5767,5817.16491797142,14185.6067375391
4479,6557,6501.41786168727,14365.674921841
4481,6765,6711.84000987323,15920.3022028331
4485,6789,6830.68282233487,15650.0340585424
4489,6790,6870.30599092471,16424.7984274405
4493,5761,5712.23723753891,13075.754241142
4494,6022,6073.18626877264,13932.9333120454
4497,6571,6482.67412074704,14715.4447715219
4500,6689,6596.36268572121,14571.2774867497
4505,7050,6940.01532877135,17156.1701022422
4517,6468,6548.96564603189,14794.5412261998
4518,6702,6624.85647931339,14815.5076354565
4529,6306,6313.09449358758,15147.7252452466
4538,6707,6731.66817677352,15662.4909618326
4539,5728,5677.73201114988,13282.3505791724
4546,6428,6423.61122557473,13865.6637040591
4559,6824,6818.65415965631,14691.3045328633
4567,7086,7004.59314484524,16761.1110417595
4570,5366,5300.26599995665,13687.6792697513
4577,5767,5802.19289701011,14377.4119040758
4581,5646,5790.18917854975,14002.287386381
4582,6318,6264.06208867874,14830.1413628559
4583,5852,5932.46850766528,15202.0706722018
4590,7374,7447.41772677839,16646.866151616
4592,6886,7010.16317782906,16306.6033437533
4610,5800,5768.2319391576,13751.2876236597
4613,6462,6401.98970617743,15115.4801429665
4618,6383,6338.14376082085,14763.7475585159
4619,7003,7133.41978355841,15087.4877344293
4620,5931,5970.35364387689,13733.1312984362
4623,5766,5840.77536507534,14468.4489400167
4628,6298,6199.60930048627,14476.7905224596
4633,6487,6493.21471120162,15621.7926761941
4634,6762,6733.3922242252,15733.7275047988
4635,5705,5881.41421087327,13982.3304473191
4638,5854,5798.37992409176,13437.1261595616
4645,6612,6551.44720385455,15680.8684840636
4646,6610,6575.86246262225,15077.438497921
4651,6495,6500.59460389098,15144.5808211378
4652,6106,5996.12937375713,13778.5901063494
4655,6571,6625.86897454499,14673.3036594504
4656,6562,6492.35913726132,15347.4012792748
4657,6662,6763.09537566921,16003.9159607423
4659,6576,6488.61596575992,16336.1118659497
4660,6118,6259.7474630256,15008.2601243175
4661,6461,6416.68092871121,15353.2336484638
4662,6035,5934.76852267979,14419.6156011096
4669,5748,5791.22835461579,13471.5129875741
4677,6542,6528.76512303525,14378.3992517386
4678,7655,7707.88329578355,17597.8150236854
4679,6024,6117.4624607258,13676.7911308897
4681,5173,5164.54750167527,12979.3710264252
4690,5896,5925.59325580919,14635.6713657057
4699,6184,6155.39689766042,14992.5860513814
4700,5873,5861.67816550748,13592.555111455
4701,7053,6992.94601671332,16165.0420619247
4704,7303,7394.17660781632,17578.4607728557
4706,5440,5555.97412516859,12985.7941580501
4714,7469,7454.50650887357,16717.0745152988
4716,6928,6949.53996175692,16500.8112674923
4718,5895,5789.32692669248,14052.5093253405
4724,6716,6629.64078533874,16563.8623177293
4730,6715,6774.04266585039,15963.0876297896
4731,6291,6370.26007520879,14519.8484714797
4733,6208,6241.58669696916,14073.8125934386
4735,6965,6998.53615686185,15065.1153893722
4736,7108,7210.02475368058,17180.2415834298
4737,6427,6398.35125788359,14507.4764134119
4745,7851,7800.6336793987,16473.5594684069
4746,5552,5779.87650238401,12466.4319102505
4747,6751,6688.19104190532,15085.0819674739
4748,6914,6763.28466058462,16297.8824936992
4749,5389,5395.89078168363,12614.7969247286
4753,6505,6613.91480636145,14974.0695917674
4757,7044,7023.40390616566,15548.1196400089
4763,6125,6101.75938496706,14614.3211049957
4765,4685,4765.72655750085,12193.1629381992
4772,6434,6506.91168143514,15532.085275544
4779,6146,6223.6379289212,14792.9725036442
4793,6795,6834.27161292785,16013.9846293732
4797,6209,6307.99495919666,15415.8568802715
4799,6909,6872.61877036217,15199.1696900951
4803,5822,5914.03224780827,13700.2183347365
4805,7511,7520.46022377611,17535.9500081351
4806,5908,5776.07771574288,14270.9295550793
4808,6714,6638.86566803161,14323.2773360183
4809,5413,5479.29979486478,12634.2073720651
4812,5943,5842.54657453507,14560.9851600963
4815,5614,5623.22439694403,14040.3395736814
4826,6717,6759.56940889763,15494.6393109861
4829,6099,6152.94485373094,14106.7780679586
4830,6559,6559.63396195905,15172.3481076385
4834,6724,6597.8768873027,15827.6475547815
4836,6568,6554.14200320437,15402.5155163584
4840,5406,5437.98048492758,13824.4075042406
4844,5493,5449.57953716036,13155.5267663052
4848,5655,5586.21705323128,12405.8377539457
4862,5940,5905.14954183711,14385.8634465625
4864,6185,6198.97073858335,15173.0431031951
4865,7007,7012.14525205278,15922.9685503322
4869,6810,6912.87507980739,14848.0556109465
4875,6549,6450.14707638283,15000.3310382698
4876,5562,5477.83878728999,13228.6657835917
4877,5809,5737.01101355767,13717.9242300495
4878,6139,6121.3856662486,14809.2583266607
4885,8186,8169.08901268066,18574.397848375
4897,5991,6004.00346548563,14902.7696527241
4900,7074,7098.40104693868,15959.0529626636
4909,6655,6593.0352619762,15267.3729599
4912,6809,6898.11746159457,16914.3735853472
4914,6325,6357.0204844878,15084.1477622284
4918,5894,5984.0892653106,13857.2301797885
4923,6834,6794.15241103086,15605.0357886563
4925,5979,5975.48986673056,13785.8324643313
4926,7129,7337.42206296895,16254.9182459921
4934,7093,7179.12476769595,18203.8413793413
4939,8793,8835.46064618962,18743.6676132376
4941,6728,6641.82546404989,15959.0563222762
4943,6028,6074.57010908957,14920.3920045385
4948,7719,7733.72879196665,17686.8591204042
4950,7514,7448.42377366513,16988.8259335699
4957,7495,7587.58376551939,17505.1207473834
4958,6205,6304.18864697798,14835.4168536906
4960,5811,5794.40868262273,14039.5878537828
4963,5576,5677.3824433523,14003.6837950715
4964,5697,5593.22006725026,12912.4760041404
4965,5915,6063.82294673792,14341.7806485773
4967,6546,6639.69449403845,16027.9190625176
4972,5128,5059.18933437827,12148.8465243936
4974,6310,6333.04003458592,14770.2252703579
4976,6077,6067.02738268927,14416.4658040071
4989,6449,6432.76020151991,15962.0241131284
4994,5946,5808.82524488664,12745.4412936276
4995,6644,6601.47510913157,16072.4214892733
5002,5895,5953.45066947401,14370.5223320967
5003,5702,5764.01309798781,13976.7842539975
5010,6195,6193.3505057498,15319.8952154232
5023,5720,5814.99266924992,13345.9358334879
5025,6290,6265.66531970714,14024.0925663225
5038,7914,7905.24890176544,17401.8275282871
5044,6080,6054.69925567514,13601.7552345998
5048,5944,5866.80576754642,13575.6409858162
5050,5957,5840.85934162102,13990.2474857557
5055,6404,6280.4894278998,15071.4058903645
5061,5406,5333.4094120443,12441.604970898
5065,6643,6670.1897593067,14970.8862942935
5067,6609,6655.08868718564,16090.1618165543
5069,5625,5691.78733460396,13225.8303099525
5075,6028,6071.75106831096,14530.0674758997
5076,6544,6580.01495363661,13871.5939663979
5077,6600,6753.74848702884,15944.1210242995
5096,6087,6096.69421750449,13918.7046181075
5113,6124,6206.822827622,14254.7217085699
5115,5858,5814.44391844637,13512.5303216306
5117,5494,5482.32597506149,13207.1944457792
5119,6914,6851.57592413543,15848.5157689454
5122,7297,7365.75130357994,16156.2089999623
5125,7360,7267.84073955195,16498.4828451127
5127,5734,5686.2440900149,13002.338977807
5135,5249,5117.37308838085,12008.5800789563
5146,6576,6750.06108533009,15382.6006896656
5155,5397,5405.3515389455,13035.7928932433
5156,6345,6325.64301970176,14759.3796728253
5172,6768,6893.36751499713,14947.6001141741
5175,7374,7373.88630845142,17329.1166328231
5177,7928,7921.85748640637,16939.9055046316
5181,6014,6044.62721629251,14586.5035720575
5183,5878,5825.80856169592,13389.7071989887
5186,6851,6781.49572973237,15733.7221439771
5190,6372,6360.22780650115,14931.0138621675
5202,6785,6842.55338110521,15475.7714410378
5203,5670,5815.33469704232,14063.5167255078
5205,7625,7590.7476776924,16441.4572319924
5213,6540,6547.7376384022,15536.4819291682
5229,7116,7180.79625827614,16415.8417756316
5230,6706,6915.71600929714,16376.5531652826
5231,6447,6352.89895089932,14546.1596759822
5237,6796,6869.2731693675,14754.5129690775
5238,6736,6626.78051082875,15248.9123022499
5240,6536,6452.06746696003,15860.3267288964
5245,6403,6335.06226225628,15135.0323188284
5248,5943,5993.42517078751,14314.1166066548
5249,5770,5890.20174028828,14680.4397127795
5260,5697,5770.77177484337,13277.8160945526
5261,6669,6562.27303467798,15244.9380660338
5275,4648,4680.91017877518,11850.9822087211
5281,5427,5359.24008241732,11789.3552908206
5282,6904,6851.22974079843,15290.3088314558
5284,6698,6677.23669099879,15190.6346467338
5287,7173,7061.35325601443,15427.445545556
5289,6377,6368.06630311789,14972.5054284159
5290,6267,6279.28675499153,14296.271947845
5301,5687,5468.35028193334,13170.1394391545
5305,5516,5606.46423764554,14042.7999197472
5306,6024,6100.54904039102,13984.0066136631
5311,5426,5476.12627484552,12103.5295535069
5314,6426,6405.10965701793,14297.181535495
5317,5729,5710.61183066736,14286.7406496732
5319,5829,5851.90714393004,13342.4428374523
5324,6731,6700.90105473498,14841.5378739631
5325,6944,6903.47331862641,16345.6806393742
5328,5612,5539.07221473204,12663.1374642477
5333,6441,6396.99911185811,14895.4601202962
5335,6448,6625.59864012296,16436.9248315068
5337,6764,6708.75795057135,15198.2393695642
5338,6190,6170.41184218925,14742.2248420653
5341,5876,6050.48926968783,12731.0987655103
5342,5203,5240.79931696256,13117.9903824589
5343,6650,6484.5492571688,15450.3594565823
5344,6958,6950.1429137925,16416.5206606702
5354,5849,5943.59792974339,14467.5737347643
5359,6585,6641.96604881881,16192.3954743427
5361,7231,7361.86680725228,17697.2657684348
5362,6824,6688.89798571067,15634.7185698687
5376,6273,6261.23357834254,14867.5748270068
5382,4962,4981.71350311972,12528.1233403759
5386,6079,6121.31770777252,14459.5005870627
5387,5566,5581.24617346397,12889.6697215204
5388,5576,5603.91987606237,14066.5711819145
5389,5754,5800.19835520056,14263.2449997573
5390,7069,7019.54925010588,16993.6751597796
5402,5194,5184.36644161799,11964.0647201016
5407,7447,7374.50528138309,16801.5116867547
5412,7348,7247.43883525326,16422.1395722689
5414,5852,5875.95613452399,14286.6089596433
5417,6693,6558.205227561,15452.6376760633
5436,5739,5655.24738883558,13935.2707353094
5438,7260,7348.58568676122,15823.7959498767
5440,6459,6455.96324821162,15789.2712346674
5441,7048,7032.87224134238,16780.429079046
5449,6113,6057.97912610319,14516.1459748623
5451,7050,7040.59652752177,16231.1524548461
5452,7562,7431.85164297825,16866.3943328505
5465,7464,7523.52474575602,16881.5644848921
5467,5893,5838.39243453617,13799.7698764273
5469,6291,6438.67654898373,14203.3809588712
5472,5834,5777.75863512007,14582.9761171431
5486,6024,6096.56133511866,14350.8426467371
5487,7191,7222.60574280949,17200.7991706731
5488,6765,6708.57371294916,15118.9570474919
5489,5866,5938.40933762862,15324.5713078303
5499,7174,7162.28735110292,15196.3188314001
5501,5786,5750.2271683578,13302.6626388233
5505,6435,6430.61566287043,15627.6493567535
5507,5163,5231.77913509104,13567.371675574
5514,6386,6510.35468963915,14883.1615497964
5522,6883,6940.26803327363,15068.2080746898
5526,6463,6458.81584782128,15658.9508417729
5532,6406,6249.22007711166,14578.0053834501
5535,5825,5815.19404511838,14278.9777468484
5537,5920,5956.90126134623,13816.7430376801
5538,6043,6043.92499644295,13367.7712430951
5539,6140,6138.58322504581,14755.987313468
5540,6318,6504.07150806845,15255.7378855608
5542,6958,6888.84812312688,16711.3661864814
5546,6573,6569.17115990093,15935.1409587148
5549,6530,6432.50107971562,14320.0264468536
5550,5790,5796.49901042637,13178.1863197337
5552,6839,6735.50516702247,14028.3290286274
5553,6885,6859.13461418975,14546.1215686462
5560,6700,6772.55683258832,15789.5322033672
5561,5754,5877.05092818241,14128.9966785338
5562,5812,5906.37050852633,14635.6615589659
5568,6388,6478.27338957411,15810.5066997597
5578,5897,5923.99803689911,14202.9595526581
5580,6681,6598.45498124546,14971.832222454
5585,5776,5644.19674206046,13382.5219595239
5594,6001,5990.22416246396,14137.6458765743
5596,7171,7282.09488409827,15430.4030038592
5599,6027,6078.59552913999,14815.1549882032
5603,6852,6598.57650572999,14857.2775930514
5609,6587,6511.14741350578,15011.9907944187
5612,6071,6173.29698038369,14497.1945950293
5623,6231,6258.42090648935,14546.7224252188
5628,6204,6142.1600378197,14619.1433352031
5629,6077,6068.79448863846,14319.6398681353
5631,6321,6344.89384027572,14533.6918537549
5642,6887,6908.05469626375,15947.0619564856
5648,7007,7022.02184762363,16097.0749232058
5655,6627,6630.47496915413,14752.6019259674
5656,6283,6334.58607853346,15306.4447892455
5662,5983,5995.68616548153,14206.5162971374
5663,7545,7527.51091766296,16116.5241864067
5664,5569,5617.07725661879,13369.6039641416
5665,6315,6274.97118552101,14922.7918587324
5674,6109,6138.25882416423,14650.8867402982
5675,7113,7109.28432019781,15977.6315516489
5678,5894,5773.41215412146,14026.5871075244
5681,6016,5991.12890266752,14656.2106002285
5684,5556,5621.11169465906,12501.2954981119
5685,5961,6021.598065775,13819.866289933
5688,6162,6181.51676065224,14834.9097764342
5691,6734,6786.11459453352,14448.9296863841
5692,6317,6243.09046104059,13776.3468173705
5693,5469,5541.32611658876,13484.8289633335
5694,6032,5889.28552064378,13677.442791718
5703,6359,6316.10211108891,15387.1993839871
5707,7241,7351.0776805715,15846.0418962254
5709,6212,6207.93875877288,14960.3257411884
5711,5713,5701.45333655819,12918.5648094752
5712,5527,5447.225699003,12980.2099163491
5715,5815,5782.883238866,14065.4992333901
5717,6848,6761.78600696614,15247.1143194475
5722,6801,6851.9471520626,17319.8943782498
5724,6763,6660.86236011418,15197.2755986384
5728,5829,5832.9996966148,14502.5605366674
5729,6091,6129.38505519892,15730.8320773153
5731,5505,5524.07223586462,13530.6668557959
5739,5570,5641.61093795627,13035.9920728836
5744,5546,5654.22847574592,13807.8583989065
5750,7053,7002.93831748395,16315.428196658
5751,7414,7369.40321245675,16138.7504525529
5771,5960,6041.60242586245,14391.8861238426
5777,7643,7799.47894262898,17797.1360467283
5779,6314,6447.07528204651,14987.7669138806
5782,6499,6502.60172057248,15494.1985429044
5785,6809,6799.74717117038,14672.8522255313
5791,6094,6067.46926659755,14125.2622071305
5795,7100,7170.91620365379,17231.2206540163
5798,6782,6719.4034212701,14913.6981593059
5799,6292,6124.3719487622,14356.3674812916
5800,5997,6072.10967866439,13951.2524378041
5802,5958,5959.05336267904,13824.9232506315
5804,7013,6959.90509550985,15961.8860953474
5805,5970,6038.39960898038,13814.8381835365
5808,6455,6489.75185327101,14885.5719917589
5810,5731,5791.60240872138,13478.9497601766
5812,6063,6075.66309061256,13942.2461436413
5814,6636,6393.65555431158,15268.9060967014
5815,6612,6609.11219679681,16160.1125758652
5818,7077,7067.36520153419,16021.3063687956
5822,6677,6506.56408960305,15569.2279709748
5823,6783,6716.52564494049,16465.2637814439
5824,6284,6213.95242653694,13725.6949655326
5842,5623,5666.71997455772,13440.6033261331
5843,6732,6657.42317889897,15787.0012538485
5845,5945,5790.53307962733,13949.6041367541
5846,7512,7446.87428060881,16573.8893743873
5849,6656,6692.82705859433,15812.0922063524
5854,7734,7671.51873125597,15904.8525658306
5856,6168,6099.97457919065,14411.1435896854
5857,5883,5864.12031449261,13629.2828424443
5862,6885,6948.23533022888,15382.7661203254
5863,4953,5013.64979301454,11932.2379320324
5864,6494,6430.11304061701,14386.0135027713
5865,6774,6882.74705434879,17014.0024958706
5866,7083,6942.0667528921,16917.8129492246
5868,6245,6181.81490238551,14459.6578368804
5869,5740,5751.78159310178,14182.1186970159
5875,5936,5753.62794937496,12770.5173122949
5878,5936,5839.76623046038,13833.6881059511
5886,6593,6660.49057325352,15968.9858818451
5897,5992,5998.38216991209,14030.037510108
5900,5555,5679.54649254684,13527.1557175543
5902,5787,5777.30459545133,14252.0726141706
5913,6406,6307.80057930197,14509.3823826891
5914,6209,6193.00497051546,15274.8902001546
5920,6096,6152.36702520181,14548.1901394551
5923,6291,6319.15686339817,15582.5681232119
5927,6253,6305.74940826916,13656.2113764214
5928,6812,6912.79228180196,16754.9058086877
5931,5807,5625.0243952603,13542.7076753337
5934,6122,6205.93405754972,14523.3518973034
5936,6761,6769.13282260864,15018.8960444995
5937,5912,5979.03186271394,13854.5809245454
5951,6516,6334.75560802972,15663.6209483197
5952,6035,5947.52357413981,14262.5216431211
5956,5804,5911.44534469445,14240.4569969406
5964,6591,6557.81960812158,15964.1942561118
5966,5759,5824.76964983818,14223.9498248013
5967,6024,6071.37415348172,13674.0704826872
5968,5399,5488.87050462956,12142.0666901584
5969,7383,7395.43701372405,17001.2455241877
5971,5825,5776.27236397558,14417.6803692021
5977,6615,6608.39466707587,15960.6583867164
5978,5542,5436.83250088446,13669.4893649279
5983,6369,6365.78389759498,14414.1023942027
5985,7215,7099.83491601908,16207.0570353557
5988,6382,6450.69922513569,15045.811741556
5991,5734,5703.99727557732,12928.2904958115
5994,5485,5297.35468883116,12935.2020486357
6004,5732,5516.51073606672,13076.6611902321
6005,6858,6975.01527543618,16854.78046334
6013,5658,5657.20808973741,13460.4990503254
6019,5813,5869.26648067934,13761.6089552072
6022,6566,6728.83573355269,15193.2971581208
6025,6978,6961.88804513781,16243.3274998527
6028,6595,6674.11747157633,14951.4309878771
6030,7448,7504.8601188733,17432.2946549818
6033,5534,5430.71189213576,13082.488568444
6037,6063,6172.40603143688,14413.4915832144
6044,7149,7153.67503808138,16514.008076472
6046,6880,6846.69092081632,15520.6479235296
6050,6777,6853.11733850341,15310.4803711657
6052,6517,6531.44593776757,14707.7282554801
6053,6733,6782.95292755151,16205.0112610685
6057,6267,6207.42120091489,13609.1425116899
6059,6659,6641.31136404315,14211.7019304235
6080,6443,6486.66092006085,15403.1529482617
6082,7385,7419.05609926865,17215.6810350347
6083,6139,6107.3997384532,13775.273525342
6089,5773,5649.07808468771,13559.9956926759
6090,5930,5913.45391589472,13752.4595773002
6094,6783,6779.68375303654,15070.5085419613
6101,6296,6496.40438266039,14632.0941134205
6102,5573,5616.31257943772,13254.5084455983
6113,6207,6125.44676617745,14249.0232756857
6114,5452,5382.21786342719,13242.3628284406
6119,6237,6272.90034662367,13797.6932905219
6125,5882,5867.84964212166,13553.3682710618
6139,7531,7478.21978823777,17844.9658926111
6142,6149,6251.23017346319,15823.8263806237
6143,6564,6578.60471186073,14737.9726617789
6146,6157,6203.99635704616,14449.3386985568
6147,6627,6592.72666296678,15380.9428996398
6148,6500,6410.87392055467,14885.2079807205
6153,5836,5983.42754353601,14093.5206330342
6161,6916,6861.10659148729,15570.7199440127
6165,6735,6802.26410714629,15380.2120238673
6167,5313,5316.92941401682,13295.6692716192
6168,6068,6053.03127898879,13314.6204050527
6169,5600,5545.13685725811,14367.0275523049
6178,6741,6719.32819167766,15472.3743133236
6179,6102,6293.32947529366,14253.4487615329
6183,6115,6054.71593276577,14662.4545330813
6185,6163,6164.36235560205,14979.7547485993
6190,6882,6796.69957460413,13942.0781075496
6191,6710,6693.22580848794,15074.9997230265
6192,6757,6701.33814845733,15274.6538996888
6194,5194,5223.94825098469,13192.1912976127
6195,5736,5745.14604005277,13231.706002612
6203,6548,6590.5711933586,15880.1634681321
6205,7007,7000.79017767986,17101.2803320943
6208,6031,5977.88414906321,13840.6956047091
6217,5879,5878.67340373555,13754.2147611876
6220,6189,6076.52922097225,14330.0490208266
6221,6462,6470.69990692189,14962.7935359824
6222,5569,5584.25198873929,13913.2374674298
6234,6499,6637.96847716309,16216.0196264234
6237,5874,5882.75677428341,14388.5748129127
6244,6146,6194.08530015204,15019.9799082559
6246,6333,6361.34738824753,13987.5201467024
6247,6570,6683.97324658378,14185.9821215423
6248,6242,6339.55034653488,15030.5156831204
6259,6187,6136.44368847127,14849.0556955666
6261,5600,5709.61111438892,12477.3378823025
6267,6048,6071.87565869977,15136.0607547331
6269,6258,6098.76085102019,15340.0137993518
6270,6040,6136.0535572315,15370.2269891723
6274,6982,6987.06916727398,15217.771082359
6282,5991,6039.04107238039,14695.0682489415
6285,7167,7196.46353941949,16355.9605970955
6287,5729,5778.34521126142,13747.9368939487
6289,6340,6495.7240130109,17063.3315233779
6295,5470,5422.74519256317,12219.0889301411
6296,6128,6311.37638903855,15501.6896878722
6297,7583,7590.73893144214,17343.5507503629
6301,6280,6285.29146355001,15023.3630699676
6306,7079,6935.98291200305,14943.7589225287
6310,7340,7440.10018207401,16723.8123654152
6312,6101,6249.40780490876,14344.4472046252
6314,6986,6991.97466306175,16852.17809761
6316,6665,6666.61156654463,15430.1291862251
6319,5812,5800.22314781864,14519.2574816266
6321,6028,6031.47356308476,14963.8630662561
6322,6018,5957.67200661122,14530.366522947
6325,5623,5629.85366311483,12950.081107847
6328,6214,6133.37520320501,14554.3350699731
6331,5946,6058.04932853382,13833.4028776494
6332,6421,6452.74184144596,15131.623180237
6335,6108,6127.40823981014,14166.7801838285
6338,6976,6998.99144679738,15511.8563156164
6342,6288,6287.44700725473,14693.9466480102
6344,5852,5822.9491797599,14193.589210342
6348,5988,5911.61886552852,13623.0582641425
6352,7045,7009.54870326611,15115.2344580084
6366,5791,5760.81170970482,14178.534601094
6376,6493,6612.40899090141,14461.9378595513
6377,6141,6105.22649607441,15779.0101168936
6380,7222,7159.42172678637,15769.7888427751
6382,5670,5752.18514168442,13712.7196126385
6385,7609,7355.97731213204,16315.9125449026
6387,6703,6759.26474641777,15741.4542428472
6388,6429,6491.09711926658,15049.3180898223
6390,5407,5509.5659515153,13140.1192960565
6396,6427,6483.90895788179,15284.72572674
6408,6889,6900.36147599314,16767.9039820507
6417,6326,6295.88424151372,14493.2554467782
6422,6337,6322.43366599403,14920.7390298895
6430,7163,7051.97571956884,15789.6122231786
6435,7309,7358.23209801892,17641.6703717873
6442,5197,5308.52755293534,12933.9227693486
6454,7444,7368.17236405067,16840.8364320534
6455,6777,6740.40562586186,15565.4925300706
6458,6950,6985.28582965779,16348.5273453449
6461,6386,6423.7489730618,14491.9662908487
6463,6326,6216.20366185251,14940.8570647367
6464,5769,5709.22237847965,14578.4767629285
6469,6970,6961.94342683016,16249.4820781074
6470,6570,6472.05484958148,15193.7017561822
6486,6069,6017.1658143269,14444.5848821164
6491,5535,5483.07701375643,12605.3260920413
6499,5713,5734.2002140322,14443.3189049204
6501,5963,6057.74128555274,14603.1349510964
6505,6812,6882.63543297732,15906.2913339019
6506,6276,6219.10662965116,13895.3184884585
6507,5416,5375.70814612669,12652.1193441911
6515,6277,6092.91778258572,14537.4381067949
6520,6864,6695.36921677023,15000.1166590616
6532,6690,6393.94971810401,15345.9945156554
6544,5937,6015.019034865,14793.8194103301
6545,6381,6360.40533195485,13933.840104168
6546,5188,5340.76153365252,12923.3855857237
6547,6019,6184.8999239315,14185.1668397052
6548,7029,6968.173029151,15452.2947139837
6550,6231,6265.82291283304,13592.8993935875
6556,6931,6931.44686803003,15622.18131114
6560,7089,7206.68611279806,16521.7237813405
6566,5770,5763.96678380276,13398.901627548
6568,5661,5656.11948086498,13066.6965450481
6580,6513,6549.50072892121,15262.2619796328
6583,7084,7005.10592489592,15613.9737182542
6584,6239,6268.45833905142,14177.8496354341
6587,7283,7304.93242216263,16718.0399465146
6588,6367,6431.02214111441,14552.2865882054
6595,5975,5980.26786677054,13686.996247891
6599,6944,7040.99285972553,15825.8085219914
6602,5518,5466.5610593365,12932.1055513148
6610,5675,5726.13958771472,14440.4683720385
6616,6458,6491.34395927192,14708.8682978178
6629,6071,6189.12468199128,14989.7035659694
6630,5781,5875.77681966572,14589.4884031062
6635,6502,6500.40178733103,14563.8400294504
6642,5581,5528.62815608926,13668.9758003836
6643,5878,5980.39160277815,14681.4715406093
6644,6440,6348.63464756139,14345.8118602627
6647,6790,6682.69282043778,15549.8135755688
6649,6812,6948.91259173722,16593.099663998
6650,6209,6290.04583781477,13917.4156636527
6652,5778,5711.77541873489,13217.5901484679
6656,5868,6038.40087165677,14478.2468402394
6663,6961,6902.09235788597,15631.1699457086
6665,6630,6544.77082150684,15481.8143728698
6668,6063,6162.035026903,14167.8798844732
6672,6588,6567.32898634973,16123.0056117352
6673,7952,7887.86086285227,18589.6884909603
6674,6787,6835.55840224825,15722.8532899043
6676,5785,5844.26770685588,14007.4754669474
6681,6176,6191.63975576555,14572.9979492328
6683,5656,5649.5460478346,13413.4446375218
6685,6457,6389.84171816903,14092.6650892503
6687,6173,6151.19000243706,13928.662542688
6688,5672,5623.58636399466,14333.4669795899
6689,7364,7301.38989755298,16321.9747029104
6696,6067,6020.06264042488,14820.536469716
6697,6231,6224.58172107062,14341.4196819848
6701,6622,6656.10269791692,14781.5741355911
6702,6379,6291.15112463271,14310.8857697352
6703,6711,6773.32630720055,15692.634753801
6704,6419,6356.53136522318,14110.1360216031
6705,5339,5461.37132392331,13051.9348921661
6715,6289,6140.55815720006,14646.1587386097
6720,6619,6766.66401707161,16358.6282238513
6728,7392,7496.69050724412,17669.7743073679
6732,7354,7225.18267195245,16689.0681725387
6733,5417,5437.92649917846,13315.0147023147
6748,6657,6597.86913242088,14178.9711245157
6751,5674,5813.96199145332,13526.0736078515
6757,6801,6928.08743594792,14822.4025241337
6760,6711,6748.9145861358,16187.4098514268
6770,6832,6878.37272855587,16225.6944568454
6771,6222,6234.46156248337,14459.9493753534
6775,5608,5716.23342174725,13920.784540953
6778,6709,6814.33539674346,15282.3000032565
6779,6853,6773.97157170137,15836.3351272828
6786,6186,6189.15519402048,14402.1929551101
6788,6482,6431.52386375973,14974.333071233
6790,7085,7020.6147541803,16007.8684587733
6793,6118,6188.33388691029,14374.3809638233
6798,5975,5882.37129652116,13317.8493853819
6800,5861,5892.25017220665,13751.4606135499
6804,6298,6378.03935596503,15365.3640463472
6811,6170,6220.79530719408,13928.585283475
6816,5490,5490.90449201178,13556.1312325415
6821,8353,8304.4684445095,18653.9696182335
6823,7317,7369.87713198048,16362.9723777098
6837,6506,6638.17145582721,15171.8598578689
6840,7310,7271.20809150623,16137.5133252658
6841,6835,6822.13914389237,15715.0605484935
6842,6906,6997.34397503605,16643.1085899475
6844,5594,5484.08261863905,13553.5674733922
6853,6581,6598.83149634591,15926.8934133468
6854,6343,6309.87907335003,14526.2164752691
6855,7041,7047.36687239549,17011.5521528403
6858,6507,6482.01220359176,14238.5779802064
6862,6513,6320.30946160569,15180.4901496434
6864,5442,5376.86888210853,13695.4247446978
6877,5805,5807.16350477287,13542.1143612101
6883,6097,6117.18792114694,15098.5383882895
6887,6438,6318.46432028535,14563.3779117021
6889,5361,5298.0868640687,12718.0676697539
6892,5964,5846.95533516128,13723.1616522333
6893,4996,5148.33410379887,12857.9945120439
6894,5844,5720.03659696835,14040.5871861633
6895,6945,7111.11911238471,17752.2738316228
6897,6568,6566.68711759252,16434.1864816263
6900,5759,5835.08448903537,13928.6204342415
6902,6195,6184.65351922051,14809.7564069515
6903,5813,5814.93753483411,14200.0121448726
6906,7760,7729.65784176273,17091.1935028921
6908,6804,6836.41701480931,15813.3179585198
6913,6376,6431.29183233358,14570.6662868785
6915,5637,5700.18055621993,13379.2278389244
6916,5758,5734.75994856683,13889.2021942858
6923,6260,6339.09913427918,15724.4291916267
6924,5200,5333.97923436512,12590.3310509663
6927,7414,7346.80600900438,16827.7887630959
6930,6828,6757.57303884351,15452.8824218794
6931,6237,6164.0840489735,14336.1982703505
6933,5841,5816.09481551898,13049.4630912554
6934,5764,5642.94221301706,13132.5347684496
6938,5508,5562.37887561225,13464.4019615232
6941,6880,6841.44749693115,15156.937878362
6943,6231,6265.60866115526,15355.3664259444
6945,7088,7073.38219711008,16010.2336100001
6947,6633,6760.89996125502,15087.6049476646
6952,7771,7871.40778449112,18169.4362107986
6964,6628,6582.07809883037,14893.1890433508
6970,6012,6034.99626654183,13823.1924171589
6975,5694,5628.47754328996,14099.7218592665
6983,5713,5723.35472862033,14267.8899347173
6994,7398,7347.01559561931,17486.495328586
6998,6428,6491.74005312683,16504.6539079677
7004,6621,6608.96499760416,14667.5888244548
7005,7090,7054.74623251704,15572.6818894817
7007,5889,5858.59862407821,13668.188872735
7008,7370,7296.29295275466,16319.4097275596
7017,6136,6160.94597865426,13178.7691277046
7029,6658,6667.30652669672,15986.0152718117
7031,5221,5114.55929526269,12158.5798036107
7049,6803,6932.37548648205,15850.2739168915
7051,6956,6885.54269448805,16540.1403327622
7052,6332,6344.8778737019,14788.5575370079
7055,6064,6161.20538387072,14488.6622550329
7060,5945,5950.25480385869,13730.5419811787
7063,6588,6521.81722459818,15186.2959382375
7066,6284,6220.37976112708,14763.4658837391
7069,5317,5486.51035780726,14346.008285452
7075,7101,7147.0487056554,15588.2744521842
7077,6489,6539.37564191128,15691.6326518269
7082,6054,5989.44664248634,14592.7592679206
7084,6985,6969.1522605728,16343.2355725945
7085,7639,7488.21801675029,15567.7531387592
7090,6920,6972.20997047894,16612.8667878894
7091,5823,5890.37248941109,13923.4002378494
7098,6287,6290.76939499992,14377.2589139583
7100,6359,6382.63566688253,14469.3875560339
7102,6656,6616.95588875926,15191.3484044443
7105,5209,5130.1903082579,12207.7610161274
7110,6564,6613.55560086056,16003.7200097436
7114,6685,6647.22050889293,14956.9293911867
7115,6498,6488.4113943218,14692.6802654774
7120,5753,5845.90740097153,14387.6681193402
7122,6803,6770.55739085834,15083.810137398
7124,6749,6739.13769396867,16634.8115746288
7127,6452,6434.73197868584,13948.0894896753
7129,6912,6920.10153441661,15857.352782477
7132,6091,6096.58291130892,14671.3109415856
7139,8346,8219.90438005301,18287.7613070329
7144,5615,5715.99181707457,13847.0518237919
7151,5914,5827.63203116343,13810.2420157346
7155,5648,5788.33859704872,13967.174044521
7158,6783,6779.95987093033,15275.4113056962
7166,6554,6533.54231780762,15019.7846506872
7170,6053,6083.64175449156,14219.253422744
7175,6071,6127.40823981014,14166.7801838285
7184,6018,6155.94546534295,15485.4700305493
7185,6012,6085.85753624028,14506.5183051898
7195,6110,6184.06329841509,14545.6583884961
7196,6046,6120.47944846724,14616.6684283666
7197,6356,6277.47481427287,14764.156150346
7198,6319,6340.63071766702,13861.3427039085
7203,6775,6838.34231762879,15625.6203135409
7204,6243,6218.60320626083,14689.0969785501
7205,6775,6832.1053313168,15626.3783631475
7207,6739,6651.99535165878,15212.9447359529
7213,7254,7200.49073335447,16293.5726756895
7214,6181,6100.92827177719,14581.8145249916
7218,6729,6664.80989924899,16615.7144322286
7226,6349,6425.05419056079,14908.1133654441
7228,6697,6645.2188062638,15506.4486187097
7233,6006,5993.83729419275,14535.5092370652
7235,7152,7045.83089650034,16059.1092969129
7236,7024,6962.46977338893,15939.9764697481
7248,6240,6252.25631333443,13818.4498382806
7252,6883,6891.41960469962,16952.4317774979
7256,5809,5657.55388671146,13892.0224187592
7271,6253,6180.2165450005,14830.2522041682
7273,6930,6831.94790377476,15447.0762396673
7276,5525,5567.45064285449,13933.4137798395
7279,6187,6211.03165252778,16130.4588173043
7285,7189,7237.89092133165,16005.4977114964
7287,5694,5676.57729768555,13102.1574331037
7288,6382,6395.0957706234,15325.9167652009
7291,7601,7483.12538045036,16717.5658713572
7295,5711,5746.60360235407,13632.775050466
7296,5720,5779.495056781,13928.8354585241
7298,7414,7407.24692326981,17847.8067800913
7301,5878,5886.66919666787,14061.2399334669
7306,6083,6046.43855828792,13574.0346927712
7321,6061,6036.92613774088,15282.1496403664
7325,6435,6494.24754816685,14493.6843918782
7328,6997,6866.1443571686,16135.0562072109
7330,6613,6560.31658417203,16457.8830047978
7337,6467,6502.28821562611,14426.4006456831
7343,6664,6617.06449100455,15704.0574559674
7360,5773,5813.72871152587,13558.2419035414
7362,6563,6629.58901276676,15697.0152105043
7365,7168,7391.63349810808,17020.6756568053
7374,6903,6819.97619693469,15589.1612545906
7386,5548,5506.97897607043,13109.3866640357
7393,6827,6740.4846535492,15083.954192293
7395,7199,7287.59268243464,16337.948975427
7403,6505,6530.02956904379,14091.7535258718
7407,7176,7270.1527268782,15115.3708915907
7412,6615,6694.28928616001,15304.8361404195
7413,5966,5975.11868545769,14665.93518645
7414,5831,5665.0715933661,13207.9996507674
7415,6522,6511.54586341809,14537.8654603275
7418,5827,5745.51525755701,13826.2159192221
7419,6431,6539.27467767364,14392.9293763577
7420,7383,7371.9199267914,16337.4871549143
7425,6335,6262.07655555539,15516.0800169462
7437,5722,5772.4538034671,13494.5846002855
7442,6256,6212.44040530492,14308.8918157376
7445,5975,5977.8271374344,14203.6122613592
7447,5448,5479.8473343714,12592.9477875483
7451,5813,5759.868205402,13009.7493416841
7455,5911,5898.20168132364,15310.6295073606
7456,6191,6232.03354874557,14510.5896895221
7460,7004,7017.86167947728,15717.1744151938
7465,7433,7476.58479247714,17336.386130503
7468,5845,5898.08409704095,14119.9996603037
7469,6837,6791.21093772361,16485.450121184
7477,5447,5474.72247733956,13154.8590752628
7479,6271,6278.30699368998,14319.274879149
7481,7490,7399.24207684355,16827.9419649876
7484,7224,7178.34623758096,15765.7523712298
7486,6299,6376.32985140506,15861.2250665919
7490,5522,5576.71718360607,13454.5513678593
7496,5970,6212.44456935238,13446.4229804564
7502,5929,5937.34472179653,14410.90862973
7508,5654,5663.05136116659,13701.6106343901
7510,7632,7525.69105504726,16417.9239836196
7513,5427,5390.4985136771,13835.4913275537
7516,6068,5943.17686531241,13722.3589028112
7520,5527,5558.72414539796,13556.1469924023
7525,5880,5827.56433095204,14347.3078243808
7526,6739,6840.97514954202,15961.9523816644
7527,6102,6126.04288187418,14822.7006293757
7531,7176,7139.79090244052,15823.7316613659
7534,6251,6187.61364333968,13919.8520074374
7537,6528,6439.14218775815,14959.3835895805
7565,6515,6533.56592768324,14673.5646498476
7567,6836,6740.40562586186,15565.4925300706
7568,6336,6245.07666692758,13549.961050392
7573,5703,5683.48914241327,13839.7635899722
7574,5472,5391.6314533561,12528.7754664998
7579,6951,6829.3148302071,15828.5015156231
7581,6907,6926.04009396244,16052.5921490225
7583,6847,6849.37128800233,15601.0967496157
7592,7091,7118.92102882982,15678.8553514872
7598,7368,7271.26777911473,16209.6294723089
7608,6764,6676.12402063214,16060.4341384243
7609,5487,5546.42087118466,13495.8421067131
7610,6788,6865.21674260859,15573.7953110928
7611,6743,6731.81434287337,15494.3819871881
7622,5848,5804.26323031845,13788.7757069425
7624,7064,6883.27182122339,15825.7060696838
7635,6424,6527.05829004716,15160.0145509475
7640,6798,6815.0219989392,16167.8691137756
7642,6557,6515.6950901587,14547.4736476176
7645,7672,7612.13986323321,17925.9863967167
7646,7718,7570.591829301,15962.9344641863
7647,6791,6687.30852898144,16282.387822416
7655,6161,6120.38885896438,13999.779078446
7659,6009,6077.46736823652,15363.2309256154
7660,6225,6215.05931686555,14645.2711284396
7661,5887,5820.61070919297,12853.5312916554
7662,5579,5608.84228586474,13613.7749161538
7663,5367,5453.82699455056,13065.2380649208
7668,6201,6221.31050123995,14378.8223817483
7673,5660,5798.59245058151,14019.424657341
7677,6646,6546.79896788625,14069.8369748233
7681,6223,6276.56503249664,14583.0031144583
7683,5779,5846.23068872193,12786.9643866693
7689,7092,7094.48616569869,15621.9485568827
7694,6655,6567.14808552205,15214.8948060375
7698,6142,6098.91594586459,13569.4084963911
7701,6875,6824.35250850004,15021.4652116926
7703,5957,5855.48960266549,13808.7203842722
7704,5708,5733.24998427933,13277.2538583229
7705,6377,6364.04262374942,16480.9506303205
7709,6578,6572.65912232945,15291.9290731884
7712,5854,5821.70200159722,13440.6623256735
7716,6112,6058.11666573395,13749.757133631
7717,6045,6031.98613557331,14239.6337466716
7722,6950,6932.31110237699,15772.7206433892
7727,6362,6425.97525044858,14903.5472640526
7730,6216,6213.16949205831,14696.833611587
7740,6148,6134.11616205823,14689.775895548
7744,7117,7118.98204366139,15027.9306428431
7748,6962,7003.43479447209,15057.7956744732
7765,6270,6257.03125058337,15135.54657517
7766,7041,7034.09263556254,15555.1322541561
7773,6796,6872.22723075799,16223.775421212
7777,5663,5603.32412019608,13542.1174116765
7782,6793,6766.96091552428,15900.4428955001
7787,6521,6465.10337500537,14718.9281426478
7790,7028,7071.17760188293,16272.0403905008
7792,6040,6101.6709565785,14804.1096761141
7793,7181,7085.05693335481,17742.238337617
7794,7357,7300.92911328597,15696.3223774954
7797,5601,5546.42087118466,13495.8421067131
7801,7003,6940.58599372031,16776.9026341039
7804,6644,6569.92438282215,14758.8300693976
7810,7265,7338.06595323929,17738.5526848042
7812,5410,5377.27066855979,13213.214118229
7816,6418,6467.25335985572,16138.0515272997
7819,6557,6542.02598367598,14775.5995447823
7822,5854,5837.53169704345,14073.4468472171
7825,6529,6454.12736482971,13353.1544804559
7834,6834,6848.22092543986,16616.0188078623
7838,5399,5449.60664071616,12322.4379114783
7846,6585,6638.80783211708,16186.0228504405
7847,6442,6564.55398903373,15663.9371999289
7856,5411,5407.03894759191,12848.9913917721
7858,5830,5725.50193043561,13903.7316304221
7859,5786,5850.98107767229,14025.2387715778
7863,7125,7156.99027325922,15574.5559901591
7867,6313,6412.77110025303,16493.7145030646
7878,6504,6541.11880666691,14969.0050363368
7880,5511,5459.29052173315,12903.2607280604
7882,6233,6172.24065727333,13509.4518478987
7884,6186,6136.02789761514,14493.4798307561
7889,6873,6909.36941982292,15637.9818848623
7891,7140,7219.50100352475,15582.0335519236
7892,5824,5852.69284756583,13252.4633665293
7894,6817,6841.26752707721,15520.5381518467
7895,6345,6380.78706020543,13922.4422248998
7896,7091,7107.46729270212,16785.0587230414
7899,6170,6124.1368823222,13972.7745052813
7903,6593,6662.29156537266,15635.1039621173
7907,6551,6655.68971278184,15470.3316243695
7910,6998,6817.46143578393,15221.7366169007
7932,6102,6052.60398494991,15229.244058476
7934,6713,6724.44185950766,16227.6760364374
7941,7154,7123.08337750731,14883.5795436989
7943,6073,6011.40581298514,15150.8824864936
7946,5477,5611.28297969495,13322.8945310101
7947,5859,5829.37637037548,12897.7476844896
7956,6900,6876.55121855812,16123.5762475091
7957,7226,7226.65694139584,16059.1926538112
7959,5862,5861.19382177308,14386.5594760973
7962,6120,6095.55684890732,13940.5541614281
7972,6423,6468.98389632469,14606.5187324434
7973,5769,5858.33945889799,13928.9870831263
7976,6971,7044.85492762456,17012.5769998085
7979,6543,6470.21704793171,14411.756103448
7981,6715,6679.89903897412,14536.7527015707
7985,7414,7300.25276234024,15662.0323979716
7986,5521,5598.30149624259,14132.2520028994
7990,5998,6010.36281535791,15181.0381455835
7992,6272,6144.67543962257,14607.6991800338
7998,5158,5055.35087047449,12064.1739990898
8000,6489,6461.81279723954,14047.6543512584
