"data_type","obs_index","day_index","event_date","observed","lpd","loglik_sd","pareto_k","elpd_loo"
"trailer",1,2,"2024-12-02",1,-1.4052,0.0663,0.014,-1.4096
"trailer",2,3,"2024-12-03",2,-1.9261,0.0826,0.041,-1.9329
"trailer",3,4,"2024-12-04",5,-3.5069,0.3972,0.229,-3.6658
"trailer",4,5,"2024-12-05",3,-2.4555,0.179,0.119,-2.4877
"trailer",5,6,"2024-12-06",2,-1.8886,0.0595,0.052,-1.8921
"trailer",6,7,"2024-12-07",2,-1.8886,0.0595,0.052,-1.8921
"trailer",7,10,"2024-12-10",1,-1.4052,0.0663,0.014,-1.4096
"trailer",8,11,"2024-12-11",0,-0.925,0.1648,0.055,-0.9522
"trailer",9,12,"2024-12-12",1,-1.4052,0.0663,0.014,-1.4096
"trailer",10,13,"2024-12-13",0,-1.1594,0.1945,0.011,-1.1973
"trailer",11,14,"2024-12-14",0,-1.1594,0.1945,0.011,-1.1973
"trailer",12,15,"2024-12-15",2,-1.8886,0.0595,0.052,-1.8921
"trailer",13,18,"2024-12-18",4,-2.9838,0.2862,0.212,-3.0662
"trailer",14,20,"2024-12-20",1,-1.5024,0.1033,0.026,-1.5131
"trailer",15,21,"2024-12-21",1,-1.5024,0.1033,0.026,-1.5131
"trailer",16,22,"2024-12-22",1,-1.5024,0.1033,0.026,-1.5131
"trailer",17,23,"2024-12-23",2,-1.9261,0.0826,0.041,-1.9329
"trailer",18,24,"2024-12-24",1,-1.4052,0.0663,0.014,-1.4096
"trailer",19,26,"2024-12-26",0,-0.925,0.1648,0.055,-0.9522
"trailer",20,27,"2024-12-27",2,-1.8886,0.0595,0.052,-1.8921
"trailer",21,28,"2024-12-28",5,-3.0878,0.2735,0.133,-3.1631
"trailer",22,31,"2024-12-31",2,-2.0223,0.1597,0.276,-2.0479
"trailer",23,32,"2025-01-01",3,-2.2538,0.097,0.087,-2.2633
"trailer",24,33,"2025-01-02",0,-0.7655,0.1517,0.039,-0.7885
"trailer",25,34,"2025-01-03",0,-0.9741,0.18,-0.049,-1.0065
"trailer",26,35,"2025-01-04",0,-0.9741,0.18,-0.049,-1.0065
"trailer",27,38,"2025-01-07",0,-0.7655,0.1517,0.039,-0.7885
"trailer",28,39,"2025-01-08",4,-3.3079,0.3959,0.05,-3.466
"trailer",29,40,"2025-01-09",1,-1.3744,0.0481,0.009,-1.3768
"trailer",30,41,"2025-01-10",1,-1.4232,0.0767,-0.07,-1.4291
"trailer",31,42,"2025-01-11",1,-1.4232,0.0767,-0.07,-1.4291
"trailer",32,45,"2025-01-14",5,-3.9386,0.5335,0.093,-4.2266
"trailer",33,47,"2025-01-16",0,-0.7655,0.1517,0.039,-0.7885
"trailer",34,48,"2025-01-17",3,-2.4099,0.1718,-0.014,-2.4396
"trailer",35,49,"2025-01-18",4,-2.9063,0.2793,0.107,-2.9848
"trailer",36,52,"2025-01-21",1,-1.3744,0.0481,0.009,-1.3768
"trailer",37,53,"2025-01-22",1,-1.3744,0.0481,0.009,-1.3768
"trailer",38,54,"2025-01-23",0,-0.7655,0.1517,0.039,-0.7885
"trailer",39,55,"2025-01-24",1,-1.4232,0.0767,-0.07,-1.4291
"trailer",40,56,"2025-01-25",1,-1.4232,0.0767,-0.07,-1.4291
"trailer",41,60,"2025-01-29",3,-2.6667,0.2614,0.031,-2.7355
"trailer",42,61,"2025-01-30",0,-0.7655,0.1517,0.039,-0.7885
"trailer",43,62,"2025-01-31",0,-0.9741,0.18,-0.049,-1.0065
"trailer",44,63,"2025-02-01",0,-0.5672,0.1653,-0.019,-0.5945
"trailer",45,67,"2025-02-05",0,-0.4305,0.1338,0.015,-0.4484
"trailer",46,68,"2025-02-06",0,-0.4305,0.1338,0.015,-0.4484
"trailer",47,69,"2025-02-07",0,-0.5672,0.1653,-0.019,-0.5945
"trailer",48,70,"2025-02-08",2,-1.9911,0.1801,0.199,-2.0242
"trailer",49,73,"2025-02-11",0,-0.4305,0.1338,0.015,-0.4484
"trailer",50,74,"2025-02-12",1,-1.4908,0.1363,0.178,-1.5095
"trailer",51,76,"2025-02-14",1,-1.4109,0.0877,0.129,-1.4187
"trailer",52,77,"2025-02-15",2,-2.2613,0.3011,0.272,-2.3533
"trailer",53,81,"2025-02-19",0,-0.4305,0.1338,0.015,-0.4484
"trailer",54,82,"2025-02-20",0,-0.4305,0.1338,0.015,-0.4484
"trailer",55,83,"2025-02-21",0,-0.5672,0.1653,-0.019,-0.5945
"trailer",56,84,"2025-02-22",1,-1.4109,0.0877,0.129,-1.4187
"trailer",57,87,"2025-02-25",0,-0.4305,0.1338,0.015,-0.4484
"trailer",58,88,"2025-02-26",2,-2.5451,0.3887,0.407,-2.6982
"trailer",59,89,"2025-02-27",0,-0.4305,0.1338,0.015,-0.4484
"trailer",60,90,"2025-02-28",0,-0.5672,0.1653,-0.019,-0.5945
"trailer",61,91,"2025-03-01",2,-1.9321,0.0754,-0.074,-1.9378
"trailer",62,94,"2025-03-04",0,-0.697,0.1109,0.031,-0.7093
"trailer",63,95,"2025-03-05",0,-0.697,0.1109,0.031,-0.7093
"trailer",64,96,"2025-03-06",1,-1.3651,0.0403,0.03,-1.3667
"trailer",65,98,"2025-03-08",0,-0.8949,0.1333,0.013,-0.9127
"trailer",66,101,"2025-03-11",2,-2.0747,0.1201,0.035,-2.0892
"trailer",67,102,"2025-03-12",1,-1.3651,0.0403,0.03,-1.3667
"trailer",68,104,"2025-03-14",1,-1.3913,0.054,0.054,-1.3942
"trailer",69,105,"2025-03-15",0,-0.8949,0.1333,0.013,-0.9127
"trailer",70,108,"2025-03-18",2,-2.0747,0.1201,0.035,-2.0892
"trailer",71,109,"2025-03-19",0,-0.697,0.1109,0.031,-0.7093
"trailer",72,109,"2025-03-19",0,-0.697,0.1109,0.031,-0.7093
"trailer",73,110,"2025-03-20",0,-0.697,0.1109,0.031,-0.7093
"trailer",74,111,"2025-03-21",0,-0.8949,0.1333,0.013,-0.9127
"trailer",75,112,"2025-03-22",1,-1.3913,0.054,0.054,-1.3942
"trailer",76,112,"2025-03-22",6,-4.1363,0.4413,0.12,-4.3325
"trailer",77,113,"2025-03-23",0,-0.8949,0.1333,0.013,-0.9127
"trailer",78,115,"2025-03-25",8,-6.2803,0.8216,0.326,-6.9627
"trailer",79,117,"2025-03-27",0,-0.697,0.1109,0.031,-0.7093
"trailer",80,118,"2025-03-28",0,-0.8949,0.1333,0.013,-0.9127
"trailer",81,122,"2025-04-01",1,-1.6655,0.093,0.034,-1.6742
"trailer",82,123,"2025-04-02",1,-1.6655,0.093,0.034,-1.6742
"trailer",83,124,"2025-04-03",6,-3.0913,0.1509,0.149,-3.1141
"trailer",84,125,"2025-04-04",13,-4.4123,0.3268,0.116,-4.52
"trailer",85,125,"2025-04-04",9,-3.5414,0.1846,0.091,-3.5756
"trailer",86,126,"2025-04-05",16,-5.0594,0.4401,0.156,-5.2554
"trailer",87,131,"2025-04-10",0,-1.4468,0.1704,0.005,-1.4759
"trailer",88,132,"2025-04-11",2,-2.0593,0.0877,0.013,-2.067
"trailer",89,136,"2025-04-15",2,-1.9297,0.0623,0.117,-1.9336
"trailer",90,140,"2025-04-19",2,-2.0593,0.0877,0.013,-2.067
"trailer",91,144,"2025-04-23",10,-4.2804,0.3272,0.186,-4.388
"trailer",92,145,"2025-04-24",3,-2.2111,0.0583,-0.121,-2.2145
"trailer",93,145,"2025-04-24",3,-2.2111,0.0583,-0.121,-2.2145
"trailer",94,146,"2025-04-25",7,-3.1059,0.1211,0.033,-3.1206
"trailer",95,150,"2025-04-29",2,-1.9297,0.0623,0.117,-1.9336
"trailer",96,150,"2025-04-29",3,-2.2111,0.0583,-0.121,-2.2145
"trailer",97,151,"2025-04-30",7,-3.3888,0.1925,0.077,-3.4259
"trailer",98,152,"2025-05-01",56,-9.7994,1.1826,0.291,-11.2008
"trailer",99,152,"2025-05-01",56,-9.7994,1.1826,0.291,-11.2008
"trailer",100,153,"2025-05-02",3,-2.6479,0.1153,0.044,-2.6612
"trailer",101,153,"2025-05-02",2,-2.5735,0.1357,0.111,-2.592
"trailer",102,154,"2025-05-03",4,-2.7312,0.1015,0.048,-2.7415
"trailer",103,155,"2025-05-04",7,-3.0084,0.0761,-0.019,-3.0142
"trailer",104,155,"2025-05-04",7,-3.0084,0.0761,-0.019,-3.0142
"trailer",105,158,"2025-05-07",1,-2.2169,0.1311,0.014,-2.2341
"trailer",106,158,"2025-05-07",0,-2.1591,0.2165,0.081,-2.206
"trailer",107,158,"2025-05-07",0,-2.1591,0.2165,0.081,-2.206
"trailer",108,164,"2025-05-13",1,-2.2169,0.1311,0.014,-2.2341
"trailer",109,164,"2025-05-13",1,-2.2169,0.1311,0.014,-2.2341
"trailer",110,165,"2025-05-14",0,-2.1591,0.2165,0.081,-2.206
"trailer",111,166,"2025-05-15",11,-3.5369,0.108,-0.132,-3.5486
"trailer",112,166,"2025-05-15",9,-3.2498,0.0817,-0.079,-3.2565
"trailer",113,167,"2025-05-16",1,-2.5155,0.1722,0.204,-2.5452
"trailer",114,167,"2025-05-16",0,-2.4968,0.2625,0.131,-2.5658
"trailer",115,168,"2025-05-17",3,-2.6479,0.1153,0.044,-2.6612
"trailer",116,168,"2025-05-17",2,-2.5735,0.1357,0.111,-2.592
"trailer",117,172,"2025-05-21",2,-2.3168,0.1,-0.018,-2.3268
"trailer",118,172,"2025-05-21",2,-2.3168,0.1,-0.018,-2.3268
"trailer",119,173,"2025-05-22",13,-3.8263,0.1417,-0.156,-3.8464
"trailer",120,173,"2025-05-22",12,-3.6814,0.1242,-0.159,-3.6969
"trailer",121,174,"2025-05-23",10,-3.3053,0.0713,-0.008,-3.3104
"trailer",122,174,"2025-05-23",5,-2.8201,0.091,0.057,-2.8284
"trailer",123,175,"2025-05-24",23,-4.1935,0.1515,0.159,-4.2168
"trailer",124,175,"2025-05-24",7,-3.2784,0.189,0.124,-3.3143
"trailer",125,186,"2025-06-04",2,-2.4687,0.1422,0.108,-2.4889
"trailer",126,186,"2025-06-04",2,-2.4687,0.1422,0.108,-2.4889
"trailer",127,187,"2025-06-05",5,-2.7634,0.0959,-0.099,-2.7726
"trailer",128,187,"2025-06-05",4,-2.6582,0.1089,-0.013,-2.6701
"trailer",129,187,"2025-06-05",1,-2.3957,0.1719,0.135,-2.4253
"trailer",130,188,"2025-06-06",1,-2.7111,0.1974,0.143,-2.7502
"trailer",131,188,"2025-06-06",2,-2.7488,0.1644,0.106,-2.7759
"trailer",132,189,"2025-06-07",13,-3.5647,0.0742,0.192,-3.5702
"trailer",133,189,"2025-06-07",14,-3.6477,0.0789,0.161,-3.6539
"trailer",134,202,"2025-06-20",8,-3.1598,0.0919,-0.133,-3.1683
"trailer",135,202,"2025-06-20",8,-3.1598,0.0919,-0.133,-3.1683
"trailer",136,203,"2025-06-21",6,-3.0071,0.1101,-0.079,-3.0192
"trailer",137,203,"2025-06-21",2,-2.7488,0.1644,0.106,-2.7759
"trailer",138,214,"2025-07-02",16,-3.9278,0.1037,0.029,-3.9386
"trailer",139,217,"2025-07-05",74,-5.4563,0.1523,-0.009,-5.4796
"trailer",140,228,"2025-07-16",13,-3.8418,0.1141,0.04,-3.8548
"trailer",141,228,"2025-07-16",12,-3.8143,0.118,-0.011,-3.8282
"trailer",142,229,"2025-07-17",15,-3.8986,0.107,-0.004,-3.9101
"trailer",143,229,"2025-07-17",14,-3.8699,0.1105,0.007,-3.8821
"trailer",144,231,"2025-07-19",73,-5.4325,0.1483,-0.008,-5.4546
"trailer",145,234,"2025-07-22",54,-5.1706,0.1553,-0.055,-5.1948
"trailer",146,241,"2025-07-29",39,-4.6661,0.0876,0.015,-4.6737
"trailer",147,241,"2025-07-29",15,-3.8986,0.107,-0.004,-3.9101
"trailer",148,242,"2025-07-30",18,-3.9876,0.0975,0.033,-3.9971
"trailer",149,242,"2025-07-30",12,-3.8143,0.118,-0.011,-3.8282
"trailer",150,243,"2025-07-31",27,-4.2705,0.077,0.045,-4.2765
"trailer",151,243,"2025-07-31",13,-3.8418,0.1141,0.04,-3.8548
"trailer",152,244,"2025-08-01",67,-5.2592,0.1061,-0.009,-5.2705
"trailer",153,244,"2025-08-01",66,-5.2365,0.1036,-0.027,-5.2473
"trailer",154,245,"2025-08-02",96,-5.9225,0.198,0.149,-5.9619
"trailer",155,245,"2025-08-02",47,-4.809,0.0759,-0.172,-4.8147
"trailer",156,248,"2025-08-05",27,-4.2734,0.0761,-0.064,-4.2792
"trailer",157,249,"2025-08-06",6,-3.7114,0.1423,0.087,-3.7317
"trailer",158,249,"2025-08-06",11,-3.8188,0.1094,-0.091,-3.8308
"trailer",159,249,"2025-08-06",10,-3.7947,0.1137,-0.045,-3.8077
"trailer",160,256,"2025-08-13",4,-3.6831,0.171,0.117,-3.7124
"trailer",161,256,"2025-08-13",3,-3.6752,0.1936,0.093,-3.7128
"trailer",162,256,"2025-08-13",1,-3.687,0.2806,0.09,-3.7661
"trailer",163,257,"2025-08-14",28,-4.3041,0.0754,-0.075,-4.3098
"trailer",164,257,"2025-08-14",6,-3.7114,0.1423,0.087,-3.7317
"trailer",165,258,"2025-08-15",4,-4.0222,0.2055,0.035,-4.0646
"trailer",166,258,"2025-08-15",2,-4.0313,0.2666,0.073,-4.1027
"trailer",167,259,"2025-08-16",11,-4.0894,0.1311,-0.12,-4.1066
"trailer",168,259,"2025-08-16",7,-4.0402,0.1605,-0.027,-4.066
"trailer",169,262,"2025-08-19",69,-5.6181,0.1974,0.1,-5.6573
"trailer",170,263,"2025-08-20",52,-5.0668,0.1206,0.095,-5.0814
"trailer",171,269,"2025-08-26",14,-3.8958,0.0992,-0.144,-3.9056
"trailer",172,269,"2025-08-26",14,-3.8958,0.0992,-0.144,-3.9056
"trailer",173,271,"2025-08-28",76,-5.8453,0.233,0.088,-5.8999
"trailer",174,271,"2025-08-28",71,-5.6831,0.2074,0.102,-5.7263
"trailer",175,272,"2025-08-29",88,-5.7392,0.1697,0.117,-5.7681
"trailer",176,272,"2025-08-29",52,-4.9204,0.0791,-0.108,-4.9266
"trailer",177,273,"2025-08-30",122,-6.5168,0.2978,0.185,-6.6062
"trailer",178,275,"2025-09-01",85,-5.5066,0.1816,0.235,-5.5402
"trailer",179,275,"2025-09-01",41,-4.7665,0.1327,0.2,-4.7842
"trailer",180,277,"2025-09-03",16,-3.8254,0.0904,-0.004,-3.8336
"trailer",181,278,"2025-09-04",15,-3.786,0.0944,-0.005,-3.7949
"trailer",182,278,"2025-09-04",6,-3.4666,0.1504,-0.003,-3.4892
"trailer",183,280,"2025-09-06",68,-5.5201,0.2206,0.193,-5.5692
"trailer",184,280,"2025-09-06",37,-4.5835,0.0806,0.094,-4.59
"trailer",185,283,"2025-09-09",33,-4.533,0.109,0.161,-4.545
"trailer",186,283,"2025-09-09",30,-4.4053,0.0935,0.175,-4.4141
"trailer",187,283,"2025-09-09",28,-4.3206,0.0853,0.212,-4.3279
"trailer",188,284,"2025-09-10",25,-4.1942,0.0776,0.13,-4.2003
"trailer",189,284,"2025-09-10",21,-4.0279,0.077,-0.031,-4.0338
"trailer",190,284,"2025-09-10",20,-3.9868,0.0786,-0.058,-3.993
"trailer",191,286,"2025-09-12",24,-4.2042,0.089,-0.099,-4.2121
"trailer",192,286,"2025-09-12",14,-3.9347,0.1236,0.015,-3.95
"trailer",193,287,"2025-09-13",42,-4.7331,0.0927,0.046,-4.7417
"trailer",194,287,"2025-09-13",45,-4.8234,0.1032,0.047,-4.8341
"trailer",195,287,"2025-09-13",42,-4.7331,0.0927,0.046,-4.7417
